DATA,SPEI_1,SPEI_2,SPEI_3,SPEI_4,SPEI_5,SPEI_6,SPEI_7,SPEI_8,SPEI_9,SPEI_10,SPEI_11,SPEI_12,SPEI_13,SPEI_14,SPEI_15,SPEI_16,SPEI_17,SPEI_18,SPEI_19,SPEI_20,SPEI_21,SPEI_22,SPEI_23,SPEI_24,SPEI_25,SPEI_26,SPEI_27,SPEI_28,SPEI_29,SPEI_30,SPEI_31,SPEI_32,SPEI_33,SPEI_34,SPEI_35,SPEI_36,SPEI_37,SPEI_38,SPEI_39,SPEI_40,SPEI_41,SPEI_42,SPEI_43,SPEI_44,SPEI_45,SPEI_46,SPEI_47,SPEI_48
Jan1950,1.39734,,,,,,,,,,,,,,,,,,,,,,,,,,,,,,,,,,,,,,,,,,,,,,,
Feb1950,1.44504,1.53577,,,,,,,,,,,,,,,,,,,,,,,,,,,,,,,,,,,,,,,,,,,,,,
Mar1950,0.88225,1.20832,1.38913,,,,,,,,,,,,,,,,,,,,,,,,,,,,,,,,,,,,,,,,,,,,,
Apr1950,1.54692,1.31876,1.4546,1.56418,,,,,,,,,,,,,,,,,,,,,,,,,,,,,,,,,,,,,,,,,,,,
May1950,1.90086,1.95931,1.76937,1.83472,1.87902,,,,,,,,,,,,,,,,,,,,,,,,,,,,,,,,,,,,,,,,,,,
Jun1950,0.41947,1.25246,1.43621,1.40664,1.52388,1.61537,,,,,,,,,,,,,,,,,,,,,,,,,,,,,,,,,,,,,,,,,,
Jul1950,-0.02869,0.23557,0.81801,1.02696,1.04386,1.12204,1.19842,,,,,,,,,,,,,,,,,,,,,,,,,,,,,,,,,,,,,,,,,
Aug1950,2.17175,1.85508,1.67964,1.89312,1.95016,1.96472,1.98986,2.03267,,,,,,,,,,,,,,,,,,,,,,,,,,,,,,,,,,,,,,,,
Sep1950,0.61325,1.91336,1.64886,1.56213,1.71937,1.77217,1.77062,1.79218,1.81564,,,,,,,,,,,,,,,,,,,,,,,,,,,,,,,,,,,,,,,
Oct1950,1.57987,1.26499,1.98568,1.81177,1.72248,1.84082,1.88073,1.88514,1.90305,1.91908,,,,,,,,,,,,,,,,,,,,,,,,,,,,,,,,,,,,,,
Nov1950,1.66794,1.84432,1.42333,2.06011,1.88693,1.79376,1.89983,1.93316,1.93383,1.9486,1.9646,,,,,,,,,,,,,,,,,,,,,,,,,,,,,,,,,,,,,
Dec1950,1.09209,1.68294,1.86009,1.43994,2.06753,1.89033,1.79552,1.8993,1.93072,1.93137,1.94632,1.96234,,,,,,,,,,,,,,,,,,,,,,,,,,,,,,,,,,,,
Jan1951,0.76567,1.03785,1.53902,1.85064,1.42718,2.06731,1.8861,1.78977,1.89236,1.92298,1.92287,1.93939,1.95679,,,,,,,,,,,,,,,,,,,,,,,,,,,,,,,,,,,
Feb1951,1.17537,1.06566,1.22368,1.62391,1.87909,1.45154,2.06986,1.88725,1.78978,1.88437,1.90941,1.90697,1.92337,1.94062,,,,,,,,,,,,,,,,,,,,,,,,,,,,,,,,,,
Mar1951,0.9011,1.09844,1.08701,1.19456,1.55729,1.89677,1.45099,2.05385,1.874,1.78174,1.87,1.89563,1.89076,1.90422,1.92177,,,,,,,,,,,,,,,,,,,,,,,,,,,,,,,,,
Apr1951,0.69012,0.83685,0.99596,1.0194,1.11772,1.43648,1.83746,1.43234,2.01594,1.84051,1.75148,1.83631,1.86101,1.85272,1.86592,1.88215,,,,,,,,,,,,,,,,,,,,,,,,,,,,,,,,
May1951,1.20684,1.0885,1.08405,1.17292,1.1763,1.25768,1.49095,1.84118,1.48407,2.03877,1.86345,1.77865,1.85802,1.88053,1.87013,1.88177,1.89812,,,,,,,,,,,,,,,,,,,,,,,,,,,,,,,
Jun1951,-0.03106,0.54895,0.65809,0.7397,0.84048,0.87288,0.95816,1.17235,1.54047,1.31975,1.88773,1.74016,1.66979,1.75583,1.78445,1.77838,1.79234,1.80725,,,,,,,,,,,,,,,,,,,,,,,,,,,,,,
Jul1951,0.72278,0.47134,0.77247,0.82268,0.86978,0.93164,0.95227,1.00301,1.15412,1.45794,1.30994,1.84903,1.69878,1.6441,1.72332,1.75298,1.7478,1.75935,1.77604,,,,,,,,,,,,,,,,,,,,,,,,,,,,,
Aug1951,0.7987,0.85093,0.74947,0.9163,0.95119,0.98432,1.02567,1.03884,1.128,1.24902,1.48158,1.37037,1.83108,1.69537,1.63771,1.70975,1.73636,1.73573,1.74957,1.76648,,,,,,,,,,,,,,,,,,,,,,,,,,,,
Sep1951,0.99737,1.03154,1.05759,0.94729,1.07633,1.10225,1.11886,1.14558,1.14981,1.21452,1.29996,1.47356,1.38975,1.78139,1.68126,1.63865,1.70142,1.72212,1.71862,1.73073,1.74419,,,,,,,,,,,,,,,,,,,,,,,,,,,
Oct1951,2.24164,1.85757,1.6955,1.6604,1.5159,1.58057,1.57688,1.58319,1.59546,1.59105,1.66399,1.72028,1.80012,1.67477,1.97674,1.88686,1.83633,1.88139,1.89299,1.88817,1.89614,1.90681,,,,,,,,,,,,,,,,,,,,,,,,,,
Nov1951,1.77435,2.48271,1.96106,1.79616,1.75472,1.60712,1.66024,1.6508,1.65312,1.66255,1.65805,1.73847,1.78952,1.8588,1.72765,2.0195,1.93129,1.87948,1.92087,1.9313,1.92567,1.93353,1.9444,,,,,,,,,,,,,,,,,,,,,,,,,
Dec1951,1.66959,1.9684,2.55191,1.96968,1.82754,1.78195,1.63315,1.68225,1.67002,1.67163,1.68069,1.67612,1.75595,1.80611,1.87151,1.73953,2.02431,1.9378,1.88615,1.92706,1.93738,1.93203,1.94018,1.95059,,,,,,,,,,,,,,,,,,,,,,,,
Jan1952,1.97895,2.17529,2.18767,2.66041,2.01769,1.8882,1.83809,1.68374,1.72839,1.71375,1.71487,1.72429,1.72013,1.80075,1.8507,1.90486,1.76979,2.0457,1.96343,1.91184,1.9513,1.96064,1.95647,1.96654,1.97708,,,,,,,,,,,,,,,,,,,,,,,
Feb1952,1.59581,1.93143,2.07937,2.29878,2.70766,2.02745,1.91853,1.86059,1.70689,1.74524,1.72757,1.72659,1.7358,1.73225,1.80936,1.85547,1.90534,1.77648,2.04093,1.96637,1.91887,1.95684,1.96625,1.96256,1.97255,1.98298,,,,,,,,,,,,,,,,,,,,,,
Mar1952,0.67025,1.13733,1.55698,1.70672,2.05143,2.78422,2.01003,1.89112,1.83361,1.68751,1.72145,1.70507,1.7028,1.71055,1.70809,1.78271,1.83067,1.88202,1.76055,2.02107,1.94931,1.90303,1.94354,1.95582,1.95246,1.96189,1.9717,,,,,,,,,,,,,,,,,,,,,
Apr1952,0.62295,0.68518,0.98974,1.3179,1.46649,1.80618,2.70588,1.98404,1.85318,1.797,1.65655,1.68897,1.67325,1.66891,1.67692,1.6743,1.74307,1.79009,1.84642,1.73623,1.98998,1.92295,1.87936,1.92157,1.93615,1.93424,1.94428,1.95405,,,,,,,,,,,,,,,,,,,,
May1952,2.17696,1.74047,1.51851,1.64228,1.82446,1.92024,2.13543,2.84711,2.13371,1.97948,1.91588,1.77469,1.79773,1.77771,1.77005,1.77524,1.77269,1.84461,1.88895,1.9305,1.81545,2.05079,1.98448,1.94082,1.98197,1.99474,1.9927,2.00237,2.01211,,,,,,,,,,,,,,,,,,,
Jun1952,0.07794,1.17087,1.12104,1.08109,1.22876,1.42081,1.51365,1.72802,2.40981,1.93716,1.84405,1.80416,1.67801,1.70819,1.69433,1.69077,1.69805,1.69476,1.75137,1.79509,1.84871,1.74961,1.99828,1.93201,1.89108,1.93378,1.94525,1.94362,1.95263,1.96285,,,,,,,,,,,,,,,,,,
Jul1952,0.84111,0.60597,1.21808,1.18436,1.15048,1.23708,1.37008,1.43571,1.58723,2.16068,1.88337,1.82449,1.77325,1.66658,1.69284,1.68166,1.67839,1.68343,1.68241,1.73678,1.77927,1.82934,1.7415,1.98284,1.91433,1.88269,1.92071,1.93089,1.92779,1.93569,1.94577,,,,,,,,,,,,,,,,,
Aug1952,-0.42405,0.03687,0.09103,0.52985,0.58737,0.62027,0.70984,0.81885,0.93473,1.07895,1.64861,1.59268,1.54955,1.51868,1.43028,1.46688,1.46351,1.4665,1.47758,1.4795,1.53033,1.57374,1.63998,1.58331,1.82308,1.75718,1.73523,1.77482,1.78731,1.78255,1.78931,1.79832,,,,,,,,,,,,,,,,
Sep1952,2.3785,1.50777,1.48579,1.35505,1.57261,1.56446,1.54982,1.58361,1.63969,1.72447,1.80149,2.08831,1.97323,1.91295,1.88088,1.79391,1.81059,1.79658,1.79311,1.79821,1.79716,1.8426,1.87504,1.90149,1.83658,1.99815,1.93883,1.91282,1.9423,1.95092,1.94777,1.95279,1.9602,,,,,,,,,,,,,,,
Oct1952,1.80273,2.32851,1.77954,1.76441,1.6289,1.7862,1.76989,1.76144,1.78739,1.83017,1.92422,1.97993,2.18419,2.05928,1.99747,1.96911,1.88441,1.89365,1.8775,1.87324,1.87607,1.87436,1.94215,1.97085,1.98564,1.91844,2.05497,1.99316,1.96605,1.994,2.00208,1.99935,2.0038,2.01023,,,,,,,,,,,,,,
Nov1952,0.2596,1.73608,2.28289,1.73854,1.72163,1.59198,1.74698,1.72963,1.71784,1.74265,1.78643,1.88698,1.94169,2.15732,2.03905,1.97945,1.95342,1.8703,1.87862,1.86277,1.85793,1.86123,1.85992,1.93379,1.96316,1.97877,1.91271,2.05165,1.99011,1.964,1.9912,1.99885,1.99594,2.0001,2.00649,,,,,,,,,,,,,
Dec1952,0.86071,0.49761,1.72991,2.25014,1.73966,1.71995,1.59069,1.74153,1.72272,1.71073,1.73552,1.779,1.8781,1.93306,2.14914,2.03223,1.97103,1.94619,1.86417,1.87287,1.85743,1.85283,1.85652,1.85493,1.93,1.95895,1.97445,1.90982,2.04707,1.98627,1.96092,1.98813,1.9953,1.99226,1.99633,2.00275,,,,,,,,,,,,
Jan1953,-0.97904,-0.15545,-0.01081,1.47619,2.15324,1.6393,1.62339,1.49984,1.6584,1.64208,1.63032,1.65786,1.7038,1.8009,1.86002,2.08688,1.98274,1.92334,1.90353,1.8244,1.8343,1.81938,1.81582,1.82149,1.82011,1.9004,1.93082,1.94996,1.88555,2.0222,1.96049,1.93484,1.96265,1.97012,1.96851,1.9738,1.98058,,,,,,,,,,,
Feb1953,0.94094,-0.00814,0.32909,0.27917,1.49893,2.12642,1.6498,1.62632,1.50455,1.65285,1.635,1.62216,1.64879,1.6928,1.78496,1.84051,2.05898,1.9637,1.90934,1.89446,1.8204,1.83003,1.81583,1.81258,1.8183,1.81704,1.89791,1.92823,1.94809,1.88527,2.0199,1.95929,1.93441,1.96188,1.96931,1.96794,1.97327,1.98031,,,,,,,,,,
Mar1953,0.98981,1.04764,0.45833,0.61875,0.52624,1.53183,2.13519,1.65335,1.62824,1.51077,1.64924,1.63168,1.61814,1.64283,1.68609,1.77559,1.83217,2.04626,1.95595,1.90153,1.88831,1.81562,1.82721,1.81522,1.81222,1.81749,1.81585,1.8952,1.92531,1.94559,1.88362,2.018,1.95766,1.93408,1.96156,1.96965,1.96825,1.97392,1.98096,,,,,,,,,
Apr1953,1.98391,1.63775,1.55391,1.05237,1.10858,0.9778,1.7376,2.2162,1.72595,1.69542,1.57563,1.70035,1.68033,1.6643,1.68665,1.72627,1.81062,1.86401,2.06385,1.97606,1.9193,1.90823,1.83755,1.84995,1.83985,1.83818,1.84373,1.84213,1.91869,1.9468,1.9639,1.90461,2.02992,1.97213,1.94927,1.97631,1.98363,1.98229,1.98778,1.99464,,,,,,,,
May1953,1.0996,1.62413,1.53016,1.51818,1.15904,1.21235,1.09656,1.72973,2.23776,1.74686,1.71384,1.59936,1.71759,1.69703,1.67991,1.70078,1.73976,1.82487,1.8773,2.07183,1.98881,1.93072,1.91923,1.85077,1.86379,1.85307,1.85108,1.85656,1.85519,1.9415,1.9701,1.9855,1.92606,2.04947,1.99021,1.96851,1.99533,2.00233,2.00107,2.00628,2.01339,,,,,,,
Jun1953,1.16115,1.4207,1.67659,1.64929,1.68979,1.42858,1.44244,1.33722,1.79882,2.19326,1.77732,1.75712,1.64644,1.75788,1.73872,1.72369,1.74345,1.77854,1.84914,1.89815,2.08165,2.00221,1.95326,1.94038,1.87278,1.88616,1.87378,1.87236,1.87698,1.8761,1.95299,1.98074,1.99289,1.9308,2.04625,1.98483,1.96554,1.99211,1.99872,1.99689,2.00159,2.00799,,,,,,
Jul1953,2.16731,1.94424,2.0612,2.12046,2.05337,2.04669,1.89487,1.88271,1.79582,2.06143,2.32604,1.97253,1.92847,1.82363,1.91327,1.89295,1.87716,1.89031,1.9233,1.99197,2.03682,2.1859,2.10447,2.04555,2.02614,1.96636,1.97375,1.95973,1.95712,1.96023,1.95953,2.03485,2.06109,2.06187,1.99634,2.08964,2.02741,2.00757,2.03116,2.03728,2.03607,2.03996,2.04525,,,,,
Aug1953,0.14232,1.04444,1.24214,1.35817,1.50088,1.52227,1.52803,1.42092,1.5082,1.46094,1.73993,2.15805,1.80094,1.76659,1.67258,1.76178,1.74767,1.73891,1.75658,1.78967,1.8521,1.89727,2.04404,1.99525,1.93987,1.91764,1.86901,1.87839,1.86739,1.86269,1.86434,1.86302,1.9142,1.93873,1.95495,1.89837,1.99103,1.93353,1.91483,1.93963,1.94705,1.94531,1.94986,1.955,,,,
Sep1953,-0.12088,-0.0346,0.76057,0.97183,1.08389,1.2276,1.24528,1.25531,1.16346,1.21852,1.18116,1.44317,1.86147,1.599,1.59175,1.52539,1.61203,1.60049,1.59093,1.60847,1.63771,1.69331,1.7331,1.88732,1.86252,1.81288,1.79844,1.75392,1.76402,1.75531,1.75282,1.75568,1.75493,1.8295,1.85369,1.8754,1.83053,1.9301,1.87794,1.86075,1.88485,1.89143,1.89,1.89425,1.89921,,,
Oct1953,1.43573,0.8064,0.53665,1.05244,1.18967,1.26725,1.37771,1.39333,1.39926,1.31705,1.37897,1.34074,1.54646,1.89611,1.6586,1.65238,1.58813,1.6622,1.64892,1.6389,1.65354,1.67923,1.75274,1.7886,1.92706,1.90018,1.84669,1.82775,1.78383,1.79388,1.78569,1.78342,1.78595,1.7849,1.86862,1.89118,1.91034,1.8648,1.95713,1.90583,1.88894,1.91307,1.91978,1.91909,1.9234,1.92813,,
Nov1953,0.3142,1.36277,0.7871,0.52657,1.0246,1.16025,1.23512,1.34349,1.35729,1.36337,1.28384,1.34955,1.31169,1.52016,1.8765,1.6418,1.63773,1.57489,1.64811,1.63499,1.62471,1.63972,1.66583,1.74444,1.78093,1.921,1.89556,1.84246,1.82421,1.78098,1.79031,1.78176,1.77939,1.78175,1.78067,1.86338,1.8864,1.90628,1.86039,1.95392,1.90243,1.88546,1.91015,1.91678,1.91592,1.92002,1.92479,
Dec1953,0.16891,0.25249,1.27624,0.7792,0.52316,1.00748,1.13991,1.21144,1.31627,1.32942,1.33599,1.25811,1.32273,1.28639,1.49517,1.85427,1.62186,1.61913,1.55766,1.63098,1.61845,1.60841,1.62373,1.64958,1.72879,1.765,1.90588,1.8825,1.83002,1.81244,1.77005,1.77955,1.77072,1.76826,1.77061,1.76961,1.85147,1.87488,1.89647,1.8509,1.94638,1.89543,1.87912,1.90379,1.91057,1.90925,1.91379,1.91862
Jan1954,1.06597,0.72046,0.53739,1.33564,0.82493,0.56631,1.02589,1.15188,1.22217,1.32491,1.33791,1.34476,1.26774,1.33173,1.29573,1.50044,1.85784,1.62475,1.62457,1.56365,1.63609,1.6232,1.61352,1.62976,1.65577,1.74035,1.77752,1.91892,1.89374,1.83522,1.81671,1.77401,1.7834,1.77459,1.77296,1.77587,1.77507,1.85421,1.87846,1.89919,1.85253,1.94443,1.89441,1.87868,1.90272,1.90902,1.90734,1.91122
Feb1954,3.35126,2.23617,1.83509,1.38252,1.66448,1.07156,0.79365,1.18595,1.28463,1.34121,1.42939,1.43781,1.44266,1.37002,1.43306,1.39619,1.57486,1.90051,1.67631,1.67708,1.61749,1.68494,1.67136,1.66174,1.67719,1.70213,1.78829,1.82457,1.95797,1.93058,1.86821,1.84901,1.80669,1.81526,1.80627,1.80483,1.80755,1.80694,1.88657,1.91086,1.929,1.88093,1.96736,1.91692,1.90073,1.92381,1.92986,1.92821
Mar1954,0.99232,2.13174,1.94732,1.66467,1.38925,1.69483,1.10163,0.85433,1.211,1.30067,1.34988,1.43302,1.44063,1.44512,1.37646,1.43734,1.40277,1.57358,1.89392,1.67412,1.67597,1.61744,1.68462,1.67254,1.66315,1.67811,1.70246,1.78709,1.82296,1.95546,1.92863,1.86693,1.84787,1.80679,1.81525,1.80673,1.8053,1.80826,1.80759,1.88739,1.91193,1.93035,1.88325,1.96985,1.91944,1.90277,1.92503,1.93053
Apr1954,0.50797,0.77797,1.51934,1.53534,1.39665,1.24696,1.61013,1.07619,0.85712,1.19294,1.27821,1.32484,1.40472,1.41155,1.41675,1.35139,1.40812,1.37648,1.54392,1.86094,1.64976,1.6537,1.59827,1.66502,1.65481,1.64667,1.66184,1.68588,1.7667,1.80094,1.9324,1.91052,1.84898,1.83205,1.79233,1.80106,1.79239,1.79098,1.79397,1.7933,1.87507,1.89926,1.91919,1.87414,1.96187,1.91103,1.89474,1.91695
May1954,-0.27977,0.07069,0.36164,0.91551,0.99785,0.96873,0.8898,1.31586,0.93966,0.76091,1.09635,1.18999,1.2395,1.3223,1.33141,1.33834,1.27608,1.33261,1.30358,1.47804,1.8066,1.6018,1.60681,1.55463,1.62279,1.6129,1.6047,1.62021,1.64454,1.73189,1.76698,1.90296,1.88458,1.82634,1.80948,1.77106,1.77997,1.77126,1.76993,1.7729,1.77244,1.8563,1.88092,1.90258,1.85905,1.9526,1.89991,1.88296
Jun1954,0.20505,-0.0386,0.15326,0.34802,0.75676,0.83398,0.8228,0.76873,1.15651,0.86913,0.71666,1.03523,1.1321,1.18258,1.2653,1.27721,1.28525,1.22568,1.2739,1.24719,1.42081,1.75023,1.56199,1.56778,1.51847,1.58698,1.57645,1.56882,1.58388,1.60829,1.68643,1.72096,1.85618,1.83774,1.78462,1.76652,1.73101,1.74062,1.7325,1.73085,1.73364,1.73299,1.81428,1.83798,1.86091,1.81887,1.91599,1.86476
Jul1954,1.67761,1.21092,0.98102,0.96135,1.00285,1.25291,1.29396,1.25455,1.19095,1.42347,1.11573,0.94899,1.21281,1.28907,1.32607,1.39501,1.40159,1.40512,1.35007,1.39735,1.37174,1.51755,1.81818,1.63317,1.63431,1.58996,1.65115,1.63947,1.63141,1.64477,1.66787,1.744,1.77656,1.89722,1.87522,1.8161,1.79587,1.76123,1.76924,1.76129,1.75967,1.7618,1.76068,1.84919,1.87162,1.89074,1.84809,1.93549
Aug1954,1.68558,1.91551,1.68443,1.59597,1.56896,1.58971,1.72968,1.75338,1.81756,1.7734,1.86115,1.53104,1.33932,1.53027,1.56482,1.58826,1.63832,1.64251,1.64442,1.5971,1.64309,1.62026,1.71831,1.96637,1.77981,1.77092,1.73018,1.78167,1.76991,1.76025,1.76968,1.78893,1.84649,1.8752,1.97794,1.94877,1.88049,1.85661,1.82342,1.83164,1.82488,1.82311,1.82518,1.82403,1.8992,1.91831,1.93491,1.89435
Sep1954,0.0412,1.28162,1.52594,1.41436,1.32927,1.32366,1.33781,1.4573,1.47048,1.49612,1.45844,1.5675,1.35123,1.21596,1.40068,1.44574,1.47097,1.51768,1.52021,1.52315,1.47963,1.52161,1.50061,1.60405,1.84812,1.6761,1.67287,1.63551,1.68464,1.6751,1.66791,1.67782,1.69616,1.77565,1.80376,1.90667,1.88774,1.83092,1.81088,1.77955,1.78754,1.78039,1.77889,1.78075,1.77961,1.84402,1.86212,1.88082
Oct1954,-0.40206,-0.18657,0.97108,1.2426,1.16928,1.09307,1.09796,1.12332,1.24329,1.25877,1.29209,1.25925,1.38515,1.2057,1.09551,1.28118,1.33123,1.35755,1.40409,1.4073,1.41099,1.36962,1.42587,1.40574,1.51491,1.76008,1.6009,1.59705,1.56137,1.61131,1.60315,1.59678,1.60706,1.62502,1.70973,1.7368,1.84342,1.82879,1.78129,1.76356,1.73364,1.74259,1.73614,1.73502,1.73724,1.7363,1.80464,1.82236
Nov1954,1.10396,0.05346,0.0723,1.03407,1.28413,1.20788,1.12993,1.13111,1.15254,1.26713,1.28195,1.32024,1.28646,1.40619,1.22802,1.12003,1.30189,1.35019,1.37432,1.41939,1.4221,1.42565,1.3849,1.44513,1.42524,1.5318,1.77598,1.61533,1.61144,1.57609,1.62511,1.61656,1.61006,1.62006,1.63792,1.72225,1.74961,1.85552,1.83966,1.79095,1.77276,1.74266,1.75188,1.74529,1.74412,1.74612,1.74514,1.81302
Dec1954,0.25778,0.86522,0.12097,0.13826,1.01784,1.26495,1.1908,1.11289,1.11199,1.13218,1.24499,1.25994,1.29766,1.26525,1.38542,1.21271,1.10921,1.28916,1.33724,1.36141,1.40638,1.40911,1.41286,1.37246,1.43303,1.41328,1.51981,1.76466,1.60526,1.6018,1.56713,1.61606,1.60728,1.60073,1.6107,1.62855,1.71209,1.73973,1.84687,1.83125,1.78407,1.76635,1.73675,1.74592,1.73943,1.73796,1.74028,1.73937
Jan1955,0.34392,0.3412,0.75809,0.15788,0.1575,0.99438,1.23836,1.16532,1.08964,1.08992,1.11096,1.22381,1.23916,1.27594,1.24444,1.36604,1.19504,1.09528,1.27694,1.326,1.34986,1.39508,1.39795,1.40213,1.36146,1.42534,1.40572,1.51434,1.76277,1.59975,1.59647,1.56198,1.61073,1.60199,1.59584,1.60612,1.6242,1.70524,1.7336,1.84052,1.82432,1.77615,1.75894,1.72978,1.7387,1.73203,1.73038,1.73236
Feb1955,0.50021,0.48202,0.49573,0.77708,0.24658,0.23275,1.00843,1.2357,1.16456,1.09099,1.09164,1.11087,1.21853,1.23326,1.26901,1.23834,1.35568,1.19321,1.09891,1.27584,1.3242,1.34725,1.39126,1.394,1.39819,1.3583,1.42246,1.40347,1.51072,1.75643,1.59617,1.59312,1.55912,1.60724,1.59859,1.5926,1.60279,1.62095,1.70143,1.72989,1.83611,1.82024,1.77279,1.75543,1.72636,1.73484,1.7282,1.72652
Mar1955,1.24218,0.99484,0.87231,0.82255,0.98534,0.46449,0.39602,1.07172,1.27494,1.20251,1.12766,1.12496,1.14252,1.24478,1.2592,1.29406,1.2646,1.37307,1.21623,1.12479,1.2948,1.34029,1.36209,1.40466,1.40706,1.41098,1.37189,1.43522,1.4165,1.51998,1.76184,1.60243,1.59908,1.56595,1.61324,1.60479,1.59884,1.60906,1.62696,1.70763,1.73621,1.8419,1.8266,1.77832,1.76085,1.73141,1.73924,1.73225
Apr1955,0.85871,1.09577,1.00664,0.93259,0.89817,1.02941,0.56439,0.4713,1.09297,1.28131,1.21015,1.13757,1.13389,1.15036,1.24749,1.26099,1.29369,1.26646,1.36977,1.22234,1.13471,1.29857,1.34281,1.36357,1.40525,1.4082,1.41214,1.37404,1.43524,1.4165,1.51658,1.75555,1.59713,1.59453,1.5625,1.60918,1.60067,1.59484,1.60495,1.62257,1.70504,1.73319,1.83871,1.82471,1.77692,1.75895,1.72988,1.73761
May1955,0.77515,0.8914,1.03896,0.99653,0.94771,0.9367,1.03724,0.64297,0.5333,1.10769,1.28605,1.2188,1.14796,1.14421,1.16008,1.25352,1.26731,1.30166,1.27581,1.37577,1.23303,1.14812,1.30744,1.35042,1.37066,1.41137,1.41399,1.41797,1.38052,1.44737,1.42908,1.52703,1.76543,1.60587,1.60256,1.57124,1.61749,1.60875,1.60302,1.61298,1.63071,1.71583,1.74429,1.84993,1.83611,1.78839,1.76874,1.7388
Jun1955,1.58936,1.66089,1.57757,1.60765,1.58099,1.52296,1.46099,1.51362,1.05531,0.84206,1.28765,1.43937,1.36706,1.29668,1.28778,1.29907,1.38316,1.39398,1.42229,1.39635,1.47641,1.33217,1.2468,1.39453,1.43182,1.45017,1.48619,1.48814,1.49104,1.45521,1.51781,1.50027,1.58712,1.80671,1.64744,1.64052,1.6107,1.65448,1.64568,1.63975,1.64877,1.6653,1.75018,1.77738,1.87558,1.85828,1.81115,1.79041
Jul1955,2.87495,2.52352,2.57163,2.39848,2.34927,2.30192,2.27928,2.20953,2.228,1.75231,1.3898,1.69058,1.78499,1.70189,1.62628,1.60771,1.60963,1.67612,1.68388,1.71474,1.68875,1.72674,1.57019,1.47188,1.59665,1.62686,1.63796,1.66693,1.66716,1.66816,1.63499,1.69911,1.68251,1.7465,1.93592,1.76921,1.75647,1.72643,1.76441,1.75513,1.74937,1.75675,1.77119,1.86553,1.89095,1.9749,1.95137,1.89505
Aug1955,0.85751,1.81475,1.92435,1.97924,1.97061,2.0135,1.98362,1.96738,2.0511,2.08313,1.73749,1.4598,1.70558,1.78414,1.70037,1.63695,1.62079,1.62525,1.6869,1.69545,1.72575,1.7049,1.73321,1.59617,1.49918,1.6079,1.63681,1.64734,1.67405,1.67252,1.67219,1.64151,1.6885,1.67415,1.7368,1.90633,1.75222,1.73828,1.71011,1.74621,1.73848,1.73287,1.74003,1.75335,1.83161,1.85372,1.93399,1.91517
Sep1955,0.729,0.92357,1.65615,1.80315,1.81836,1.81612,1.83615,1.81448,1.79226,1.82744,1.84214,1.60482,1.40827,1.63296,1.7157,1.654,1.59915,1.58338,1.58502,1.63981,1.64623,1.67366,1.65432,1.68698,1.57047,1.47677,1.57744,1.60271,1.61269,1.63762,1.63756,1.63788,1.61001,1.67804,1.66544,1.72515,1.88936,1.74598,1.73391,1.70696,1.74118,1.73298,1.7278,1.73439,1.74696,1.81546,1.83628,1.91324
Oct1955,0.13474,0.58671,0.79093,1.46309,1.62985,1.64507,1.65028,1.67526,1.65705,1.63503,1.67887,1.68941,1.48191,1.31451,1.53824,1.62369,1.57012,1.51917,1.50507,1.50676,1.55868,1.56452,1.60979,1.59101,1.62869,1.52087,1.43523,1.53111,1.55528,1.56642,1.59129,1.59173,1.59245,1.56556,1.63929,1.62668,1.68808,1.85091,1.71603,1.70547,1.67969,1.71426,1.70673,1.70201,1.70882,1.72136,1.79397,1.81431
Nov1955,-0.12129,0.00507,0.50638,0.72205,1.39277,1.56804,1.58242,1.58792,1.61038,1.59213,1.5719,1.62074,1.63139,1.43377,1.27519,1.50543,1.59395,1.54245,1.49093,1.47723,1.47906,1.53161,1.53792,1.58728,1.56882,1.60846,1.50199,1.41821,1.51587,1.54131,1.55221,1.57727,1.57776,1.57847,1.55148,1.62405,1.61171,1.67451,1.83894,1.70474,1.69449,1.66874,1.70386,1.69625,1.69143,1.69815,1.71079,1.78259
Dec1955,0.79135,0.22945,0.18131,0.58459,0.7523,1.39694,1.56476,1.57758,1.58092,1.60247,1.58473,1.56495,1.61315,1.62418,1.42971,1.2743,1.50159,1.58946,1.5386,1.4878,1.47435,1.47609,1.52826,1.53439,1.58459,1.56616,1.60534,1.50078,1.41758,1.51431,1.5398,1.5506,1.57513,1.57549,1.57615,1.54938,1.62144,1.60953,1.67277,1.83633,1.7032,1.69316,1.66782,1.70284,1.69532,1.69025,1.69723,1.70992
Jan1956,0.39491,0.65679,0.28909,0.22171,0.57675,0.73795,1.37274,1.54185,1.55527,1.55913,1.58091,1.56455,1.54567,1.59298,1.6055,1.41198,1.25826,1.4881,1.57883,1.52914,1.47788,1.46443,1.4664,1.51956,1.52582,1.58001,1.56182,1.60204,1.49709,1.41243,1.50983,1.53548,1.54616,1.57063,1.57132,1.57221,1.54555,1.61541,1.60412,1.66725,1.82999,1.69633,1.6866,1.66153,1.6963,1.68865,1.68345,1.69013
Feb1956,1.53407,1.06602,1.12653,0.6985,0.47874,0.71452,0.83745,1.41916,1.57069,1.57964,1.58005,1.59855,1.58333,1.56562,1.61169,1.62228,1.43604,1.28657,1.50561,1.59441,1.5468,1.49626,1.48255,1.48418,1.53587,1.54187,1.59733,1.57981,1.61793,1.51424,1.42929,1.52423,1.54901,1.55911,1.58298,1.58368,1.58447,1.55834,1.62819,1.61743,1.6789,1.83875,1.70544,1.69508,1.67004,1.70396,1.69629,1.69111
Mar1956,1.89638,1.86046,1.52067,1.48263,1.10381,0.76946,0.87242,0.96452,1.48593,1.62174,1.62328,1.62115,1.63716,1.62108,1.60468,1.65065,1.6618,1.47639,1.32923,1.53586,1.62148,1.57364,1.52458,1.5111,1.51237,1.56249,1.56809,1.62332,1.60608,1.64073,1.53783,1.4512,1.54338,1.56784,1.57725,1.60075,1.60138,1.60219,1.57618,1.64656,1.6362,1.6962,1.85473,1.71989,1.70904,1.68362,1.71674,1.70872
Apr1956,1.64001,1.8641,1.907,1.69459,1.64976,1.35741,0.98736,0.9949,1.06416,1.5381,1.65786,1.65564,1.65096,1.66311,1.64756,1.63138,1.67467,1.68552,1.50744,1.36557,1.55869,1.64126,1.5947,1.5476,1.53498,1.53679,1.58548,1.59085,1.64434,1.62683,1.65799,1.55799,1.46922,1.55874,1.58277,1.59176,1.6144,1.615,1.61573,1.59014,1.66287,1.65264,1.71135,1.86768,1.7327,1.72089,1.69568,1.72827
May1956,0.9613,1.37818,1.59478,1.69756,1.57647,1.58288,1.35062,1.04865,1.04036,1.10153,1.54979,1.66752,1.66339,1.65819,1.66868,1.6531,1.63823,1.68329,1.69444,1.52139,1.38345,1.57105,1.65136,1.60605,1.55999,1.54713,1.54857,1.59648,1.60184,1.66291,1.64593,1.67516,1.57524,1.48463,1.57283,1.59733,1.60578,1.62812,1.62879,1.62933,1.60381,1.67925,1.66917,1.72717,1.88425,1.74819,1.73466,1.70862
Jun1956,1.07327,1.28276,1.48375,1.63912,1.76743,1.70951,1.69064,1.50662,1.19827,1.13627,1.17751,1.59021,1.69755,1.695,1.69055,1.70187,1.68704,1.67116,1.70517,1.71533,1.54916,1.41599,1.5983,1.6747,1.62992,1.58595,1.57172,1.57316,1.6189,1.62436,1.67889,1.66278,1.68833,1.58786,1.498,1.58035,1.60436,1.61265,1.63403,1.63433,1.63455,1.60974,1.68443,1.67479,1.72974,1.8784,1.74892,1.73488
Jul1956,0.69776,1.06988,1.21473,1.36661,1.46988,1.53418,1.51011,1.50968,1.38608,1.18061,1.14318,1.1844,1.55799,1.66688,1.66343,1.66152,1.67258,1.65706,1.64422,1.67719,1.68816,1.53087,1.40787,1.58488,1.65655,1.61939,1.57489,1.56079,1.56184,1.60549,1.6111,1.66324,1.64809,1.67198,1.57613,1.48965,1.56773,1.59027,1.59772,1.61811,1.61827,1.61823,1.59429,1.674,1.6647,1.71752,1.8608,1.73609
Aug1956,0.2568,0.44151,0.75442,0.87612,1.02991,1.14712,1.20535,1.19188,1.26809,1.18904,1.05595,1.05884,1.10854,1.45393,1.55192,1.55602,1.55775,1.57214,1.56268,1.55309,1.58476,1.59757,1.46017,1.35686,1.52362,1.58864,1.55822,1.51865,1.50681,1.50699,1.54711,1.55211,1.58828,1.57508,1.60627,1.52044,1.44365,1.51596,1.53728,1.5456,1.56523,1.56518,1.56559,1.54359,1.60979,1.60066,1.65382,1.79107
Sep1956,0.99097,0.67169,0.76107,0.94836,1.04351,1.16011,1.2419,1.28296,1.26634,1.31828,1.25278,1.14514,1.13509,1.17709,1.474,1.56287,1.56579,1.56478,1.57473,1.56612,1.55644,1.58574,1.59571,1.47588,1.38404,1.52596,1.58537,1.55598,1.5201,1.50941,1.51042,1.5471,1.55172,1.60864,1.59706,1.62517,1.54622,1.47254,1.54073,1.56026,1.56775,1.58529,1.58516,1.5852,1.56409,1.62314,1.61455,1.6644
Oct1956,0.28104,0.84132,0.62313,0.6903,0.86062,0.9467,1.0566,1.13998,1.18103,1.16748,1.22585,1.16679,1.0781,1.07673,1.1256,1.40933,1.49629,1.4994,1.49887,1.5082,1.50029,1.49096,1.53684,1.54605,1.43592,1.35095,1.49116,1.54667,1.51804,1.48472,1.47498,1.47643,1.51213,1.51663,1.57945,1.56789,1.59759,1.52247,1.45356,1.52134,1.541,1.54894,1.56666,1.56686,1.56718,1.54655,1.60919,1.60058
Nov1956,0.44597,0.33032,0.84102,0.62458,0.6877,0.84992,0.93196,1.03805,1.11823,1.15873,1.14626,1.20774,1.14952,1.06424,1.06574,1.11761,1.40027,1.48773,1.48983,1.48923,1.4984,1.49076,1.4818,1.53182,1.54139,1.43113,1.34686,1.4881,1.54434,1.5163,1.48237,1.4725,1.47395,1.50964,1.51417,1.5762,1.56495,1.59497,1.51968,1.45094,1.51875,1.53847,1.54663,1.56433,1.56451,1.56471,1.54406,1.60609
Dec1956,1.3874,0.811,0.54503,0.93134,0.69573,0.74959,0.89745,0.97033,1.06748,1.1424,1.18088,1.16828,1.22931,1.17205,1.08564,1.08451,1.13469,1.41074,1.49575,1.49749,1.49669,1.50552,1.49802,1.48901,1.54003,1.54928,1.43931,1.35629,1.4946,1.54993,1.52224,1.4885,1.47828,1.47951,1.51474,1.51923,1.58106,1.57022,1.60027,1.52488,1.45611,1.52327,1.54304,1.55108,1.56873,1.56875,1.56911,1.54857
Jan1957,1.69271,1.81511,1.19739,0.78684,1.02508,0.77941,0.81646,0.9505,1.01937,1.11164,1.18356,1.22053,1.20747,1.26817,1.2107,1.12043,1.11245,1.16077,1.434,1.51749,1.51786,1.51629,1.52501,1.51792,1.50882,1.56443,1.57403,1.46131,1.37715,1.51168,1.56614,1.5383,1.50439,1.49394,1.49513,1.53016,1.5347,1.595,1.58481,1.61342,1.53709,1.46657,1.53255,1.55187,1.55975,1.57711,1.57704,1.57723
Feb1957,0.69614,1.30669,1.50069,1.19764,0.83549,1.04336,0.81804,0.84584,0.97065,1.03414,1.1217,1.18884,1.22407,1.2116,1.27026,1.21469,1.12793,1.12021,1.16809,1.43361,1.51588,1.51603,1.51441,1.52292,1.51609,1.50717,1.56346,1.57319,1.46277,1.38022,1.51263,1.56635,1.53884,1.50512,1.49471,1.49593,1.53056,1.53526,1.59533,1.58559,1.61384,1.53811,1.4682,1.53311,1.55223,1.55972,1.57685,1.57674
Mar1957,1.20652,1.06524,1.38807,1.50757,1.30738,0.95959,1.09731,0.89478,0.90966,1.01816,1.07211,1.15136,1.21448,1.24817,1.23681,1.29339,1.24019,1.15335,1.14474,1.18991,1.44616,1.52496,1.52545,1.52422,1.53247,1.52554,1.51663,1.57218,1.58166,1.47195,1.39086,1.51927,1.57193,1.54519,1.51147,1.50118,1.50237,1.53674,1.54124,1.60157,1.59218,1.62006,1.5449,1.47416,1.53828,1.55709,1.56416,1.581
Apr1957,1.45698,1.42934,1.32123,1.5279,1.60568,1.46864,1.1201,1.17858,0.98373,0.98773,1.08058,1.12667,1.1978,1.25541,1.28663,1.27533,1.32899,1.27894,1.19252,1.18199,1.22202,1.46675,1.54177,1.54226,1.54158,1.55024,1.54364,1.53493,1.58868,1.59712,1.48856,1.40945,1.53082,1.58225,1.55627,1.52303,1.51263,1.51376,1.54741,1.55175,1.61439,1.6051,1.63239,1.55824,1.48666,1.54906,1.56753,1.57436
May1957,1.69397,1.77439,1.71978,1.63364,1.75813,1.82542,1.68381,1.33823,1.3174,1.11505,1.1069,1.18444,1.22211,1.28514,1.3369,1.36487,1.35404,1.4096,1.3611,1.27055,1.25209,1.28481,1.51851,1.58929,1.58922,1.58752,1.59541,1.5888,1.5802,1.64225,1.65076,1.53924,1.4584,1.5722,1.62118,1.59544,1.56162,1.55072,1.55178,1.58481,1.58907,1.65512,1.64607,1.67098,1.59544,1.52119,1.58114,1.59858
Jun1957,0.83487,1.44643,1.56182,1.58635,1.59003,1.72405,1.76384,1.67202,1.3626,1.32569,1.14687,1.14,1.21234,1.2471,1.3063,1.3562,1.38272,1.37177,1.41846,1.37254,1.28514,1.26741,1.30171,1.52729,1.59562,1.59634,1.59317,1.60102,1.59415,1.58614,1.64132,1.64976,1.54107,1.45986,1.56859,1.61385,1.58991,1.55757,1.54708,1.54786,1.5795,1.5834,1.64867,1.63999,1.66391,1.58986,1.51963,1.57709
Jul1957,0.5841,0.86286,1.26245,1.37319,1.39351,1.38123,1.48062,1.52251,1.46654,1.28156,1.29022,1.13777,1.13089,1.2013,1.23203,1.28707,1.33346,1.35744,1.34849,1.39398,1.35197,1.26941,1.25496,1.29027,1.50642,1.57791,1.5768,1.57349,1.58071,1.5739,1.56661,1.61933,1.62769,1.52366,1.44665,1.55096,1.59391,1.57083,1.53958,1.52953,1.53008,1.56014,1.56367,1.63401,1.62563,1.64891,1.57803,1.51033
Aug1957,1.00385,0.95841,1.07892,1.3064,1.39817,1.4407,1.43284,1.49988,1.61664,1.58564,1.4261,1.41873,1.26529,1.25269,1.30139,1.32786,1.37332,1.41358,1.43563,1.42788,1.47205,1.43505,1.35269,1.33456,1.35754,1.54726,1.61204,1.611,1.60781,1.61261,1.60519,1.59801,1.63593,1.64373,1.55265,1.47991,1.56841,1.60426,1.58245,1.5549,1.54574,1.5458,1.57326,1.5765,1.63603,1.62793,1.65011,1.58586
Sep1957,1.46437,1.44634,1.36874,1.39983,1.54889,1.60735,1.62793,1.61737,1.65803,1.73357,1.70245,1.56603,1.54015,1.4129,1.39979,1.43547,1.4533,1.4871,1.51778,1.53509,1.52668,1.56715,1.53353,1.4545,1.4327,1.43783,1.60357,1.65758,1.65553,1.65213,1.65711,1.65038,1.64386,1.70463,1.71251,1.62463,1.55551,1.63086,1.66264,1.64095,1.61466,1.60479,1.60466,1.62985,1.6325,1.68568,1.67814,1.69688
Oct1957,1.8821,1.85059,1.77185,1.70774,1.69401,1.79379,1.83072,1.85232,1.84109,1.87029,1.95714,1.92003,1.76233,1.70364,1.57892,1.5625,1.5839,1.59304,1.61753,1.64217,1.65546,1.64681,1.70558,1.67373,1.58957,1.55964,1.55041,1.695,1.74038,1.738,1.73411,1.73848,1.7317,1.72516,1.7966,1.8036,1.71608,1.64548,1.70713,1.73414,1.71234,1.68769,1.67821,1.67838,1.70228,1.70459,1.76373,1.7563
Nov1957,0.25428,1.82105,1.79637,1.73039,1.66477,1.6568,1.75428,1.79017,1.80794,1.79556,1.82594,1.91954,1.8817,1.73273,1.68077,1.56,1.54577,1.56864,1.57697,1.60168,1.62614,1.63983,1.63156,1.69515,1.6635,1.57951,1.55086,1.54291,1.68916,1.73591,1.73281,1.72865,1.73298,1.72601,1.71943,1.78981,1.79719,1.70991,1.63916,1.70174,1.729,1.70718,1.68274,1.67316,1.67328,1.69712,1.69945,1.75783
Dec1957,0.21888,0.23561,1.73924,1.74507,1.70195,1.63601,1.62858,1.72542,1.76041,1.77786,1.76618,1.79688,1.88851,1.85219,1.708,1.66033,1.54211,1.52922,1.55259,1.5614,1.58639,1.61087,1.62485,1.61652,1.68073,1.64912,1.5665,1.5398,1.53268,1.67858,1.7258,1.72286,1.71842,1.72265,1.7157,1.70923,1.77883,1.7866,1.70101,1.63066,1.69442,1.72213,1.7008,1.67626,1.66678,1.66666,1.69081,1.69322
Jan1958,0.10404,0.18334,0.19588,1.64848,1.68812,1.66434,1.59794,1.59315,1.69168,1.7276,1.74494,1.73494,1.76707,1.85771,1.82338,1.68013,1.63733,1.52112,1.51141,1.5365,1.54531,1.57063,1.59579,1.61092,1.60263,1.67129,1.63977,1.55692,1.53117,1.52313,1.66959,1.71664,1.71386,1.70951,1.71445,1.70802,1.70176,1.7685,1.77708,1.69157,1.62114,1.68437,1.71239,1.69141,1.66675,1.65718,1.65695,1.68076
Feb1958,-0.07505,0.0294,0.14394,0.1429,1.51797,1.61492,1.61632,1.54774,1.54488,1.6402,1.67433,1.68942,1.68105,1.71276,1.79775,1.76553,1.63572,1.60179,1.49422,1.48778,1.51475,1.52384,1.5492,1.57415,1.5893,1.58124,1.64989,1.6193,1.53967,1.51596,1.5099,1.65571,1.70296,1.70026,1.69608,1.70114,1.69485,1.68891,1.75491,1.76376,1.67952,1.61018,1.67437,1.70224,1.68139,1.65657,1.64706,1.64681
Mar1958,0.0443,0.01486,0.04236,0.12612,0.12132,1.35851,1.52709,1.54605,1.48214,1.48591,1.57835,1.61452,1.62895,1.62047,1.65282,1.73425,1.70614,1.58555,1.56152,1.4602,1.45591,1.48362,1.49404,1.52044,1.5455,1.56059,1.55259,1.6192,1.58904,1.51218,1.49128,1.48753,1.63371,1.6823,1.67975,1.67611,1.68123,1.67522,1.66924,1.73474,1.74382,1.66088,1.5932,1.65924,1.68785,1.6669,1.64153,1.63187
Apr1958,-0.34172,-0.14925,-0.12933,-0.09397,-0.00609,-0.00192,1.11221,1.39394,1.43631,1.38081,1.39211,1.4856,1.52402,1.53793,1.53158,1.56337,1.63785,1.61306,1.50893,1.49887,1.40625,1.40488,1.43498,1.44657,1.47416,1.50007,1.51557,1.50797,1.57089,1.54077,1.46823,1.45188,1.4508,1.5977,1.64753,1.64555,1.64205,1.64726,1.64146,1.63558,1.7022,1.71107,1.631,1.56604,1.63486,1.66386,1.64348,1.61818
May1958,-0.02577,-0.19532,-0.11932,-0.11958,-0.09308,-0.01893,-0.00634,0.93729,1.28733,1.35304,1.30511,1.32519,1.41965,1.46043,1.47531,1.47023,1.50297,1.57702,1.55437,1.46016,1.4591,1.37262,1.37232,1.40394,1.41627,1.44407,1.46984,1.48559,1.4783,1.54678,1.51723,1.44616,1.43181,1.43262,1.58065,1.63222,1.63013,1.62666,1.6321,1.62621,1.62046,1.68886,1.69794,1.61792,1.55376,1.6258,1.65455,1.63371
Jun1958,1.69014,1.4203,1.02716,0.84384,0.74573,0.69576,0.7025,0.64762,1.34587,1.49256,1.52478,1.47709,1.48217,1.56279,1.5958,1.60793,1.60112,1.62914,1.6923,1.66974,1.56893,1.55572,1.46991,1.4668,1.49281,1.50357,1.5271,1.55111,1.56517,1.55818,1.62197,1.59383,1.51944,1.49794,1.49048,1.62676,1.67541,1.67319,1.66935,1.67404,1.66793,1.66206,1.73124,1.73999,1.66091,1.59576,1.66117,1.68646
Jul1958,0.41365,1.31639,1.16019,0.9333,0.82133,0.75148,0.71499,0.71109,0.66465,1.22438,1.41049,1.46256,1.41479,1.42973,1.50544,1.53916,1.55145,1.54421,1.57314,1.63361,1.61391,1.52142,1.51715,1.43826,1.43512,1.46564,1.47487,1.49769,1.52081,1.53431,1.52803,1.58886,1.56218,1.49176,1.47263,1.46696,1.59774,1.64425,1.64185,1.63837,1.64282,1.63679,1.63094,1.70506,1.71337,1.63806,1.57608,1.64028
Aug1958,2.554,2.39718,2.36008,2.34098,2.21752,2.17039,2.10463,2.07701,2.16696,2.11866,2.2952,2.20056,2.12934,2.04629,2.00025,2.03855,2.05083,2.0604,2.05141,2.07422,2.13315,2.11788,1.98166,1.93812,1.82554,1.80566,1.82135,1.82301,1.83702,1.85233,1.85971,1.8528,1.90013,1.87821,1.80106,1.7628,1.7218,1.81823,1.85156,1.84937,1.84552,1.8488,1.84325,1.83763,1.90526,1.91198,1.83991,1.77598
Sep1958,0.41757,2.20167,2.01656,2.11384,2.04443,1.94686,1.88931,1.83962,1.80727,1.84114,1.79706,1.96556,1.96718,1.94709,1.90105,1.88059,1.9191,1.92916,1.93396,1.92716,1.94597,1.99613,1.98146,1.87774,1.85298,1.74656,1.73255,1.74663,1.74887,1.76276,1.77852,1.78634,1.78035,1.85204,1.83238,1.76287,1.73246,1.69822,1.79263,1.8249,1.82276,1.81836,1.82177,1.81625,1.81076,1.86816,1.8744,1.80764
Oct1958,0.28014,0.43238,1.91981,1.82374,1.9503,1.88267,1.79604,1.7461,1.70107,1.66921,1.71231,1.66777,1.83237,1.85305,1.8457,1.8098,1.79463,1.8312,1.84146,1.84571,1.83907,1.85633,1.9283,1.91373,1.82163,1.8021,1.70365,1.68787,1.70116,1.7051,1.71931,1.73489,1.74281,1.73694,1.81554,1.79599,1.73169,1.70395,1.67476,1.76852,1.80093,1.79981,1.79602,1.79981,1.79466,1.78936,1.85136,1.8572
Nov1958,0.88132,0.49,0.55142,1.92616,1.82693,1.95373,1.88155,1.79315,1.74052,1.69507,1.66473,1.71478,1.66945,1.8341,1.85631,1.84972,1.81548,1.80077,1.83556,1.84564,1.84923,1.84287,1.86047,1.93889,1.9246,1.83086,1.81152,1.71196,1.69643,1.71033,1.71338,1.72722,1.7427,1.75037,1.74443,1.82246,1.80325,1.73866,1.71014,1.68024,1.77368,1.80595,1.80517,1.80124,1.80496,1.79959,1.79427,1.8557
Dec1958,1.1122,1.02479,0.63642,0.65344,1.93519,1.83244,1.95255,1.88192,1.79317,1.74101,1.6964,1.66658,1.71615,1.67191,1.83381,1.85563,1.84738,1.81424,1.79962,1.83428,1.84442,1.84817,1.84223,1.85939,1.93909,1.92461,1.83099,1.81258,1.71267,1.69733,1.71143,1.71443,1.72775,1.74298,1.75052,1.74466,1.82223,1.8036,1.74015,1.71131,1.68172,1.77501,1.8077,1.80681,1.80296,1.80634,1.80131,1.79603
Jan1959,0.44894,0.85117,0.91728,0.64527,0.64693,1.91841,1.81311,1.93549,1.86287,1.77363,1.72123,1.67815,1.64937,1.69814,1.65541,1.81697,1.84316,1.83439,1.80506,1.79202,1.82669,1.8368,1.84153,1.83727,1.85475,1.94074,1.92677,1.83186,1.81293,1.7089,1.69335,1.70719,1.71022,1.72351,1.73943,1.74752,1.74187,1.8166,1.79888,1.73532,1.70605,1.67557,1.76864,1.80156,1.80036,1.79627,1.79936,1.79395
Feb1959,0.97669,0.79724,1.02444,1.05081,0.75543,0.72418,1.91827,1.80869,1.92029,1.84882,1.76093,1.70945,1.66935,1.64256,1.68924,1.64823,1.80288,1.83064,1.82456,1.79995,1.78964,1.82335,1.83357,1.83844,1.83445,1.85165,1.93815,1.925,1.83263,1.81439,1.71157,1.69622,1.70995,1.71275,1.72584,1.74171,1.74973,1.74439,1.81876,1.80161,1.73849,1.70919,1.67858,1.77027,1.80263,1.80103,1.79692,1.79993
Mar1959,1.30715,1.25415,1.09991,1.20964,1.22038,0.90766,0.82319,1.93066,1.82202,1.93,1.85521,1.76954,1.71792,1.67777,1.65278,1.69875,1.66102,1.80802,1.83587,1.82799,1.80504,1.79424,1.82903,1.841,1.84604,1.84163,1.85817,1.94332,1.93048,1.83881,1.82052,1.71775,1.70226,1.71652,1.71906,1.73233,1.74811,1.75627,1.75087,1.82557,1.80878,1.74576,1.71685,1.68516,1.77659,1.80858,1.80623,1.80168
Apr1959,1.08954,1.26043,1.27316,1.18131,1.26167,1.28726,1.00177,0.8855,1.9241,1.81748,1.91791,1.84462,1.76139,1.70921,1.67118,1.64699,1.68939,1.6546,1.79683,1.82732,1.81892,1.79876,1.78875,1.82425,1.83781,1.84401,1.84029,1.85655,1.93786,1.92429,1.83474,1.81941,1.71587,1.70154,1.71614,1.71874,1.73151,1.74709,1.75513,1.74976,1.82677,1.8101,1.74844,1.7205,1.6885,1.77846,1.81034,1.80794
May1959,1.06536,1.1862,1.28231,1.30735,1.24152,1.31969,1.32898,1.08493,0.95486,1.9361,1.82858,1.92965,1.85543,1.77326,1.72088,1.68337,1.66071,1.70511,1.672,1.80911,1.84074,1.83069,1.81036,1.8013,1.83701,1.84965,1.85542,1.85177,1.86803,1.95914,1.94622,1.85528,1.83968,1.73391,1.71853,1.73385,1.73594,1.74839,1.76406,1.77188,1.76662,1.84694,1.83039,1.76742,1.73902,1.70625,1.79497,1.82619
Jun1959,-0.1274,0.40223,0.66466,0.82831,0.8956,0.88303,0.96944,1.00628,0.86711,0.81929,1.77695,1.69462,1.80648,1.74339,1.66925,1.6221,1.5877,1.56536,1.5969,1.56643,1.71325,1.75976,1.76659,1.74708,1.74104,1.77854,1.7903,1.79644,1.79253,1.80922,1.88838,1.87608,1.79174,1.77729,1.67939,1.6637,1.68069,1.68379,1.69653,1.71158,1.7192,1.7139,1.79129,1.77496,1.71622,1.68976,1.66415,1.75183
Jul1959,-0.07557,-0.10601,0.23498,0.45784,0.61827,0.67579,0.67447,0.74303,0.77748,0.70981,0.71007,1.63142,1.5498,1.67585,1.61851,1.5526,1.50924,1.47653,1.45784,1.48807,1.46134,1.61229,1.6747,1.69005,1.6702,1.67332,1.70876,1.72064,1.72586,1.7219,1.73863,1.8125,1.80093,1.72328,1.71318,1.62317,1.60896,1.62577,1.62877,1.64155,1.65611,1.66343,1.65814,1.73951,1.72352,1.66888,1.64558,1.62395
Aug1959,1.50704,1.15651,0.98089,1.1062,1.17382,1.2337,1.25116,1.24062,1.33541,1.35224,1.22529,1.12124,1.83738,1.75173,1.83184,1.78014,1.7208,1.68494,1.65722,1.64123,1.67242,1.64936,1.75814,1.80423,1.79685,1.77067,1.77251,1.80259,1.81226,1.81445,1.80881,1.82266,1.87714,1.8677,1.79855,1.78169,1.68872,1.67083,1.68356,1.68687,1.69817,1.71071,1.71731,1.71243,1.782,1.76729,1.71789,1.69464
Sep1959,-0.14291,1.05161,0.84437,0.73396,0.8617,0.9419,0.99862,1.01877,1.00922,1.07586,1.09053,1.02286,0.96913,1.62817,1.57594,1.66819,1.62657,1.57369,1.53967,1.5159,1.50077,1.52918,1.50798,1.62399,1.683,1.67878,1.65993,1.66252,1.6921,1.70264,1.70655,1.70258,1.716,1.79291,1.78483,1.72481,1.71704,1.63635,1.62217,1.63541,1.63875,1.64916,1.66149,1.66781,1.66309,1.723,1.70879,1.66413
Oct1959,-0.7273,-0.49709,0.6884,0.53793,0.46221,0.59251,0.68097,0.75152,0.77898,0.77675,0.84811,0.86971,0.83376,0.80827,1.46308,1.42388,1.5215,1.48436,1.43599,1.40433,1.38267,1.36842,1.41152,1.39127,1.51526,1.58184,1.58833,1.56977,1.5734,1.60473,1.61641,1.62093,1.61777,1.63104,1.71291,1.70452,1.6514,1.64845,1.57725,1.56567,1.58015,1.58436,1.59549,1.60816,1.61487,1.61044,1.67366,1.65927
Nov1959,1.20926,-0.14011,-0.16035,0.78492,0.62992,0.54686,0.66465,0.74369,0.80652,0.83146,0.82803,0.89998,0.9184,0.87746,0.84746,1.48593,1.44743,1.5427,1.50399,1.45531,1.42352,1.40197,1.38802,1.43527,1.41524,1.53603,1.60135,1.60589,1.58722,1.59102,1.62136,1.63257,1.63692,1.63349,1.64664,1.72823,1.72019,1.6664,1.66219,1.58966,1.57753,1.59168,1.59605,1.60698,1.61957,1.62607,1.62159,1.68444
Dec1959,1.67833,1.46894,0.2071,0.08715,0.86169,0.70872,0.6221,0.72687,0.79618,0.85208,0.87435,0.86993,0.94085,0.9572,0.91271,0.87947,1.50037,1.46238,1.55472,1.51623,1.46804,1.43643,1.41514,1.40123,1.44948,1.42949,1.54716,1.6117,1.61436,1.59561,1.5994,1.62926,1.63986,1.64398,1.64045,1.65348,1.73478,1.72722,1.67412,1.6691,1.59649,1.58417,1.5984,1.60264,1.61355,1.62588,1.63256,1.62813
Jan1960,0.77026,1.32304,1.37234,0.3144,0.16125,0.87052,0.71627,0.62814,0.73097,0.79899,0.85388,0.87541,0.87066,0.94042,0.95614,0.91224,0.87686,1.49649,1.46097,1.55386,1.51478,1.46636,1.43478,1.41376,1.39977,1.45154,1.43168,1.55049,1.61584,1.61553,1.59672,1.60039,1.62996,1.64046,1.64504,1.64183,1.65503,1.73391,1.72714,1.67368,1.668,1.59445,1.58213,1.59629,1.60043,1.61118,1.62336,1.6298
Feb1960,-0.28766,0.22422,0.7532,1.02018,0.23107,0.13527,0.82869,0.68182,0.60096,0.70091,0.76971,0.82364,0.84526,0.84111,0.90877,0.92403,0.88526,0.85537,1.46353,1.43195,1.52572,1.48792,1.44077,1.40988,1.38945,1.37576,1.42754,1.40837,1.52803,1.59495,1.59727,1.57937,1.58353,1.61305,1.62367,1.62838,1.6253,1.63873,1.71672,1.71031,1.6581,1.65338,1.58178,1.56957,1.58386,1.58773,1.59846,1.61058
Mar1960,1.90052,0.9464,0.97263,1.22065,1.36165,0.56342,0.38867,0.95693,0.80644,0.71881,0.80278,0.85964,0.90701,0.92687,0.92223,0.98664,0.99838,0.95352,0.91903,1.49555,1.46498,1.55339,1.51659,1.4705,1.43998,1.41973,1.40621,1.45789,1.43895,1.55276,1.61696,1.61607,1.59764,1.60191,1.63051,1.64102,1.64564,1.64265,1.65578,1.73429,1.72824,1.67565,1.67046,1.59707,1.58422,1.59797,1.60131,1.61166
Apr1960,1.1404,1.55618,1.10153,1.11046,1.28674,1.41669,0.70704,0.50174,1.01189,0.86547,0.77789,0.85261,0.90322,0.94695,0.96536,0.96048,1.02166,1.03241,0.98618,0.95211,1.50139,1.47305,1.55818,1.52298,1.4789,1.44985,1.43023,1.41704,1.46704,1.44805,1.55728,1.62115,1.61748,1.59988,1.60451,1.63264,1.64271,1.64728,1.64433,1.65721,1.7378,1.73176,1.68028,1.67563,1.60213,1.58873,1.60237,1.60557
May1960,0.53816,0.87801,1.20832,0.9662,0.99243,1.15893,1.26621,0.71286,0.52404,1.00427,0.8666,0.78337,0.85421,0.903,0.9458,0.96408,0.96025,1.02149,1.03223,0.98843,0.9557,1.49434,1.46664,1.55132,1.51707,1.47343,1.44459,1.42543,1.41251,1.46825,1.44975,1.55797,1.62245,1.61855,1.60048,1.60602,1.63392,1.64389,1.64859,1.64551,1.65856,1.74167,1.73573,1.68381,1.67965,1.60642,1.59182,1.60514
Jun1960,0.54289,0.6438,0.86229,1.10138,0.953,0.98043,1.11163,1.20712,0.7419,0.57147,0.99612,0.87009,0.79547,0.86077,0.90647,0.94761,0.96482,0.96175,1.0173,1.0275,0.98556,0.95608,1.48124,1.45465,1.53793,1.50561,1.46198,1.43408,1.41519,1.40296,1.45283,1.43526,1.54028,1.60082,1.59817,1.5793,1.58577,1.61335,1.62326,1.62756,1.62442,1.63687,1.71808,1.7123,1.66286,1.65837,1.59055,1.5763
Jul1960,0.30163,0.52005,0.60027,0.76977,0.95758,0.85451,0.87783,0.9725,1.04507,0.70918,0.56805,0.95245,0.84216,0.77634,0.83603,0.87746,0.91538,0.93148,0.92922,0.98344,0.99426,0.95627,0.93008,1.44023,1.41472,1.50126,1.46874,1.4267,1.39997,1.3819,1.37064,1.41851,1.40201,1.50447,1.56478,1.56443,1.54662,1.5529,1.57914,1.58885,1.59291,1.58976,1.60155,1.68696,1.68129,1.63474,1.63165,1.56743
Aug1960,0.2783,0.28861,0.45316,0.51624,0.64352,0.79174,0.72793,0.74815,0.86393,0.9321,0.67793,0.54894,0.90628,0.81692,0.76003,0.81815,0.85687,0.89133,0.90753,0.90543,0.95858,0.96842,0.93759,0.91493,1.39191,1.36803,1.45095,1.42233,1.38422,1.35896,1.34215,1.33174,1.36753,1.35286,1.45378,1.51197,1.5148,1.4981,1.50437,1.52999,1.53963,1.54321,1.54069,1.55195,1.62332,1.61751,1.57876,1.57961
Sep1960,1.20415,0.82785,0.76693,0.81929,0.86564,0.95052,1.04728,0.98827,0.99629,1.08549,1.12927,0.91354,0.77221,1.05395,0.96994,0.91177,0.95765,0.98751,1.01394,1.02586,1.02211,1.07212,1.07858,1.04346,1.01552,1.43304,1.41047,1.48233,1.45608,1.42132,1.3988,1.38331,1.37369,1.42687,1.41362,1.5043,1.55798,1.55709,1.5407,1.54559,1.56915,1.57703,1.58026,1.57745,1.58777,1.65184,1.6464,1.6091
Oct1960,-0.21245,0.81774,0.61755,0.57881,0.64141,0.68927,0.77535,0.87757,0.82816,0.84042,0.93233,0.97805,0.79703,0.67973,0.95978,0.88826,0.83841,0.88367,0.9132,0.93934,0.95183,0.94853,1.00638,1.01299,0.98392,0.96177,1.37364,1.35168,1.42156,1.39756,1.36461,1.3435,1.329,1.31993,1.37727,1.3642,1.45611,1.51198,1.51686,1.50244,1.50816,1.53215,1.54057,1.54413,1.5417,1.55214,1.61952,1.61398
Nov1960,0.45338,-0.07062,0.82029,0.62017,0.5818,0.63894,0.6838,0.76599,0.86407,0.81715,0.82926,0.92157,0.96576,0.78951,0.67632,0.95435,0.88463,0.83541,0.87934,0.90798,0.93401,0.94634,0.94326,1.00286,1.00962,0.98064,0.9588,1.37059,1.34909,1.41963,1.39519,1.36217,1.34106,1.32654,1.31753,1.37423,1.36146,1.45351,1.50933,1.51441,1.49996,1.50572,1.52994,1.53832,1.54187,1.53933,1.54977,1.61656
Dec1960,1.2192,0.75762,0.19177,0.90051,0.6819,0.6407,0.68919,0.72612,0.79979,0.89081,0.84439,0.85533,0.94592,0.98788,0.81365,0.70125,0.97168,0.90275,0.85336,0.8954,0.92282,0.9475,0.95924,0.95613,1.01574,1.02218,0.99269,0.97116,1.37641,1.35485,1.42458,1.40022,1.36713,1.34603,1.33157,1.32265,1.37916,1.3667,1.45805,1.51288,1.51763,1.50308,1.50896,1.53301,1.54139,1.54478,1.5424,1.55286
Jan1961,1.36047,1.49309,1.03226,0.41286,0.96505,0.74037,0.68879,0.72836,0.76302,0.83317,0.92078,0.87406,0.8838,0.973,1.01317,0.8385,0.72166,0.98915,0.92017,0.86968,0.91005,0.93659,0.96,0.97079,0.9674,1.02887,1.03519,1.0043,0.98301,1.38788,1.36651,1.43586,1.41117,1.37796,1.35664,1.34191,1.333,1.38837,1.37626,1.46653,1.52031,1.52324,1.50833,1.51391,1.53778,1.54601,1.54931,1.54683
Feb1961,1.64115,1.61564,1.69267,1.33862,0.66039,1.0669,0.84699,0.78325,0.81235,0.84028,0.9039,0.98312,0.93761,0.94542,1.03164,1.06722,0.89535,0.77741,1.03061,0.96247,0.91122,0.94867,0.97272,0.9943,1.00436,1.0006,1.06255,1.06841,1.03576,1.01316,1.40705,1.38531,1.45275,1.42798,1.395,1.3739,1.35921,1.35051,1.40617,1.39454,1.4825,1.53444,1.53585,1.52027,1.52555,1.54872,1.55668,1.55986
Mar1961,0.95609,1.34521,1.48025,1.54725,1.34195,0.76033,1.0936,0.90001,0.83272,0.85311,0.8744,0.93072,1.00532,0.96334,0.97103,1.05307,1.08606,0.91935,0.80595,1.04845,0.9826,0.93206,0.96632,0.98786,1.00811,1.01786,1.01432,1.07538,1.08074,1.04702,1.0251,1.40962,1.38795,1.45488,1.43004,1.39738,1.37648,1.36197,1.35318,1.40894,1.39767,1.48485,1.53671,1.53739,1.52156,1.52667,1.54943,1.5572
Apr1961,1.09833,1.09552,1.33379,1.45163,1.51295,1.38806,0.87256,1.13559,0.95546,0.88637,0.89985,0.91649,0.96698,1.0365,0.99695,1.00374,1.08143,1.11242,0.95145,0.84236,1.07198,1.00852,0.95963,0.99045,1.01011,1.02936,1.0384,1.03478,1.09462,1.09937,1.06456,1.04212,1.41454,1.39313,1.45908,1.43454,1.40231,1.3818,1.36756,1.35886,1.41636,1.40521,1.49115,1.54255,1.54226,1.52598,1.53105,1.55347
May1961,-0.90896,-0.07736,0.24296,0.51324,0.68405,0.82246,0.78708,0.51574,0.89563,0.772,0.72447,0.75128,0.77441,0.83091,0.90566,0.87064,0.88022,0.95715,0.9906,0.84502,0.74955,0.98868,0.92897,0.8831,0.91506,0.9365,0.95693,0.96692,0.96387,1.02539,1.03102,0.99985,0.98123,1.3624,1.34226,1.41089,1.38632,1.3542,1.33395,1.31982,1.31129,1.36899,1.35788,1.44747,1.50272,1.50753,1.49137,1.49692
Jun1961,1.50409,0.76988,0.9458,0.99273,1.1502,1.25103,1.31659,1.25266,0.91097,1.11945,0.97376,0.91325,0.92682,0.9399,0.98492,1.049,1.01305,1.02029,1.09046,1.1188,0.97085,0.86993,1.08656,1.02728,0.98067,1.00915,1.02666,1.04423,1.0527,1.04922,1.10877,1.1135,1.0782,1.05396,1.40986,1.38796,1.45255,1.42865,1.3975,1.3777,1.3637,1.35522,1.41387,1.40337,1.48645,1.53583,1.53813,1.52096
Jul1961,1.355,1.68088,1.25469,1.30263,1.29712,1.37993,1.44649,1.47901,1.42525,1.13541,1.25688,1.11353,1.0492,1.0538,1.05892,1.09393,1.14775,1.11179,1.11739,1.18469,1.20994,1.06314,0.95896,1.15622,1.09875,1.05391,1.07892,1.09391,1.10998,1.11744,1.11406,1.17327,1.17734,1.13978,1.11378,1.44427,1.42186,1.4816,1.45814,1.42807,1.40877,1.39502,1.38671,1.45116,1.44118,1.51789,1.56284,1.56139
Aug1961,1.32901,1.5096,1.68383,1.49482,1.53449,1.55244,1.60072,1.6434,1.75807,1.72678,1.46062,1.50413,1.34624,1.27711,1.2626,1.2632,1.28758,1.33028,1.29791,1.3013,1.36465,1.38513,1.24021,1.13308,1.29434,1.23758,1.19391,1.21389,1.22474,1.23688,1.24219,1.23837,1.28788,1.29078,1.25268,1.22311,1.50829,1.48376,1.53557,1.5147,1.48709,1.46902,1.45626,1.44857,1.50553,1.49609,1.56332,1.6021
Sep1961,0.90029,1.3518,1.4907,1.65072,1.48415,1.51899,1.5251,1.56175,1.58725,1.65654,1.62661,1.4332,1.47799,1.35959,1.30593,1.29467,1.29372,1.31315,1.34861,1.31936,1.32115,1.37931,1.39614,1.26717,1.16934,1.30929,1.25723,1.21577,1.23407,1.24374,1.25513,1.25985,1.25627,1.31991,1.32296,1.2861,1.25825,1.52657,1.5036,1.55221,1.53207,1.50483,1.48748,1.47499,1.46744,1.51839,1.5095,1.5729
Oct1961,0.3133,0.78897,1.197,1.34683,1.51431,1.35793,1.39534,1.40838,1.44528,1.46916,1.5449,1.51535,1.34656,1.39908,1.2992,1.25498,1.24751,1.24685,1.26513,1.29839,1.27125,1.27272,1.34267,1.35847,1.23836,1.14709,1.28466,1.23386,1.19339,1.21133,1.22084,1.23228,1.23709,1.23379,1.30137,1.30415,1.26941,1.24375,1.50789,1.48629,1.5344,1.51517,1.48886,1.47208,1.46007,1.4528,1.5071,1.49826
Nov1961,0.98227,0.55561,0.88513,1.23331,1.37196,1.53147,1.37471,1.40813,1.41808,1.45303,1.47661,1.55751,1.52695,1.36052,1.41119,1.31363,1.2703,1.26217,1.25989,1.27706,1.30957,1.28263,1.28422,1.35752,1.37335,1.25239,1.16092,1.29676,1.24605,1.20571,1.22311,1.23238,1.2436,1.24827,1.24497,1.31228,1.31524,1.28007,1.25385,1.51569,1.49374,1.54154,1.5225,1.49614,1.47937,1.46726,1.45996,1.51389
Dec1961,1.00931,1.0649,0.67608,0.9426,1.25362,1.3865,1.53738,1.38285,1.41247,1.42113,1.4553,1.47842,1.55833,1.52858,1.36413,1.41357,1.318,1.27554,1.2669,1.26432,1.28103,1.31275,1.28615,1.28764,1.36124,1.37673,1.25671,1.1669,1.30061,1.25023,1.21028,1.22729,1.23609,1.24699,1.25153,1.24826,1.3152,1.31829,1.28358,1.25714,1.5169,1.49495,1.54278,1.52373,1.49748,1.48066,1.46871,1.46149
Jan1962,0.79245,1.01283,1.06604,0.74092,0.95202,1.25501,1.38349,1.53235,1.37865,1.40798,1.41683,1.45153,1.47501,1.55425,1.52552,1.36073,1.40955,1.31575,1.27508,1.26664,1.26326,1.27976,1.31129,1.28461,1.28607,1.3629,1.37884,1.25741,1.16783,1.30198,1.25224,1.21277,1.22931,1.23792,1.24839,1.2526,1.24937,1.31513,1.31851,1.28327,1.25674,1.51555,1.49348,1.54105,1.52202,1.49582,1.47906,1.46715
Feb1962,0.16486,0.51769,0.77905,0.92273,0.70361,0.92706,1.23513,1.35511,1.49866,1.35048,1.37895,1.3867,1.4207,1.44373,1.51913,1.49174,1.33773,1.38916,1.30216,1.26438,1.25707,1.25372,1.26978,1.30068,1.27464,1.27606,1.35273,1.36869,1.24994,1.16246,1.29583,1.24682,1.20763,1.22383,1.23235,1.24274,1.24689,1.24386,1.30922,1.31289,1.27827,1.25217,1.50976,1.48764,1.53502,1.51586,1.48983,1.47319
Mar1962,-0.13037,-0.0032,0.21902,0.44476,0.61957,0.55082,0.8245,1.15766,1.2787,1.42607,1.28031,1.31034,1.31954,1.3542,1.37827,1.45008,1.42597,1.28251,1.34283,1.26334,1.22852,1.22271,1.21998,1.23618,1.26706,1.24166,1.24342,1.31811,1.33401,1.21846,1.13502,1.2691,1.22132,1.18323,1.19931,1.20795,1.21853,1.22284,1.21976,1.28447,1.2884,1.25534,1.23067,1.48992,1.46815,1.516,1.49661,1.4706
Apr1962,1.50953,0.70826,0.6088,0.69221,0.81842,0.91931,0.76886,0.93656,1.22981,1.33483,1.46545,1.32495,1.35032,1.35711,1.38928,1.41124,1.47905,1.45654,1.3174,1.3727,1.29407,1.26061,1.25418,1.25012,1.26509,1.29494,1.2701,1.27161,1.34449,1.35921,1.24461,1.16223,1.28871,1.24112,1.20386,1.21901,1.22715,1.23733,1.24142,1.23827,1.30454,1.30829,1.27528,1.25034,1.50322,1.48087,1.52792,1.50861
May1962,-0.00477,0.7166,0.44226,0.41053,0.49456,0.62269,0.72206,0.64606,0.84639,1.15335,1.26236,1.39925,1.26338,1.29112,1.29961,1.33245,1.35552,1.42311,1.40272,1.27346,1.33535,1.26287,1.23098,1.22588,1.22234,1.23771,1.26742,1.24326,1.24495,1.32182,1.33697,1.22376,1.1431,1.27077,1.22353,1.18689,1.20186,1.21019,1.22069,1.2249,1.22183,1.28905,1.29298,1.26058,1.23652,1.49306,1.47001,1.51743
Jun1962,0.52015,0.35268,0.75035,0.55946,0.51873,0.5713,0.6724,0.74799,0.67808,0.84924,1.12942,1.23724,1.37119,1.24449,1.27245,1.28248,1.31456,1.33666,1.39461,1.37568,1.2548,1.31822,1.25414,1.22396,1.21983,1.21708,1.23109,1.26001,1.23638,1.23828,1.30973,1.32467,1.21528,1.1355,1.25987,1.21415,1.17899,1.19347,1.20176,1.21197,1.21592,1.2129,1.27918,1.28317,1.2523,1.22902,1.47955,1.45718
Jul1962,0.78267,0.80557,0.68521,0.91188,0.76719,0.72844,0.75788,0.81408,0.85959,0.78707,0.90883,1.15434,1.24877,1.37495,1.25567,1.28046,1.28858,1.31712,1.33873,1.39486,1.37795,1.26194,1.32227,1.26181,1.23278,1.23109,1.22741,1.24043,1.26821,1.24561,1.24773,1.31727,1.3316,1.22627,1.14994,1.26759,1.22395,1.19017,1.2033,1.21055,1.21964,1.22308,1.22012,1.29015,1.29402,1.26351,1.24058,1.48008
Aug1962,0.31159,0.51668,0.63322,0.58568,0.75375,0.67264,0.65254,0.67629,0.75643,0.80099,0.75412,0.86251,1.09496,1.18798,1.30098,1.20052,1.22515,1.23476,1.26361,1.28429,1.33816,1.32429,1.22281,1.28494,1.23074,1.20438,1.20421,1.20192,1.21461,1.24037,1.21951,1.2216,1.27885,1.29225,1.20004,1.13129,1.24238,1.20162,1.17117,1.18346,1.18998,1.19835,1.20153,1.19903,1.26074,1.26406,1.23695,1.21762
Sep1962,-0.17304,0.06324,0.31666,0.42372,0.41204,0.57566,0.51971,0.50785,0.53109,0.59993,0.64094,0.62701,0.73906,0.96919,1.06558,1.17915,1.09021,1.11537,1.12511,1.15281,1.17171,1.22263,1.2101,1.12753,1.19464,1.14891,1.12727,1.12826,1.12824,1.14161,1.16741,1.14861,1.15107,1.22021,1.2338,1.14931,1.0876,1.20161,1.1646,1.13572,1.14789,1.15382,1.16195,1.16507,1.1627,1.21911,1.22258,1.19846
Oct1962,0.61674,0.22421,0.24387,0.40152,0.47929,0.46447,0.60251,0.55343,0.54202,0.56387,0.63271,0.67118,0.66116,0.75832,0.97206,1.06369,1.16999,1.08657,1.10889,1.1172,1.14298,1.16012,1.22125,1.20891,1.1307,1.19502,1.15216,1.13022,1.12978,1.12954,1.14207,1.16695,1.14898,1.15139,1.2241,1.23693,1.15504,1.09563,1.20568,1.1698,1.1416,1.15326,1.15916,1.16705,1.17019,1.16796,1.22674,1.23016
Nov1962,-0.2634,0.3911,0.13738,0.17822,0.33956,0.41788,0.40596,0.54219,0.4974,0.48917,0.51155,0.58005,0.61898,0.6132,0.71566,0.93461,1.02846,1.13642,1.05318,1.07586,1.08489,1.11106,1.12864,1.19215,1.18031,1.10375,1.17031,1.13021,1.10928,1.1096,1.10958,1.12254,1.14776,1.12998,1.13258,1.20435,1.21753,1.13646,1.07799,1.18957,1.15408,1.12614,1.13796,1.14402,1.1521,1.15532,1.15314,1.21129
Dec1962,1.09898,0.2538,0.55159,0.28883,0.26086,0.40445,0.47319,0.45576,0.58061,0.53349,0.52386,0.54428,0.61143,0.64767,0.63892,0.73605,0.94955,1.04058,1.14534,1.06314,1.085,1.09329,1.11881,1.13605,1.19975,1.18793,1.11172,1.17762,1.1376,1.11649,1.11658,1.1163,1.12871,1.15339,1.13572,1.13825,1.20962,1.22276,1.14245,1.08406,1.19383,1.15818,1.13032,1.14197,1.14793,1.156,1.15912,1.15701
Jan1963,-0.59881,0.19722,-0.03729,0.36982,0.18146,0.1822,0.32801,0.39878,0.38551,0.5129,0.46964,0.46114,0.48231,0.54829,0.58514,0.58298,0.68424,0.90606,1.00026,1.10781,1.02512,1.048,1.05653,1.08233,1.1,1.16558,1.15407,1.07896,1.14935,1.11198,1.09263,1.09402,1.09367,1.10638,1.13097,1.11285,1.11558,1.18564,1.19916,1.11882,1.06124,1.17393,1.13811,1.10976,1.12194,1.12834,1.13681,1.14034
Feb1963,-0.81605,-0.76085,-0.21136,-0.29876,0.15367,0.06928,0.10738,0.25957,0.33582,0.32604,0.455,0.41685,0.41036,0.4318,0.49665,0.53328,0.53607,0.64137,0.8652,0.95979,1.06759,0.98678,1.0099,1.01885,1.04482,1.06249,1.12747,1.11659,1.04475,1.11732,1.08366,1.06539,1.06711,1.06697,1.07998,1.10475,1.08685,1.08985,1.15912,1.17297,1.09427,1.03817,1.15285,1.11745,1.08982,1.10203,1.10855,1.11716
Mar1963,0.3533,-0.14786,-0.2782,0.02011,-0.09959,0.20725,0.13673,0.16545,0.29549,0.36094,0.34927,0.46642,0.43124,0.42713,0.4474,0.50827,0.54107,0.54316,0.64526,0.86304,0.95502,1.05955,0.9801,1.00158,1.01011,1.03575,1.05335,1.11701,1.10627,1.03557,1.10826,1.07514,1.05729,1.05919,1.0587,1.07135,1.09588,1.0782,1.081,1.14981,1.16374,1.08648,1.03122,1.14474,1.10923,1.08199,1.09437,1.10112
Apr1963,0.92191,0.68176,0.2629,0.0972,0.30014,0.1536,0.35177,0.25023,0.26346,0.37162,0.42704,0.41268,0.51936,0.48566,0.48108,0.4994,0.55749,0.58741,0.58485,0.68021,0.887,0.97456,1.07495,0.99675,1.01657,1.02465,1.04922,1.0662,1.1284,1.1176,1.04732,1.11742,1.08332,1.06487,1.06683,1.06597,1.0783,1.10227,1.08494,1.08759,1.15727,1.17086,1.09494,1.04039,1.15083,1.1155,1.08858,1.10059
May1963,0.17459,0.54844,0.50511,0.23423,0.11446,0.27923,0.17081,0.32951,0.23911,0.25914,0.36218,0.41447,0.40172,0.50417,0.47411,0.47091,0.48923,0.54671,0.57579,0.57501,0.66821,0.87317,0.95954,1.05818,0.98121,1.00119,1.00926,1.03376,1.05053,1.11569,1.1053,1.03566,1.10595,1.07236,1.0542,1.05641,1.05522,1.0676,1.09176,1.07457,1.07724,1.1477,1.16143,1.08596,1.03193,1.14306,1.10737,1.08055
Jun1963,-1.21718,-0.82743,-0.35183,-0.1895,-0.32349,-0.38254,-0.22048,-0.26897,-0.06685,-0.05258,0.01381,0.13161,0.19943,0.19454,0.29991,0.28072,0.28222,0.30473,0.36141,0.39359,0.40482,0.5124,0.7293,0.8222,0.92677,0.85335,0.87545,0.88565,0.91136,0.92916,0.9889,0.9801,0.91895,0.99354,0.97103,0.95724,0.96126,0.9614,0.97533,1.00048,0.98417,0.98732,1.05497,1.06907,0.99903,0.95014,1.06707,1.03445
Jul1963,0.26685,-0.49335,-0.3807,-0.09728,0.00343,-0.10835,-0.17361,-0.05823,-0.11308,0.03173,0.0158,0.05484,0.16583,0.22393,0.21796,0.31141,0.29147,0.29274,0.31258,0.36748,0.39749,0.40764,0.50581,0.71469,0.80577,0.90714,0.8373,0.85902,0.87001,0.89516,0.91272,0.97127,0.96314,0.90587,0.97905,0.96026,0.94841,0.9525,0.95239,0.96528,0.98888,0.97311,0.97629,1.04593,1.05967,0.99217,0.94549,1.05897
Aug1963,0.29638,0.28696,-0.1053,-0.07491,0.07861,0.11965,0.03218,-0.02286,0.06416,0.01318,0.12381,0.07263,0.11534,0.21673,0.27071,0.26701,0.35089,0.32953,0.32968,0.34619,0.40039,0.42581,0.43719,0.5235,0.72131,0.80787,0.90146,0.83703,0.85718,0.86792,0.89193,0.90859,0.95983,0.95232,0.90101,0.97094,0.95508,0.9439,0.94887,0.94817,0.95951,0.98148,0.96645,0.96964,1.03338,1.04602,0.98285,0.9403
Sep1963,-0.63997,-0.17318,-0.04196,-0.35104,-0.29071,-0.13734,-0.07468,-0.13995,-0.17782,-0.08966,-0.12264,-0.00789,-0.04374,0.01177,0.11075,0.16275,0.162,0.24536,0.23061,0.23251,0.2495,0.30419,0.32971,0.34468,0.43077,0.62862,0.71385,0.80514,0.74697,0.7682,0.78044,0.80423,0.82081,0.87893,0.8726,0.8276,0.90056,0.89297,0.88529,0.89141,0.89133,0.90252,0.92434,0.90987,0.91327,0.97293,0.98573,0.92681
Oct1963,1.57903,0.65941,0.51629,0.48255,0.17236,0.19853,0.29887,0.31834,0.24343,0.19886,0.27562,0.23423,0.31906,0.25089,0.27133,0.34554,0.38503,0.37834,0.44799,0.42651,0.42502,0.43774,0.49191,0.51221,0.51644,0.58739,0.76293,0.83728,0.91777,0.86083,0.87807,0.88769,0.9088,0.92369,0.98568,0.97874,0.93076,0.9956,0.98074,0.97067,0.9748,0.97333,0.983,1.00278,0.98841,0.99131,1.05323,1.06525
Nov1963,0.62245,1.57933,0.70392,0.54534,0.50817,0.20793,0.23098,0.3243,0.34077,0.26919,0.2254,0.29936,0.25846,0.33696,0.26914,0.28898,0.36007,0.39766,0.39035,0.45752,0.43629,0.43441,0.44674,0.5008,0.52065,0.52424,0.59351,0.76749,0.84107,0.92091,0.86428,0.88149,0.89097,0.91201,0.92686,0.98849,0.98174,0.93381,0.99817,0.98299,0.97276,0.97686,0.97528,0.98485,1.00457,0.99026,0.9931,1.05465
Dec1963,1.43491,0.94876,1.6406,0.81387,0.62426,0.5818,0.2899,0.30463,0.38712,0.39686,0.32564,0.28173,0.35358,0.31175,0.38302,0.3132,0.33047,0.39677,0.43144,0.4229,0.48719,0.46488,0.46222,0.47403,0.52757,0.54655,0.54877,0.61586,0.78591,0.8572,0.93521,0.87902,0.89547,0.90441,0.92496,0.9395,1.00093,0.99421,0.94634,1.00914,0.99289,0.98204,0.98576,0.98406,0.9934,1.01299,0.99862,1.00145
Jan1964,0.40283,0.97828,0.84271,1.59019,0.79413,0.61422,0.56945,0.28298,0.29753,0.3787,0.38804,0.3169,0.27314,0.34354,0.30086,0.37282,0.30211,0.32149,0.38635,0.4201,0.4109,0.47503,0.45164,0.4478,0.45949,0.51291,0.53181,0.53399,0.60323,0.77741,0.85062,0.93007,0.87302,0.88941,0.89753,0.91761,0.93229,0.99314,0.98638,0.93805,1.0019,0.98642,0.97495,0.97807,0.97671,0.98637,1.00632,0.99226
Feb1964,-0.65897,-0.20607,0.34344,0.43895,1.35655,0.68083,0.54386,0.50812,0.23847,0.25484,0.33816,0.35019,0.28277,0.24109,0.31044,0.26987,0.34222,0.27742,0.30049,0.36415,0.39695,0.38822,0.45127,0.4286,0.42516,0.43679,0.48966,0.50857,0.51147,0.58144,0.75614,0.82943,0.9084,0.85182,0.86837,0.87667,0.89672,0.91153,0.9718,0.96545,0.91842,0.98288,0.96933,0.95814,0.9619,0.96063,0.97036,0.99037
Mar1964,0.12031,-0.19856,-0.05266,0.28556,0.36273,1.21773,0.63517,0.53615,0.50164,0.24862,0.26224,0.33759,0.35011,0.28929,0.25033,0.31529,0.27516,0.34371,0.28388,0.30831,0.36894,0.40027,0.38965,0.44831,0.42579,0.42278,0.43447,0.4863,0.50433,0.50631,0.57571,0.74603,0.81805,0.89575,0.83977,0.8558,0.86409,0.88383,0.89828,0.958,0.95197,0.90628,0.97033,0.95713,0.94569,0.94975,0.94892,0.95898
Apr1964,1.13798,0.66511,0.30966,0.34873,0.57637,0.60075,1.29006,0.72127,0.62495,0.58232,0.34045,0.34866,0.41508,0.42485,0.36628,0.32819,0.39006,0.35008,0.40885,0.3476,0.36755,0.42237,0.4512,0.43742,0.49129,0.46784,0.46381,0.47458,0.52616,0.54311,0.54235,0.60682,0.76998,0.83796,0.91339,0.85819,0.87363,0.88147,0.90062,0.91457,0.97509,0.96904,0.92378,0.9859,0.97105,0.95935,0.9631,0.962
May1964,0.48545,0.84415,0.6327,0.38253,0.40734,0.59096,0.61378,1.20444,0.71722,0.63379,0.59387,0.36435,0.37139,0.43379,0.44346,0.38814,0.352,0.41266,0.37386,0.42921,0.36774,0.38759,0.43991,0.4661,0.45134,0.5037,0.48037,0.47639,0.48651,0.53828,0.55463,0.55241,0.61477,0.77406,0.84094,0.91527,0.86003,0.87523,0.88306,0.90203,0.91578,0.97699,0.97106,0.92593,0.9875,0.97232,0.96019,0.96395
Jun1964,1.84888,1.79814,1.75953,1.5287,1.29519,1.25705,1.34265,1.30735,1.63785,1.07222,0.93874,0.87488,0.6505,0.64379,0.68909,0.68684,0.62899,0.59198,0.64914,0.60716,0.64106,0.5654,0.56818,0.61052,0.62994,0.61206,0.65723,0.63065,0.62481,0.63284,0.68533,0.69905,0.68952,0.74057,0.88272,0.94285,1.01054,0.95648,0.9694,0.97559,0.99259,1.00506,1.06767,1.06189,1.01536,1.06984,1.04981,1.0358
Jul1964,1.50712,1.96242,1.93214,1.88223,1.70455,1.53308,1.50972,1.5532,1.5188,1.74326,1.24837,1.11086,1.04152,0.83092,0.81657,0.84895,0.83944,0.78276,0.74604,0.80075,0.75936,0.77864,0.69389,0.68886,0.72544,0.73955,0.7209,0.76097,0.73464,0.72821,0.73515,0.78827,0.80011,0.78641,0.83045,0.95921,1.01385,1.076,1.02383,1.03435,1.0387,1.05395,1.0654,1.13222,1.1266,1.07931,1.12815,1.10451
Aug1964,0.63217,1.05449,1.48102,1.49794,1.54148,1.47595,1.36369,1.34933,1.46335,1.45117,1.64658,1.26431,1.13817,1.07885,0.88948,0.87882,0.90643,0.89585,0.84484,0.81041,0.86381,0.82448,0.83982,0.75598,0.75034,0.78378,0.79441,0.77642,0.81212,0.78724,0.78132,0.78768,0.83577,0.84597,0.8318,0.87192,0.98907,1.03796,1.09559,1.04676,1.05551,1.05906,1.07276,1.08345,1.14423,1.1388,1.09413,1.13957
Sep1964,1.25417,1.08125,1.32377,1.61045,1.60589,1.636,1.57833,1.49081,1.47241,1.54904,1.5323,1.66533,1.36439,1.25877,1.20562,1.03572,1.02127,1.04103,1.02767,0.98015,0.94763,0.99801,0.96064,0.96497,0.88002,0.86576,0.89076,0.89721,0.87979,0.91039,0.88602,0.87929,0.88435,0.94028,0.94913,0.93178,0.96523,1.06963,1.11357,1.16623,1.11931,1.12584,1.12806,1.14027,1.14987,1.20722,1.20203,1.15819
Oct1964,0.20507,1.00908,0.94211,1.17285,1.45781,1.45386,1.48856,1.44137,1.36233,1.34618,1.42826,1.4123,1.5464,1.28118,1.19396,1.15036,0.99425,0.98117,0.99982,0.98736,0.94327,0.91257,0.96999,0.93433,0.94032,0.86118,0.85081,0.8753,0.88079,0.8638,0.89321,0.87023,0.86395,0.8691,0.92699,0.93554,0.91885,0.95281,1.05569,1.09949,1.15135,1.10536,1.11211,1.1144,1.12661,1.13623,1.19562,1.1906
Nov1964,0.76031,0.383,1.04609,0.96514,1.18284,1.45847,1.45092,1.48278,1.43413,1.35671,1.34153,1.42757,1.4108,1.54399,1.28343,1.19942,1.15695,1.00252,0.98842,1.00597,0.99356,0.94988,0.91965,0.97878,0.94347,0.94848,0.8694,0.85905,0.88306,0.88825,0.87129,0.90048,0.87752,0.87131,0.87644,0.9341,0.94268,0.92568,0.95912,1.06066,1.1039,1.15543,1.1096,1.11623,1.11852,1.13063,1.14016,1.19919
Dec1964,0.83403,0.83308,0.50233,1.07551,0.98657,1.19598,1.45982,1.45054,1.47925,1.43076,1.35493,1.34008,1.42494,1.40876,1.53957,1.28351,1.20203,1.16043,1.00833,0.99401,1.01095,0.99822,0.95505,0.92533,0.98436,0.94949,0.95394,0.87643,0.86633,0.88943,0.89426,0.87725,0.90573,0.88282,0.87659,0.88161,0.93895,0.94739,0.93038,0.9631,1.06302,1.10552,1.15661,1.11101,1.11757,1.11993,1.13189,1.14143
Jan1965,2.28197,1.98029,1.44723,0.86635,1.2116,1.10093,1.28617,1.53045,1.51766,1.54219,1.49413,1.41972,1.40451,1.48941,1.47239,1.59045,1.33018,1.24643,1.20461,1.05204,1.03556,1.05082,1.03656,0.99246,0.96234,1.02348,0.98807,0.98951,0.9107,0.89886,0.92165,0.92636,0.90819,0.93573,0.91139,0.90412,0.90888,0.96638,0.97457,0.95585,0.98743,1.08525,1.12604,1.17588,1.13052,1.13698,1.13929,1.15133
Feb1965,1.42717,2.02277,1.89799,1.61974,1.01959,1.27171,1.16936,1.33211,1.55527,1.53974,1.55993,1.51288,1.44285,1.42836,1.50996,1.49259,1.60185,1.35203,1.2712,1.23094,1.08207,1.06479,1.07825,1.06349,1.02022,0.99047,1.05201,1.01718,1.0164,0.93776,0.9241,0.9453,0.94886,0.93029,0.95682,0.93244,0.92495,0.92955,0.98726,0.99545,0.97614,1.00615,1.10133,1.14059,1.18971,1.1447,1.15081,1.15294
Mar1965,0.14093,0.69469,1.3227,1.33077,1.27469,0.90457,1.19538,1.12417,1.28218,1.50356,1.48669,1.50827,1.46246,1.39512,1.38251,1.46059,1.44591,1.55781,1.3211,1.2465,1.20886,1.06438,1.04704,1.05963,1.04515,1.00308,0.97436,1.03454,1.00043,0.99972,0.92458,0.91143,0.93255,0.93624,0.91766,0.9436,0.91969,0.91229,0.91668,0.9739,0.98221,0.96385,0.99392,1.08859,1.12742,1.1766,1.13206,1.13845
Apr1965,1.24759,0.7368,0.98533,1.39962,1.40409,1.37867,1.03007,1.24676,1.17616,1.31808,1.52125,1.50265,1.52133,1.47611,1.41256,1.40021,1.47372,1.46033,1.56541,1.34034,1.26736,1.23141,1.09248,1.07398,1.08509,1.07081,1.02962,1.00155,1.06068,1.02719,1.02392,0.9493,0.93385,0.95262,0.95598,0.93722,0.96231,0.93873,0.93138,0.93548,0.99364,1.00162,0.98305,1.01176,1.10268,1.14028,1.18847,1.14439
May1965,-0.30487,0.40033,0.32539,0.54845,0.8922,0.96561,0.98165,0.80232,1.10307,1.0669,1.2159,1.42823,1.41332,1.43579,1.39303,1.33226,1.32203,1.39495,1.38381,1.49762,1.28547,1.22021,1.18632,1.05054,1.03277,1.04478,1.03119,0.99109,0.9636,1.02488,0.99216,0.99031,0.91793,0.90447,0.92409,0.92795,0.90919,0.93464,0.91162,0.90455,0.90875,0.96703,0.97523,0.95774,0.98761,1.08066,1.11871,1.16752
Jun1965,1.02223,0.62882,0.88187,0.74609,0.88318,1.13824,1.17494,1.17562,0.9726,1.17878,1.13686,1.27178,1.46685,1.45271,1.47342,1.43348,1.37528,1.36467,1.42805,1.417,1.52099,1.31773,1.25642,1.2232,1.09201,1.07451,1.08429,1.07036,1.03125,1.00459,1.06327,1.0317,1.02712,0.95376,0.93838,0.95668,0.95942,0.94059,0.96466,0.94221,0.935,0.93885,0.99731,1.00531,0.98746,1.01501,1.1032,1.13913
Jul1965,-0.43349,0.34233,0.17142,0.43757,0.41266,0.53008,0.72263,0.76798,0.78417,0.69663,0.96492,0.95932,1.09989,1.30304,1.29412,1.31954,1.28403,1.22955,1.22215,1.28349,1.27597,1.3892,1.20695,1.15836,1.12974,1.00709,0.99162,1.003,0.9915,0.95468,0.92981,0.98655,0.95691,0.95726,0.89113,0.88339,0.90426,0.90804,0.89026,0.91377,0.89204,0.88534,0.8895,0.94904,0.95718,0.94151,0.97074,1.06014
Aug1965,0.90317,0.46147,0.7523,0.64435,0.77302,0.72878,0.80045,0.93047,1.00353,1.01559,0.91895,1.10118,1.08197,1.19894,1.36482,1.35827,1.37914,1.34827,1.30116,1.29437,1.3528,1.34596,1.44007,1.27315,1.22236,1.19367,1.08075,1.06562,1.07448,1.06276,1.02855,1.00544,1.05478,1.02725,1.02519,0.96211,0.95033,0.96676,0.97007,0.95221,0.97216,0.95118,0.94411,0.94778,1.00391,1.011,0.99368,1.0192
Sep1965,0.88608,1.0403,0.72291,0.90301,0.82586,0.92465,0.88125,0.93163,1.02928,1.08388,1.08817,1.00885,1.14587,1.13358,1.23581,1.38217,1.37544,1.39183,1.36235,1.32011,1.31291,1.36678,1.35952,1.44402,1.29485,1.24258,1.21568,1.11104,1.09732,1.10498,1.09416,1.06233,1.04084,1.10053,1.07472,1.07114,1.0104,0.99724,1.01213,1.01443,0.99668,1.01432,0.99337,0.98608,0.98923,1.04266,1.04938,1.0321
Oct1965,0.68754,0.94396,1.04327,0.76674,0.91392,0.84157,0.92599,0.89061,0.936,1.02454,1.0842,1.08805,1.01762,1.13958,1.13224,1.22948,1.36577,1.35856,1.37289,1.34488,1.30547,1.2983,1.36428,1.3569,1.43757,1.29633,1.24681,1.21949,1.11851,1.10506,1.11199,1.10174,1.07125,1.05072,1.11379,1.08869,1.08425,1.02554,1.01144,1.02566,1.0276,1.00992,1.02705,1.00641,0.99932,1.00243,1.05775,1.06435
Nov1965,1.44063,1.03074,1.10611,1.14572,0.87447,0.99996,0.92522,0.99947,0.96136,1.00275,1.08582,1.14835,1.14916,1.07341,1.18458,1.175,1.2686,1.40018,1.39073,1.40348,1.37523,1.33612,1.32908,1.39881,1.39146,1.46809,1.32626,1.27464,1.24678,1.14632,1.13234,1.13879,1.12824,1.09785,1.07742,1.14062,1.11583,1.11003,1.0506,1.03439,1.04749,1.04901,1.03121,1.04786,1.02727,1.02009,1.02301,1.07825
Dec1965,2.10335,1.7858,1.22042,1.21015,1.22031,0.95797,1.06751,0.99009,1.05483,1.01458,1.05265,1.13167,1.1939,1.1933,1.11389,1.21658,1.20508,1.29504,1.42184,1.41174,1.42364,1.39542,1.35681,1.34968,1.42008,1.41255,1.48593,1.34573,1.29289,1.26466,1.16535,1.15112,1.15687,1.14607,1.11591,1.09568,1.15884,1.1344,1.12792,1.06813,1.05034,1.06236,1.06347,1.04568,1.06195,1.04156,1.03423,1.03711
Jan1966,1.01739,1.67305,1.70442,1.2766,1.22469,1.2363,0.97459,1.0781,1.00217,1.06529,1.02554,1.06275,1.14052,1.20199,1.20121,1.12106,1.22021,1.20992,1.30051,1.42695,1.416,1.42754,1.39924,1.3607,1.3535,1.42751,1.42019,1.49364,1.35256,1.29825,1.27055,1.17172,1.15693,1.16239,1.15092,1.12013,1.0998,1.16223,1.13782,1.1307,1.07068,1.0528,1.06403,1.06442,1.04683,1.06329,1.043,1.03597
Feb1966,-0.42434,0.25762,0.89324,1.25012,1.09409,1.12941,1.17294,0.92024,1.02545,0.95335,1.0176,0.98042,1.0175,1.09317,1.1522,1.15197,1.08036,1.18343,1.17928,1.27025,1.39668,1.38656,1.39847,1.37082,1.33313,1.32614,1.39974,1.39296,1.4681,1.33059,1.2793,1.25247,1.15449,1.13982,1.14543,1.13417,1.10365,1.08365,1.14553,1.12163,1.11539,1.05649,1.04021,1.05144,1.05236,1.03488,1.05129,1.03123
Mar1966,0.48899,0.12451,0.39335,0.80184,1.11203,1.05204,1.10066,1.16133,0.92186,1.01922,0.94778,1.0074,0.97306,1.01006,1.08308,1.13936,1.13942,1.07112,1.17423,1.17274,1.26202,1.3853,1.37581,1.3878,1.36059,1.32356,1.31681,1.38891,1.38222,1.45643,1.32229,1.27179,1.24545,1.14911,1.13427,1.13962,1.12855,1.09838,1.07846,1.14003,1.11664,1.11085,1.0527,1.03614,1.04669,1.04776,1.03072,1.04724
Apr1966,0.03779,0.27449,0.09923,0.28952,0.6112,0.88204,0.91723,1.01808,1.10107,0.87763,0.9733,0.9061,0.96453,0.93418,0.97115,1.04154,1.09442,1.09602,1.0349,1.14181,1.14454,1.23302,1.35495,1.34624,1.35891,1.33311,1.29709,1.29068,1.36001,1.3532,1.4274,1.29828,1.24965,1.22411,1.12992,1.11539,1.121,1.11034,1.08081,1.06122,1.12326,1.10018,1.09554,1.03905,1.02311,1.03396,1.03528,1.01842
May1966,-0.21167,-0.11131,0.08166,-0.02021,0.13163,0.39899,0.63238,0.72658,0.89364,1.00467,0.79902,0.89847,0.83651,0.89677,0.87095,0.90896,0.97913,1.03208,1.03536,0.98261,1.09478,1.10398,1.19293,1.31556,1.30775,1.32102,1.29564,1.26039,1.25429,1.32754,1.3213,1.39738,1.2704,1.22397,1.19904,1.10543,1.09079,1.09673,1.08649,1.05715,1.03768,1.10014,1.07723,1.07356,1.01807,1.00356,1.01467,1.01635
Jun1966,2.07944,1.76542,1.44103,1.32369,1.14208,1.1945,1.34392,1.47951,1.35702,1.28752,1.31899,1.11675,1.18339,1.116,1.1589,1.12705,1.15591,1.21659,1.26405,1.26273,1.19226,1.27333,1.26873,1.3463,1.45441,1.44514,1.45383,1.42872,1.39418,1.38789,1.45822,1.45173,1.51294,1.38326,1.32768,1.30006,1.21044,1.19493,1.19904,1.18824,1.15956,1.14056,1.20488,1.18311,1.17504,1.11757,1.09684,1.10423
Jul1966,-1.91723,-0.05393,-0.13665,-0.07906,0.0419,-0.01771,0.06196,0.22881,0.37744,0.48274,0.6765,0.80368,0.64597,0.74735,0.69647,0.75325,0.73419,0.77083,0.83706,0.88414,0.89046,0.85296,0.97054,0.99526,1.08504,1.20899,1.20346,1.21697,1.1944,1.16177,1.15722,1.22203,1.2173,1.29497,1.17936,1.14476,1.12446,1.03796,1.02464,1.03077,1.02133,0.99396,0.9761,1.03905,1.0181,1.01702,0.96761,0.95811
Aug1966,-0.62943,-1.39823,-0.41702,-0.43932,-0.38186,-0.27242,-0.29358,-0.22298,-0.08507,0.04691,0.17145,0.37704,0.54893,0.43343,0.54091,0.50544,0.56518,0.55301,0.5913,0.65461,0.70233,0.71049,0.69175,0.81635,0.85538,0.94794,1.07053,1.06877,1.08446,1.06482,1.0353,1.03197,1.0862,1.08273,1.16656,1.06508,1.04299,1.0268,0.9471,0.93509,0.94148,0.93337,0.90764,0.8913,0.94752,0.92805,0.92951,0.88698
Sep1966,1.83346,0.82161,-0.13378,0.57691,0.52543,0.51509,0.53209,0.47567,0.51315,0.62766,0.71427,0.76196,0.84881,0.94031,0.81589,0.88712,0.84558,0.88732,0.86734,0.89491,0.94607,0.99068,0.99307,0.95738,1.04806,1.0626,1.13536,1.23708,1.23291,1.24396,1.22472,1.19683,1.19281,1.25955,1.25578,1.32346,1.22367,1.19114,1.17183,1.09581,1.08275,1.08596,1.07637,1.05118,1.03505,1.08994,1.07142,1.06838
Oct1966,1.67349,1.95238,1.25863,0.45835,0.96495,0.90296,0.87365,0.87091,0.81234,0.83735,0.94346,1.00989,1.02301,1.06135,1.12255,1.0044,1.05929,1.01636,1.04759,1.0248,1.04724,1.09132,1.14442,1.14431,1.10073,1.17509,1.17781,1.23939,1.32902,1.32355,1.33225,1.31349,1.28671,1.28244,1.35526,1.35106,1.4097,1.31103,1.27229,1.25125,1.17769,1.16428,1.16654,1.15664,1.13215,1.11641,1.1743,1.15627
Nov1966,0.3276,1.61217,1.90511,1.22591,0.45373,0.9412,0.87987,0.85119,0.84827,0.79272,0.8174,0.92354,0.98833,1.00314,1.04462,1.10937,0.99382,1.04865,1.00548,1.03614,1.01385,1.03618,1.08017,1.1356,1.13578,1.09262,1.16751,1.17146,1.23354,1.3238,1.31808,1.32683,1.3081,1.28134,1.27715,1.34926,1.34535,1.40432,1.30584,1.26745,1.24647,1.1731,1.15975,1.16203,1.15222,1.12778,1.11207,1.16949
Dec1966,0.54576,0.41994,1.57182,1.86846,1.22181,0.48144,0.94667,0.88398,0.8531,0.84842,0.7942,0.81796,0.92203,0.98506,0.99929,1.04101,1.10655,0.99344,1.04693,1.00424,1.03432,1.01202,1.03392,1.07734,1.13286,1.13301,1.09042,1.16542,1.16977,1.2311,1.32067,1.31496,1.32337,1.30467,1.27812,1.274,1.34554,1.34187,1.40099,1.30305,1.26498,1.24398,1.17098,1.15768,1.15996,1.1503,1.12594,1.11038
Jan1967,0.4313,0.54979,0.44707,1.52682,1.83207,1.20141,0.47375,0.92775,0.8675,0.83803,0.83414,0.7805,0.80388,0.90642,0.96899,0.98495,1.02628,1.09515,0.98345,1.0372,0.99381,1.02395,1.00107,1.02258,1.06623,1.12371,1.12406,1.08146,1.15899,1.16426,1.2269,1.3172,1.31119,1.31953,1.30055,1.27365,1.2696,1.33979,1.33643,1.3956,1.29756,1.25965,1.23828,1.16461,1.15153,1.15403,1.14455,1.12043
Feb1967,1.18499,0.89998,0.91527,0.72758,1.57803,1.83115,1.24883,0.55203,0.97543,0.91526,0.88636,0.88037,0.82836,0.8494,0.94837,1.00587,1.01727,1.05364,1.11911,1.01061,1.06123,1.01794,1.04603,1.02293,1.04364,1.0859,1.14389,1.14413,1.10086,1.17592,1.17966,1.2405,1.32872,1.32236,1.33032,1.31149,1.28481,1.2809,1.351,1.34797,1.40577,1.30828,1.27,1.24812,1.17544,1.16226,1.16452,1.15504
Mar1967,1.11931,1.23795,1.08213,1.06545,0.91014,1.63121,1.84236,1.28453,0.63216,1.01692,0.95525,0.92438,0.91807,0.86998,0.88973,0.98358,1.03671,1.04364,1.07732,1.13968,1.03502,1.08239,1.03896,1.06453,1.04133,1.06138,1.10256,1.15985,1.15974,1.11544,1.18861,1.19013,1.24924,1.33603,1.32926,1.33692,1.31827,1.29189,1.28781,1.35791,1.35514,1.4121,1.31537,1.27609,1.25367,1.1816,1.1686,1.17091
Apr1967,1.08778,1.16967,1.26226,1.16807,1.15413,1.03562,1.66109,1.85431,1.31174,0.69903,1.05224,0.99145,0.96031,0.95387,0.90852,0.92659,1.01546,1.06527,1.06865,1.10037,1.15869,1.05831,1.10346,1.06,1.08379,1.06115,1.08022,1.12003,1.17606,1.1755,1.13056,1.20105,1.20014,1.25707,1.34225,1.33539,1.34274,1.32445,1.29857,1.29448,1.36593,1.36314,1.41924,1.32398,1.28388,1.26127,1.19015,1.17714
May1967,0.77254,0.99919,1.08376,1.17458,1.12073,1.13508,1.04133,1.59059,1.84027,1.31551,0.73448,1.06726,1.00795,0.97782,0.97176,0.92859,0.94637,1.03417,1.082,1.08445,1.11426,1.1713,1.07327,1.11627,1.07312,1.09621,1.07368,1.09236,1.13118,1.19119,1.19072,1.14457,1.21349,1.21065,1.26651,1.35136,1.34395,1.35107,1.33291,1.30703,1.30294,1.37613,1.37347,1.42896,1.33353,1.29289,1.26929,1.19804
Jun1967,1.42111,1.5032,1.51062,1.52255,1.6,1.55315,1.52184,1.42338,1.77722,1.89546,1.4358,0.90492,1.19864,1.13876,1.10587,1.09656,1.05344,1.06857,1.14847,1.19066,1.18189,1.20034,1.24984,1.15471,1.19276,1.15063,1.17007,1.14729,1.16423,1.20101,1.25817,1.25738,1.20829,1.26775,1.25942,1.31026,1.3903,1.38271,1.38901,1.37123,1.34601,1.34179,1.41507,1.41263,1.46355,1.36956,1.32825,1.30415
Jul1967,1.16689,1.53361,1.58691,1.57992,1.56781,1.59567,1.5745,1.55286,1.48142,1.75767,1.89744,1.49648,1.01026,1.27069,1.21137,1.17761,1.16567,1.12351,1.1369,1.21333,1.25211,1.23638,1.24824,1.29201,1.20078,1.23746,1.19586,1.21321,1.19143,1.20713,1.24206,1.29854,1.29765,1.24794,1.30208,1.29062,1.33746,1.41219,1.40417,1.40949,1.39209,1.36774,1.3635,1.44145,1.43912,1.48594,1.39469,1.3523
Aug1967,0.55703,0.85522,1.18755,1.25426,1.30999,1.34761,1.37466,1.36199,1.42965,1.38961,1.63132,1.8404,1.46026,1.03289,1.25915,1.21079,1.1816,1.17157,1.13537,1.14744,1.21992,1.25521,1.24079,1.25355,1.29223,1.20771,1.24171,1.20386,1.2198,1.1992,1.21353,1.24563,1.29105,1.29036,1.2478,1.29786,1.28674,1.32867,1.39759,1.39077,1.39566,1.37932,1.35681,1.35306,1.42089,1.41835,1.46289,1.38031
Sep1967,1.17099,0.98017,1.14515,1.35345,1.39512,1.43505,1.45434,1.47106,1.45414,1.49645,1.45969,1.63139,1.80278,1.507,1.14843,1.3398,1.2946,1.26558,1.25365,1.22031,1.22929,1.29558,1.32471,1.3074,1.3154,1.33985,1.26212,1.29016,1.25551,1.26914,1.25034,1.26286,1.29177,1.35229,1.35188,1.30945,1.35466,1.34041,1.37877,1.44251,1.43547,1.4388,1.42296,1.40121,1.39731,1.45944,1.45706,1.49775
Oct1967,1.31606,1.41277,1.2134,1.31535,1.4694,1.49344,1.52229,1.54249,1.55601,1.53853,1.59152,1.55332,1.68541,1.82493,1.55783,1.23507,1.40363,1.35925,1.32977,1.31682,1.28532,1.29241,1.3692,1.39498,1.37331,1.37632,1.39322,1.3166,1.33991,1.30664,1.31851,1.30042,1.31176,1.33871,1.4054,1.40454,1.36132,1.40187,1.3839,1.41919,1.4796,1.47285,1.47602,1.46079,1.43979,1.43594,1.50182,1.49936
Nov1967,0.85844,1.38207,1.43473,1.2354,1.32976,1.47758,1.49698,1.52272,1.53967,1.55197,1.5356,1.59448,1.5556,1.68705,1.82727,1.56315,1.24496,1.41128,1.36584,1.336,1.32292,1.2917,1.29891,1.37905,1.40491,1.38211,1.38483,1.40117,1.32482,1.34824,1.31455,1.32622,1.30808,1.31929,1.34614,1.41244,1.41183,1.36837,1.4082,1.38951,1.42435,1.48449,1.47789,1.48094,1.46573,1.44465,1.44077,1.5062
Dec1967,2.59754,1.45514,1.56823,1.5229,1.32312,1.40519,1.53566,1.54976,1.56986,1.58489,1.59607,1.57958,1.63889,1.60016,1.72174,1.85323,1.59081,1.27986,1.43978,1.39432,1.36434,1.35083,1.31991,1.3267,1.40737,1.43242,1.4074,1.40905,1.42233,1.34639,1.36895,1.33533,1.34618,1.32794,1.33873,1.36509,1.43148,1.43106,1.38748,1.42543,1.40517,1.43894,1.49844,1.49174,1.49471,1.47946,1.4586,1.45475
Jan1968,1.86222,2.49795,1.7491,1.72104,1.58505,1.39089,1.46217,1.58211,1.59307,1.61036,1.62461,1.63595,1.6199,1.67987,1.64158,1.75306,1.87906,1.61542,1.30937,1.46647,1.41981,1.38912,1.3752,1.34424,1.35081,1.43541,1.4607,1.4332,1.43371,1.443,1.36726,1.38942,1.3554,1.36573,1.34718,1.35757,1.38385,1.44917,1.44914,1.4043,1.44081,1.41842,1.45109,1.50972,1.50299,1.5058,1.49063,1.46987
Feb1968,1.98374,2.05554,2.41853,2.03069,1.85383,1.64715,1.47197,1.52557,1.62768,1.63331,1.64526,1.65641,1.66705,1.65205,1.71032,1.67295,1.7734,1.89036,1.63834,1.3462,1.49648,1.45015,1.41942,1.40538,1.37512,1.38124,1.46633,1.491,1.46184,1.4606,1.46671,1.39163,1.41253,1.37854,1.38825,1.36985,1.37983,1.40571,1.47129,1.47157,1.42621,1.46073,1.43672,1.46781,1.52527,1.51825,1.52082,1.50577
Mar1968,2.07279,2.19045,2.31083,2.51897,2.26686,2.045,1.72622,1.55303,1.59452,1.68374,1.68179,1.69064,1.69941,1.70757,1.69373,1.75174,1.7173,1.80648,1.91621,1.6681,1.38714,1.52936,1.48413,1.45381,1.43967,1.40984,1.41558,1.49977,1.52356,1.49179,1.48892,1.491,1.41643,1.43667,1.4026,1.41176,1.3935,1.40319,1.42839,1.49452,1.49505,1.44921,1.48218,1.45565,1.48542,1.54192,1.53452,1.53679
Apr1968,2.11993,2.25712,2.35302,2.45638,2.58849,2.47794,2.24337,1.83042,1.64325,1.6734,1.74565,1.73876,1.74327,1.74779,1.75454,1.74059,1.79563,1.76356,1.84245,1.94316,1.70184,1.43521,1.56874,1.52498,1.49583,1.48251,1.45357,1.45887,1.54099,1.56307,1.52841,1.52419,1.52016,1.44683,1.46621,1.4325,1.44092,1.42296,1.43223,1.45663,1.52515,1.52561,1.47959,1.51068,1.48127,1.50919,1.56435,1.55682
May1968,1.34118,1.83963,2.01688,2.17046,2.27198,2.43488,2.32381,2.22812,1.88261,1.69162,1.71524,1.78417,1.77386,1.77624,1.7784,1.78373,1.77082,1.82805,1.79749,1.87055,1.96871,1.72933,1.46925,1.59819,1.55526,1.52602,1.51253,1.48416,1.48924,1.5781,1.60012,1.5626,1.55668,1.54863,1.47461,1.49384,1.45959,1.46747,1.44961,1.45856,1.48276,1.55399,1.55461,1.50719,1.53705,1.5058,1.5319,1.58623
Jun1968,0.44926,0.97636,1.382,1.57657,1.77022,1.92592,2.0498,2.02133,1.99778,1.76144,1.61945,1.65713,1.72914,1.72502,1.73136,1.7366,1.7433,1.72951,1.77246,1.74391,1.82193,1.92638,1.7044,1.4503,1.57729,1.53657,1.50698,1.4941,1.46619,1.47156,1.55277,1.57446,1.53899,1.53169,1.52558,1.45303,1.47256,1.43975,1.44769,1.43029,1.43887,1.46223,1.53204,1.53271,1.48766,1.51652,1.48916,1.51464
Jul1968,-0.59174,-0.1355,0.30504,0.72443,0.93899,1.07596,1.20159,1.32854,1.33339,1.4881,1.48706,1.39819,1.44016,1.53454,1.53649,1.55028,1.55872,1.56654,1.55686,1.59692,1.5724,1.66621,1.79571,1.58733,1.33802,1.47224,1.43212,1.40443,1.39255,1.36588,1.37201,1.44885,1.47069,1.44279,1.44192,1.44481,1.37667,1.3968,1.36529,1.37363,1.3568,1.36537,1.38827,1.46044,1.46113,1.42035,1.45223,1.43065
Aug1968,-1.66381,-1.35203,-1.08678,-0.74449,-0.37066,-0.10428,0.05294,0.17507,0.33154,0.3777,0.64985,0.86121,0.85589,0.9449,1.06913,1.09295,1.12103,1.13983,1.15732,1.15236,1.19069,1.17275,1.30417,1.47652,1.29624,1.05923,1.20151,1.16812,1.14597,1.13739,1.11381,1.12135,1.18414,1.20675,1.19995,1.21471,1.24051,1.18041,1.20437,1.17597,1.18607,1.17086,1.18043,1.20393,1.26271,1.26337,1.23292,1.27448
Sep1968,0.45496,-0.99615,-0.97395,-0.76166,-0.4811,-0.17109,0.04746,0.1757,0.27823,0.41546,0.45249,0.68058,0.85464,0.8586,0.93947,1.05241,1.07398,1.09929,1.11553,1.13125,1.12612,1.16302,1.14625,1.26906,1.43244,1.26508,1.04742,1.1785,1.14868,1.12868,1.12144,1.09972,1.10685,1.18039,1.20219,1.19674,1.21284,1.23977,1.18318,1.20613,1.17863,1.18747,1.17249,1.18144,1.20392,1.25791,1.25867,1.23021
Oct1968,0.3437,0.48983,-0.74634,-0.78963,-0.61718,-0.37663,-0.11333,0.07474,0.18842,0.28246,0.41186,0.44891,0.66378,0.82555,0.83632,0.91554,1.02354,1.0438,1.06724,1.08231,1.09744,1.09238,1.1394,1.12324,1.24255,1.40178,1.24415,1.03486,1.15955,1.13113,1.11196,1.10544,1.08474,1.09177,1.16811,1.18906,1.18433,1.20122,1.22877,1.17413,1.19675,1.16986,1.17882,1.16422,1.17319,1.19538,1.25174,1.25254
Nov1968,-0.21645,0.1552,0.39714,-0.73762,-0.7789,-0.61825,-0.39039,-0.14006,0.04144,0.15249,0.24347,0.36918,0.4064,0.61857,0.78445,0.80206,0.88302,0.99201,1.01225,1.03596,1.05172,1.06721,1.06262,1.11174,1.09608,1.21731,1.3795,1.22376,1.01486,1.14064,1.1123,1.09346,1.08719,1.0667,1.07393,1.1494,1.17068,1.16685,1.18467,1.21361,1.15928,1.18225,1.15544,1.16454,1.15008,1.15913,1.18141,1.23713
Dec1968,-0.47801,-0.37696,0.03462,0.33286,-0.72377,-0.76563,-0.61256,-0.39659,-0.15863,0.01484,0.122,0.21021,0.33264,0.36963,0.57923,0.74785,0.77139,0.85297,0.9618,0.9825,1.00674,1.02267,1.03834,1.03409,1.083,1.06775,1.19014,1.35448,1.2019,0.99481,1.1204,1.09244,1.07377,1.06768,1.04746,1.0548,1.12932,1.15069,1.14804,1.16663,1.1969,1.14295,1.16619,1.13949,1.14877,1.13454,1.14363,1.16605
Jan1969,-1.16129,-0.86676,-0.69293,-0.24188,0.1401,-0.80311,-0.83199,-0.69047,-0.48528,-0.25113,-0.07701,0.02959,0.11817,0.23892,0.27692,0.49393,0.67074,0.7047,0.79038,0.90307,0.92495,0.95089,0.96758,0.98357,0.97964,1.02951,1.01464,1.14311,1.31521,1.16404,0.95641,1.08547,1.0573,1.03878,1.03237,1.01163,1.01932,1.0926,1.1145,1.11315,1.13397,1.16744,1.11335,1.13679,1.11029,1.12017,1.10622,1.11587
Feb1969,-1.03474,-1.1524,-0.98074,-0.85757,-0.44154,-0.01205,-0.86255,-0.87451,-0.73423,-0.53389,-0.3033,-0.12977,-0.02473,0.06221,0.18061,0.21892,0.43429,0.61495,0.65601,0.74241,0.85523,0.87797,0.90437,0.92163,0.93807,0.93447,0.98374,0.96961,1.10009,1.2748,1.12858,0.92284,1.05201,1.02421,1.0062,1.00018,0.97971,0.98768,1.06011,1.08235,1.08261,1.10499,1.14127,1.08773,1.1119,1.08555,1.09561,1.08191
Mar1969,-0.96307,-1.02075,-1.09726,-1.00133,-0.93359,-0.63496,-0.21944,-0.90664,-0.90805,-0.77942,-0.59483,-0.38283,-0.21668,-0.11418,-0.03054,0.08103,0.11847,0.3307,0.51858,0.5708,0.6598,0.774,0.79722,0.82392,0.84247,0.85998,0.8575,0.90472,0.89144,1.02486,1.20505,1.065,0.862,0.99225,0.96506,0.9477,0.94248,0.92252,0.93062,1.00169,1.02433,1.02743,1.05256,1.09273,1.03993,1.06517,1.03941,1.05029
Apr1969,-1.20504,-1.10272,-1.12611,-1.1746,-1.0928,-1.04034,-0.80698,-0.42687,-0.98234,-0.96998,-0.8477,-0.67475,-0.47471,-0.31175,-0.2121,-0.13054,-0.02322,0.01543,0.2231,0.41732,0.47965,0.5711,0.68761,0.71093,0.73846,0.75872,0.77685,0.77525,0.82045,0.80836,0.94428,1.12846,0.99544,0.79515,0.92658,0.90037,0.88433,0.88015,0.86097,0.86939,0.93971,0.9625,0.9686,0.99681,1.04096,0.98977,1.016,0.99066
May1969,-0.77876,-1.06825,-1.05219,-1.08566,-1.13066,-1.06867,-1.02556,-0.83922,-0.52126,-0.9951,-0.98213,-0.87097,-0.71087,-0.52435,-0.36851,-0.27283,-0.19452,-0.09125,-0.05277,0.14997,0.34365,0.41325,0.50626,0.62233,0.64614,0.6752,0.69661,0.7155,0.7144,0.76024,0.74905,0.88686,1.07452,0.9453,0.74657,0.87886,0.85291,0.83762,0.83426,0.81557,0.82421,0.89415,0.91731,0.92528,0.95559,1.00306,0.95234,0.97947
Jun1969,-1.45186,-1.38877,-1.42543,-1.31468,-1.31417,-1.33429,-1.26871,-1.21891,-1.05272,-0.76698,-1.13657,-1.10707,-1.00538,-0.85815,-0.68493,-0.53442,-0.44259,-0.36568,-0.26438,-0.2238,-0.02674,0.17291,0.25334,0.3533,0.47386,0.50108,0.53308,0.55743,0.57805,0.57841,0.62123,0.61222,0.7551,0.94672,0.83045,0.63924,0.77173,0.74755,0.73447,0.73304,0.71555,0.72482,0.79204,0.81572,0.82803,0.86283,0.91717,0.87002
Jul1969,-0.14239,-0.89057,-0.99855,-1.11506,-1.10184,-1.12304,-1.15933,-1.10501,-1.06967,-0.93296,-0.69622,-1.04802,-1.03228,-0.94307,-0.80772,-0.65036,-0.514,-0.42921,-0.35956,-0.26435,-0.22695,-0.04283,0.14199,0.22247,0.32154,0.43622,0.46423,0.4962,0.52165,0.54241,0.54344,0.58605,0.57794,0.71777,0.90551,0.79868,0.61699,0.74533,0.7222,0.70937,0.70768,0.69094,0.70025,0.76794,0.79117,0.80378,0.83894,0.89354
Aug1969,0.27091,0.09238,-0.36141,-0.51255,-0.68066,-0.75949,-0.80784,-0.86033,-0.84527,-0.83768,-0.73073,-0.55218,-0.88979,-0.89397,-0.81035,-0.68751,-0.54278,-0.42124,-0.34484,-0.28204,-0.19043,-0.15872,0.01456,0.18,0.25892,0.35398,0.45906,0.48512,0.51436,0.53886,0.55908,0.56041,0.6006,0.59265,0.72267,0.89967,0.80167,0.63146,0.75302,0.73023,0.71709,0.71531,0.69903,0.70796,0.77224,0.79394,0.80432,0.83809
Sep1969,0.55178,0.41485,0.28492,-0.11892,-0.24196,-0.40808,-0.50895,-0.56989,-0.62757,-0.61316,-0.61472,-0.52344,-0.37718,-0.73637,-0.75967,-0.68441,-0.56697,-0.42866,-0.31479,-0.24357,-0.18459,-0.0945,-0.06607,0.0928,0.24169,0.31663,0.40226,0.49973,0.52449,0.55123,0.57338,0.5917,0.59267,0.63687,0.629,0.75212,0.92032,0.82687,0.66337,0.77977,0.75733,0.74361,0.74097,0.72488,0.73325,0.79557,0.81646,0.82621
Oct1969,1.69215,1.30788,0.99423,0.79845,0.42003,0.29248,0.11945,-0.02051,-0.10216,-0.17297,-0.17176,-0.19098,-0.12226,-0.02185,-0.40916,-0.46132,-0.39649,-0.2877,-0.16218,-0.0646,-0.00099,0.05126,0.13626,0.15844,0.29999,0.42917,0.4893,0.56359,0.64955,0.66882,0.6904,0.70841,0.72398,0.72397,0.77171,0.7629,0.87316,1.02705,0.93011,0.77205,0.88026,0.85716,0.8427,0.83859,0.82243,0.82992,0.89392,0.91354
Nov1969,0.56837,1.6824,1.29817,0.99341,0.8038,0.43793,0.31494,0.14888,0.01337,-0.06513,-0.13452,-0.13469,-0.15451,-0.09191,0.00201,-0.37553,-0.42968,-0.36791,-0.26229,-0.14115,-0.04663,0.01491,0.06564,0.14881,0.17022,0.30892,0.43532,0.495,0.56812,0.65292,0.67214,0.69367,0.71144,0.727,0.72704,0.77456,0.76589,0.87515,1.02813,0.93143,0.77419,0.88169,0.85856,0.84415,0.84011,0.82405,0.83145,0.89509
Dec1969,0.46016,0.54828,1.6303,1.28231,0.99141,0.81148,0.45904,0.337,0.17472,0.04129,-0.03562,-0.10341,-0.10322,-0.12398,-0.06534,0.02385,-0.34311,-0.39864,-0.33946,-0.23745,-0.12022,-0.02928,0.03019,0.0797,0.16124,0.18198,0.3177,0.4419,0.50127,0.57268,0.65593,0.67467,0.69569,0.71304,0.72835,0.72837,0.77559,0.76695,0.87491,1.02635,0.9302,0.77392,0.88031,0.85734,0.843,0.8392,0.82308,0.8305
Jan1970,0.21211,0.37549,0.47011,1.55465,1.23177,0.95954,0.78203,0.43623,0.31816,0.16061,0.02957,-0.04744,-0.11437,-0.11418,-0.13669,-0.07823,0.00902,-0.35459,-0.41293,-0.35597,-0.25439,-0.13789,-0.04802,0.01032,0.05965,0.14026,0.16071,0.29661,0.42315,0.4862,0.5597,0.64486,0.66331,0.6844,0.70095,0.71571,0.71572,0.76262,0.75375,0.86281,1.01627,0.92061,0.76256,0.86921,0.84646,0.83233,0.82881,0.81302
Feb1970,-0.14526,0.03976,0.23555,0.33649,1.4149,1.16411,0.92684,0.75605,0.42688,0.31394,0.16533,0.03944,-0.0355,-0.10106,-0.09982,-0.12237,-0.06635,0.01795,-0.33875,-0.39887,-0.34446,-0.24488,-0.13107,-0.04331,0.01389,0.06218,0.14178,0.16171,0.29491,0.41989,0.48279,0.55531,0.63904,0.65708,0.67795,0.69429,0.70884,0.70893,0.75565,0.74712,0.85554,1.00807,0.9141,0.75713,0.86345,0.84089,0.82686,0.82342
Mar1970,0.08077,0.00829,0.06671,0.19986,0.27387,1.26526,1.08286,0.88811,0.72908,0.41993,0.31337,0.17323,0.05655,-0.01181,-0.07376,-0.07301,-0.09691,-0.04468,0.03473,-0.30447,-0.36485,-0.31358,-0.22054,-0.11405,-0.03108,0.02397,0.07071,0.14821,0.16697,0.29471,0.41697,0.47771,0.54842,0.63005,0.64733,0.66739,0.68351,0.69771,0.69763,0.74393,0.73573,0.84307,0.99415,0.9014,0.74582,0.85126,0.82947,0.81609
Apr1970,-0.49679,-0.21556,-0.20045,-0.13688,-0.00685,0.06664,0.98703,0.9262,0.78025,0.63952,0.35321,0.25523,0.12602,0.02112,-0.04156,-0.09888,-0.09665,-0.11849,-0.06854,0.01071,-0.31176,-0.37023,-0.32022,-0.23162,-0.1296,-0.04925,0.00399,0.04956,0.12576,0.14465,0.26918,0.38859,0.45045,0.51932,0.60026,0.61746,0.63796,0.6544,0.66875,0.66884,0.71487,0.70696,0.81422,0.96531,0.87478,0.72151,0.82644,0.80501
May1970,1.07906,0.37428,0.28533,0.21181,0.22358,0.30442,0.34369,1.07543,0.99426,0.85026,0.7124,0.43782,0.34247,0.21758,0.11456,0.05305,-0.0036,-0.00147,-0.02559,0.01785,0.08605,-0.2292,-0.29085,-0.24566,-0.16274,-0.06556,0.00996,0.0607,0.10399,0.17839,0.19568,0.31453,0.4285,0.48562,0.55175,0.62983,0.64561,0.66515,0.68085,0.6947,0.69448,0.74134,0.7334,0.8382,0.98647,0.89483,0.74226,0.84572
Jun1970,-0.13503,0.40385,0.153,0.13828,0.08237,0.08785,0.16845,0.20447,0.85689,0.85358,0.7445,0.62408,0.37597,0.28736,0.17134,0.07622,0.01879,-0.03247,-0.02696,-0.04895,-0.00767,0.05966,-0.24152,-0.29905,-0.25489,-0.17518,-0.08088,-0.00791,0.04161,0.08358,0.15732,0.17442,0.29054,0.4018,0.4604,0.52733,0.60308,0.61846,0.63816,0.65416,0.66785,0.66791,0.71404,0.70681,0.81022,0.95633,0.86957,0.72166
Jul1970,-0.31,-0.26941,0.10019,-0.01256,0.02396,0.00091,0.00612,0.06558,0.09662,0.63723,0.69204,0.6136,0.51943,0.29645,0.21711,0.11035,0.0241,-0.027,-0.07434,-0.06668,-0.08604,-0.04524,0.01713,-0.26065,-0.31144,-0.27202,-0.19463,-0.10412,-0.03282,0.01533,0.05589,0.12825,0.14507,0.25871,0.3685,0.43027,0.49771,0.57175,0.58695,0.60587,0.62117,0.63462,0.63513,0.68198,0.67539,0.77663,0.9205,0.83853
Aug1970,-0.232,-0.3338,-0.30363,-0.07441,-0.13917,-0.11064,-0.11633,-0.10674,-0.05522,-0.02342,0.43567,0.5066,0.47465,0.4089,0.21702,0.15098,0.05686,-0.02155,-0.06812,-0.11215,-0.10115,-0.1198,-0.07683,-0.02041,-0.27428,-0.31819,-0.28201,-0.20806,-0.12175,-0.05173,-0.00437,0.03514,0.1069,0.12291,0.23008,0.33817,0.40153,0.46754,0.54021,0.55401,0.57156,0.58673,0.59944,0.6004,0.64493,0.63909,0.73456,0.87353
Sep1970,-0.90855,-0.68151,-0.63515,-0.60121,-0.37447,-0.40254,-0.3423,-0.33379,-0.31314,-0.25281,-0.21244,0.20707,0.29652,0.29883,0.24999,0.07569,0.01748,-0.06481,-0.13129,-0.17264,-0.21159,-0.19685,-0.21154,-0.16953,-0.11324,-0.34525,-0.38508,-0.34759,-0.27409,-0.1891,-0.11976,-0.07341,-0.03461,0.03335,0.04987,0.15652,0.26428,0.33174,0.39972,0.47278,0.48741,0.50535,0.52096,0.53402,0.53541,0.57829,0.57336,0.66932
Oct1970,-1.33288,-1.42548,-0.98196,-0.88332,-0.83599,-0.62806,-0.63673,-0.56233,-0.54326,-0.51531,-0.45482,-0.40645,-0.00436,0.10377,0.1318,0.0985,-0.05924,-0.11011,-0.18407,-0.2417,-0.27786,-0.31269,-0.29957,-0.31077,-0.26779,-0.20777,-0.42549,-0.45837,-0.4198,-0.34782,-0.26387,-0.19412,-0.14802,-0.10924,-0.04429,-0.02687,0.07831,0.18752,0.25675,0.32658,0.40012,0.41513,0.43418,0.4507,0.46441,0.46643,0.50875,0.50466
Nov1970,0.40544,-0.94053,-1.1709,-0.87287,-0.80418,-0.76518,-0.57059,-0.58115,-0.51514,-0.4988,-0.4742,-0.41839,-0.37316,0.0104,0.11354,0.14138,0.1078,-0.04704,-0.0969,-0.16989,-0.22661,-0.26249,-0.29698,-0.28497,-0.2965,-0.25458,-0.19688,-0.41032,-0.44355,-0.40655,-0.33577,-0.25338,-0.18513,-0.13971,-0.10154,-0.03706,-0.0201,0.08347,0.19153,0.25978,0.32871,0.40155,0.41611,0.43497,0.45139,0.46506,0.467,0.50915
Dec1970,-0.11189,0.18207,-0.7643,-1.02587,-0.81191,-0.76036,-0.72502,-0.54129,-0.55257,-0.49299,-0.4788,-0.45619,-0.40248,-0.36009,0.00858,0.10961,0.13967,0.10677,-0.04446,-0.09348,-0.16497,-0.22099,-0.25643,-0.2901,-0.2784,-0.2898,-0.24864,-0.19231,-0.40088,-0.43408,-0.39822,-0.32895,-0.24808,-0.18121,-0.13658,-0.09909,-0.03536,-0.01892,0.08273,0.18945,0.25646,0.32418,0.39592,0.4104,0.42907,0.44571,0.45901,0.46104
Jan1971,0.71366,0.33305,0.36034,-0.56364,-0.83674,-0.7239,-0.69763,-0.67537,-0.50531,-0.51933,-0.46763,-0.45772,-0.43689,-0.38455,-0.34649,0.01597,0.11272,0.14237,0.10688,-0.04603,-0.09573,-0.16803,-0.22556,-0.26208,-0.29608,-0.28554,-0.29779,-0.25865,-0.20395,-0.41454,-0.4506,-0.41517,-0.3449,-0.26297,-0.19575,-0.15092,-0.11311,-0.04849,-0.03242,0.07042,0.17887,0.24791,0.31571,0.38752,0.40237,0.42141,0.43837,0.45222
Feb1971,1.04433,0.96911,0.71389,0.61542,-0.28755,-0.59306,-0.58697,-0.58319,-0.56707,-0.40454,-0.42181,-0.3783,-0.37256,-0.35513,-0.30421,-0.26977,0.08028,0.16839,0.19342,0.1542,0.00098,-0.04943,-0.12258,-0.18156,-0.21863,-0.25309,-0.2427,-0.25601,-0.21902,-0.16684,-0.37619,-0.41346,-0.37952,-0.31093,-0.23091,-0.1657,-0.12198,-0.08503,-0.02051,-0.00503,0.09598,0.20223,0.26979,0.33582,0.4068,0.42122,0.43962,0.45602
Mar1971,1.86101,1.59929,1.44207,1.1807,1.029,0.12975,-0.20558,-0.31583,-0.35771,-0.35841,-0.21521,-0.24178,-0.214,-0.21325,-0.20165,-0.15603,-0.13031,0.19416,0.26828,0.2859,0.24306,0.09315,0.04018,-0.03492,-0.09597,-0.13331,-0.16775,-0.15719,-0.17228,-0.13941,-0.09179,-0.29723,-0.33629,-0.30572,-0.24122,-0.16605,-0.10507,-0.06387,-0.02882,0.03494,0.04914,0.146,0.24705,0.31033,0.37241,0.44105,0.45511,0.47288
Apr1971,0.81323,1.34302,1.35709,1.31364,1.14854,1.05114,0.26295,-0.06424,-0.18993,-0.24735,-0.25401,-0.12362,-0.15264,-0.13019,-0.13174,-0.12246,-0.07905,-0.05705,0.2471,0.31482,0.32982,0.286,0.1406,0.08596,0.01047,-0.05115,-0.08875,-0.123,-0.11157,-0.1269,-0.09662,-0.05339,-0.25357,-0.29424,-0.26558,-0.20393,-0.13138,-0.07298,-0.03323,0.00061,0.06344,0.07691,0.17083,0.26861,0.32905,0.38957,0.45646,0.46987
May1971,1.01759,1.02408,1.30974,1.34526,1.32065,1.21479,1.12878,0.43754,0.09435,-0.05115,-0.12219,-0.13783,-0.01937,-0.05093,-0.03459,-0.03825,-0.03149,0.01005,0.02824,0.31529,0.37339,0.38512,0.34028,0.19663,0.14118,0.06675,0.00469,-0.03291,-0.06734,-0.05682,-0.07319,-0.04588,-0.00642,-0.20407,-0.24539,-0.21923,-0.16034,-0.09056,-0.03474,0.00365,0.03624,0.09838,0.1111,0.2024,0.29701,0.35434,0.41312,0.47878
Jun1971,0.64751,0.96415,1.01343,1.22241,1.28466,1.28905,1.20102,1.13617,0.53844,0.21883,0.05512,-0.02858,-0.04605,0.05927,0.02532,0.0359,0.02989,0.03616,0.0778,0.09312,0.36013,0.41237,0.42028,0.37687,0.2384,0.18373,0.11079,0.04879,0.01184,-0.02229,-0.00966,-0.0264,-0.00112,0.03563,-0.15619,-0.19593,-0.17226,-0.11644,-0.04942,0.00413,0.04098,0.07249,0.13435,0.1466,0.23491,0.32691,0.38114,0.43806
Jul1971,1.01085,1.01325,1.18112,1.18877,1.31107,1.33625,1.34308,1.27569,1.22269,0.73758,0.41473,0.22923,0.14325,0.11548,0.20597,0.16646,0.16789,0.15925,0.1616,0.20138,0.21264,0.45491,0.49302,0.49687,0.45528,0.32074,0.26827,0.19727,0.13662,0.10042,0.06679,0.08133,0.06367,0.08616,0.11901,-0.06607,-0.10572,-0.08418,-0.03191,0.03056,0.0797,0.11429,0.14433,0.20612,0.21742,0.3007,0.38764,0.4376
Aug1971,0.56798,0.79704,0.89722,1.01955,1.06158,1.17391,1.19821,1.2051,1.22477,1.19549,0.8123,0.50862,0.34641,0.26636,0.23941,0.32,0.28116,0.27592,0.26521,0.26447,0.30434,0.31091,0.53223,0.55911,0.5628,0.52473,0.39635,0.34578,0.27684,0.21863,0.1843,0.15204,0.16911,0.15075,0.16758,0.19782,0.02054,-0.01887,0.0018,0.04893,0.10618,0.15165,0.18335,0.21166,0.27446,0.28486,0.35993,0.44075
Sep1971,0.32772,0.50447,0.73018,0.8131,0.92722,0.97523,1.06763,1.08904,1.09179,1.0995,1.07543,0.78391,0.52661,0.38473,0.30683,0.27696,0.34983,0.31415,0.30917,0.29829,0.29716,0.33766,0.34308,0.54593,0.56863,0.5743,0.53722,0.41667,0.3699,0.30449,0.24847,0.21517,0.18413,0.20124,0.18299,0.19864,0.22599,0.05336,0.01415,0.0339,0.07932,0.1344,0.17763,0.20819,0.23559,0.29865,0.30881,0.38141
Oct1971,-0.23712,0.11383,0.33389,0.54031,0.63082,0.74162,0.79414,0.89267,0.91842,0.92551,0.9417,0.92454,0.67375,0.44756,0.3273,0.25925,0.23478,0.30542,0.27258,0.26905,0.26004,0.25938,0.30018,0.30602,0.50257,0.52811,0.53891,0.50536,0.38893,0.34332,0.28013,0.22673,0.19479,0.16521,0.18193,0.16456,0.1794,0.20761,0.03892,0.00124,0.02066,0.06462,0.11876,0.16115,0.19129,0.2184,0.28049,0.29091
Nov1971,0.75687,0.03025,0.24638,0.39237,0.5779,0.65788,0.76116,0.80936,0.90217,0.92703,0.93374,0.95305,0.93531,0.68953,0.46816,0.35099,0.28276,0.2574,0.32551,0.29211,0.2881,0.27865,0.27765,0.31803,0.32336,0.51594,0.53997,0.55048,0.51675,0.40111,0.35614,0.29372,0.24062,0.20907,0.17979,0.19685,0.17944,0.19354,0.22119,0.05405,0.01639,0.03533,0.07812,0.13132,0.17298,0.20274,0.22941,0.29126
Dec1971,0.39875,0.6574,0.12964,0.31127,0.41322,0.59114,0.66644,0.76217,0.8058,0.89425,0.91837,0.92497,0.94457,0.92744,0.68808,0.4735,0.36145,0.29402,0.2685,0.3343,0.30116,0.29633,0.2866,0.28565,0.32546,0.33056,0.51945,0.5435,0.55465,0.52094,0.40668,0.36211,0.30043,0.24783,0.21666,0.18772,0.20491,0.18743,0.20075,0.22784,0.06232,0.02453,0.04266,0.08469,0.13691,0.17817,0.20717,0.23353
Jan1972,0.77488,0.67512,0.74694,0.246,0.36504,0.43898,0.60235,0.67169,0.76582,0.80866,0.89562,0.9191,0.92529,0.94431,0.92682,0.69008,0.47456,0.36481,0.29559,0.26848,0.33322,0.29949,0.29313,0.28197,0.28069,0.31998,0.32457,0.51363,0.53879,0.55215,0.51901,0.40418,0.35836,0.29547,0.24088,0.20847,0.17894,0.19626,0.17799,0.19118,0.21889,0.0519,0.0128,0.03062,0.07318,0.12615,0.16797,0.19768
Feb1972,1.03727,0.99679,0.93657,0.92939,0.41681,0.47799,0.52166,0.66433,0.72539,0.81145,0.85133,0.93164,0.95311,0.95819,0.97772,0.95933,0.72966,0.51826,0.40949,0.33833,0.30878,0.37051,0.33567,0.32774,0.31612,0.3142,0.35354,0.35733,0.54082,0.56414,0.57585,0.54214,0.42804,0.38219,0.31962,0.265,0.23257,0.20315,0.22106,0.20276,0.21513,0.24162,0.07615,0.03668,0.05428,0.09605,0.1479,0.18878
Mar1972,1.04578,1.12552,1.11056,1.05256,1.04508,0.57003,0.58041,0.61175,0.72982,0.77841,0.85344,0.88693,0.96204,0.98318,0.98822,1.00716,0.98843,0.76662,0.56348,0.45846,0.38778,0.35748,0.41319,0.37624,0.36656,0.35496,0.35297,0.39203,0.39468,0.56932,0.59131,0.59991,0.56606,0.45429,0.40869,0.34671,0.29282,0.26065,0.23155,0.25002,0.23184,0.24314,0.26738,0.10499,0.06504,0.08189,0.12259,0.17299
Apr1972,1.90604,1.61954,1.56875,1.50601,1.41685,1.38909,0.86405,0.76795,0.76891,0.85943,0.89241,0.95532,0.98129,1.04826,1.06655,1.06999,1.08898,1.07016,0.85329,0.65432,0.54839,0.47641,0.44482,0.49361,0.45461,0.44241,0.42953,0.42662,0.46614,0.46766,0.63205,0.64902,0.65326,0.61728,0.50801,0.46241,0.40144,0.34783,0.31587,0.287,0.30646,0.28804,0.29735,0.31884,0.15761,0.11743,0.13289,0.17166
May1972,1.42529,1.79784,1.68892,1.67832,1.62614,1.57235,1.52712,1.05214,0.90385,0.88314,0.95668,0.97994,1.03467,1.05601,1.11721,1.1334,1.13654,1.15831,1.13941,0.92637,0.72816,0.62212,0.54972,0.51545,0.55973,0.52065,0.50681,0.49347,0.48965,0.5301,0.53051,0.687,0.70018,0.69956,0.66267,0.55431,0.5083,0.44767,0.39415,0.36231,0.33344,0.35376,0.33515,0.34283,0.36191,0.20095,0.16046,0.17517
Jun1972,0.14319,0.79483,1.19116,1.22297,1.28415,1.29691,1.27204,1.26605,0.91434,0.82515,0.81939,0.89451,0.92474,0.97906,1.00197,1.06363,1.08041,1.08451,1.10106,1.08412,0.88467,0.70006,0.60124,0.53343,0.50176,0.545,0.50718,0.49369,0.48106,0.47747,0.51743,0.51811,0.67024,0.68289,0.6847,0.65095,0.54563,0.5007,0.44223,0.39071,0.35983,0.33197,0.35277,0.33503,0.343,0.36271,0.20581,0.16688
Jul1972,-0.40096,-0.17706,0.29951,0.67722,0.76669,0.82093,0.84572,0.84957,0.86118,0.65842,0.64669,0.66642,0.75329,0.79235,0.8473,0.87204,0.93361,0.9516,0.95767,0.97499,0.96183,0.78085,0.61195,0.52656,0.46747,0.43831,0.48239,0.44806,0.43788,0.42711,0.42455,0.46435,0.46579,0.61557,0.63193,0.64014,0.61072,0.51008,0.46716,0.41066,0.36085,0.33133,0.30497,0.32613,0.30942,0.31777,0.33828,0.1874
Aug1972,-0.56549,-0.59333,-0.44973,-0.13389,0.16233,0.27522,0.34259,0.37444,0.41724,0.44891,0.33779,0.36855,0.43967,0.54564,0.59552,0.65719,0.68727,0.74951,0.7709,0.77839,0.79813,0.78814,0.63477,0.48528,0.41874,0.37108,0.34484,0.38922,0.35861,0.35259,0.34471,0.34374,0.38227,0.38447,0.52931,0.55146,0.56722,0.54223,0.44903,0.40774,0.35363,0.30718,0.27902,0.25437,0.27616,0.26103,0.26824,0.28992
Sep1972,-1.52017,-1.18244,-1.0497,-0.91405,-0.61311,-0.32049,-0.1694,-0.08924,-0.04527,0.00499,0.05032,-9e-05,0.06491,0.17287,0.29057,0.34857,0.41425,0.45151,0.51872,0.54284,0.55247,0.5747,0.56857,0.43703,0.30597,0.25882,0.2188,0.19818,0.24538,0.21968,0.21769,0.21185,0.21238,0.25039,0.25429,0.40088,0.42845,0.45336,0.43324,0.34301,0.3039,0.25199,0.20786,0.18126,0.1578,0.1795,0.16594,0.17576
Oct1972,0.08011,-1.07842,-1.00161,-0.92476,-0.81365,-0.55288,-0.30185,-0.17107,-0.09924,-0.05709,-0.0082,0.0375,0.00016,0.06118,0.16571,0.27807,0.33502,0.39766,0.43279,0.49638,0.51996,0.52905,0.55494,0.54922,0.42409,0.29977,0.25708,0.2201,0.19973,0.24424,0.21897,0.21726,0.21163,0.21243,0.24983,0.25371,0.39527,0.42321,0.44709,0.42796,0.33975,0.30084,0.25007,0.20658,0.18055,0.15769,0.17919,0.16615
Nov1972,0.3018,0.11011,-0.89873,-0.90473,-0.85386,-0.75413,-0.50947,-0.27411,-0.15186,-0.08342,-0.04413,0.00218,0.04574,0.00789,0.0662,0.16897,0.27824,0.33361,0.39472,0.42862,0.49142,0.51448,0.52349,0.54988,0.54433,0.42094,0.29812,0.25686,0.22015,0.19961,0.24395,0.21923,0.21749,0.21211,0.21296,0.25025,0.25404,0.39401,0.422,0.44565,0.42663,0.33932,0.30048,0.25019,0.20718,0.18148,0.15879,0.18036
Dec1972,-0.14109,0.10069,0.08175,-0.78842,-0.84408,-0.80968,-0.7165,-0.48518,-0.26287,-0.14847,-0.08362,-0.04621,-0.00084,0.04077,0.00476,0.0625,0.16541,0.27208,0.32619,0.38584,0.41915,0.48053,0.50307,0.51221,0.53838,0.53312,0.41253,0.29277,0.25372,0.21739,0.19694,0.24051,0.21619,0.21442,0.20915,0.20999,0.24696,0.25053,0.3885,0.41644,0.43962,0.4205,0.33385,0.29552,0.24578,0.20362,0.17794,0.15559
Jan1973,0.03257,-0.05989,0.06981,0.06367,-0.71737,-0.80708,-0.78724,-0.70736,-0.49036,-0.27542,-0.1653,-0.10341,-0.06693,-0.02238,0.01692,-0.01675,0.04024,0.14461,0.25002,0.30351,0.36293,0.3964,0.45722,0.47886,0.48802,0.51392,0.50859,0.3875,0.26832,0.23196,0.19603,0.17599,0.21988,0.19509,0.19242,0.18646,0.18725,0.22441,0.22767,0.36765,0.39689,0.42216,0.40226,0.31382,0.27525,0.22503,0.18239,0.15664
Feb1973,-0.11355,-0.02869,-0.0334,0.03095,0.04684,-0.6406,-0.76471,-0.74963,-0.67256,-0.4624,-0.25336,-0.14711,-0.08785,-0.0532,-0.00891,0.0285,-0.00494,0.04986,0.15233,0.25375,0.30467,0.36258,0.3947,0.45405,0.4753,0.48416,0.51018,0.50491,0.38539,0.26818,0.23275,0.19703,0.17665,0.21972,0.19512,0.19229,0.18626,0.18699,0.22415,0.22744,0.36601,0.39501,0.42057,0.40068,0.3136,0.2755,0.22569,0.18345
Mar1973,0.19135,0.09077,0.08292,0.07402,0.09127,0.08267,-0.47559,-0.64027,-0.64763,-0.58293,-0.39174,-0.2036,-0.1077,-0.05177,-0.02021,0.02087,0.05322,0.02094,0.0721,0.17071,0.26673,0.31516,0.36849,0.39708,0.45373,0.47458,0.48357,0.50942,0.50397,0.3871,0.27435,0.23909,0.20402,0.18352,0.2247,0.2,0.19693,0.19071,0.19114,0.22799,0.23111,0.36633,0.39415,0.41873,0.39845,0.31351,0.27683,0.22853
Apr1973,-0.51849,-0.17571,-0.16044,-0.1346,-0.10359,-0.07792,-0.05628,-0.50302,-0.64026,-0.64647,-0.58492,-0.40629,-0.22939,-0.13546,-0.08121,-0.05021,-0.00991,0.02174,-0.00791,0.04495,0.14437,0.23825,0.28697,0.3373,0.36457,0.4203,0.44073,0.44987,0.47549,0.47085,0.35796,0.24844,0.21644,0.18161,0.16207,0.20237,0.17899,0.1765,0.17074,0.1713,0.20748,0.21073,0.34394,0.37197,0.39676,0.37777,0.29445,0.25853
May1973,0.368,-0.06884,0.01701,-0.01027,-0.00408,0.01357,0.03117,0.02103,-0.39842,-0.54642,-0.56553,-0.51389,-0.34863,-0.1846,-0.0975,-0.04653,-0.01769,0.02154,0.05065,0.02114,0.06855,0.16462,0.2546,0.30006,0.34754,0.37412,0.42795,0.44785,0.45646,0.48261,0.47785,0.36606,0.25784,0.22533,0.19099,0.17091,0.20975,0.18662,0.18391,0.1782,0.17851,0.21437,0.21744,0.34832,0.37542,0.39897,0.38019,0.29828
Jun1973,0.04588,0.17312,-0.03018,0.02315,-0.01658,-0.02577,-0.00326,0.00509,0.00865,-0.35005,-0.50275,-0.53149,-0.48443,-0.33314,-0.18164,-0.10087,-0.05338,-0.02472,0.01546,0.04306,0.01456,0.06071,0.15196,0.24045,0.28565,0.33181,0.35779,0.40992,0.42961,0.43812,0.46433,0.4601,0.35297,0.24876,0.21939,0.18851,0.16833,0.20554,0.18338,0.18117,0.17569,0.17617,0.21199,0.21531,0.34314,0.37085,0.39403,0.37653
Jul1973,-0.28473,-0.15133,-0.03151,-0.12805,-0.05117,-0.06424,-0.07197,-0.05882,-0.05144,-0.04898,-0.36337,-0.50553,-0.52495,-0.48542,-0.34662,-0.20938,-0.13502,-0.08994,-0.06385,-0.02423,0.00229,-0.02153,0.02097,0.11188,0.20045,0.24294,0.28935,0.31575,0.36802,0.38803,0.39693,0.42371,0.42029,0.32059,0.22352,0.2,0.17282,0.15415,0.19034,0.16869,0.1663,0.16119,0.16211,0.19755,0.20113,0.3253,0.3533,0.37724
Aug1973,0.16104,-0.05017,0.00517,0.06578,-0.01504,0.01474,0.0044,-0.00316,0.00594,0.00929,0.00631,-0.29741,-0.42122,-0.44378,-0.40556,-0.27911,-0.1542,-0.08992,-0.05007,-0.0278,0.01222,0.03435,0.01434,0.04789,0.13772,0.22392,0.26173,0.30526,0.32948,0.37971,0.39951,0.40837,0.43497,0.43137,0.33628,0.24608,0.22546,0.19992,0.18339,0.21602,0.19384,0.19121,0.18555,0.18645,0.22354,0.22705,0.34247,0.36899
Sep1973,-1.38906,-0.6256,-0.58335,-0.50681,-0.40576,-0.43504,-0.35821,-0.34636,-0.33573,-0.30902,-0.28769,-0.26051,-0.51019,-0.59898,-0.60897,-0.57112,-0.4486,-0.3241,-0.25382,-0.2128,-0.1885,-0.14611,-0.12127,-0.1356,-0.09751,0.00228,0.08962,0.13008,0.17607,0.20274,0.25443,0.27502,0.28486,0.31207,0.31017,0.2227,0.13885,0.12472,0.10323,0.0889,0.12293,0.10275,0.10186,0.09742,0.09907,0.13611,0.14076,0.25659
Oct1973,-0.29693,-1.21203,-0.63846,-0.61348,-0.54714,-0.4548,-0.47763,-0.40749,-0.3944,-0.38117,-0.35428,-0.32935,-0.29492,-0.52196,-0.60412,-0.61433,-0.57735,-0.45894,-0.33922,-0.27117,-0.23104,-0.20741,-0.16807,-0.14358,-0.15695,-0.1185,-0.01881,0.06857,0.10798,0.15195,0.17788,0.22883,0.24916,0.25924,0.28605,0.28462,0.19935,0.11927,0.10541,0.08522,0.07138,0.1043,0.08481,0.08403,0.07987,0.08173,0.11795,0.12296
Nov1973,0.10403,-0.27003,-1.06232,-0.5973,-0.58205,-0.52278,-0.43528,-0.45708,-0.3918,-0.37942,-0.36782,-0.34338,-0.31966,-0.28818,-0.50721,-0.58867,-0.60061,-0.56536,-0.45001,-0.33405,-0.26784,-0.22901,-0.20615,-0.16833,-0.14453,-0.15736,-0.12006,-0.02138,0.06449,0.10299,0.14689,0.17286,0.2233,0.24366,0.25376,0.28048,0.27912,0.19485,0.11616,0.1026,0.08268,0.0691,0.10137,0.08214,0.08146,0.07747,0.07928,0.11538
Dec1973,1.29728,0.55463,0.0433,-0.73811,-0.44776,-0.46172,-0.41321,-0.3358,-0.36275,-0.30976,-0.30211,-0.2938,-0.27106,-0.25149,-0.22462,-0.44154,-0.52684,-0.54361,-0.51088,-0.39967,-0.28814,-0.2259,-0.18911,-0.16732,-0.13037,-0.10789,-0.12141,-0.08654,0.0098,0.0925,0.1293,0.17172,0.19662,0.24546,0.26517,0.27487,0.30179,0.29998,0.21597,0.13777,0.12309,0.10241,0.08829,0.11969,0.10026,0.09942,0.09493,0.09661
Jan1974,1.15624,1.39338,0.80275,0.24178,-0.52308,-0.3452,-0.38307,-0.34851,-0.27986,-0.30993,-0.26539,-0.26239,-0.25628,-0.23471,-0.21958,-0.19534,-0.41334,-0.50506,-0.52771,-0.49818,-0.38785,-0.27799,-0.21796,-0.18268,-0.16154,-0.12574,-0.10432,-0.11991,-0.08665,0.01117,0.09412,0.13137,0.17354,0.19813,0.24611,0.26512,0.27466,0.30191,0.29945,0.21386,0.13457,0.12037,0.09842,0.08334,0.11501,0.09511,0.09399,0.08953
Feb1974,1.10446,1.23104,1.41481,0.9948,0.42449,-0.30406,-0.21693,-0.27283,-0.24494,-0.18222,-0.21419,-0.17725,-0.17802,-0.17497,-0.15408,-0.14235,-0.12308,-0.34366,-0.44062,-0.46917,-0.44294,-0.3354,-0.22907,-0.17234,-0.13863,-0.11866,-0.08316,-0.06311,-0.08048,-0.04956,0.04546,0.12566,0.16104,0.20168,0.22514,0.27152,0.28976,0.29889,0.32663,0.32401,0.23882,0.1596,0.14496,0.1224,0.10752,0.1385,0.11832,0.11672
Mar1974,1.91787,1.65936,1.64106,1.69678,1.34573,0.72726,0.0337,0.02367,-0.06554,-0.05628,-0.00653,-0.04628,-0.02268,-0.02696,-0.02831,-0.01073,-0.00643,0.00476,-0.21495,-0.31699,-0.35345,-0.33169,-0.23261,-0.1354,-0.08538,-0.05443,-0.03619,-0.00108,0.01631,-0.00392,0.02317,0.11109,0.18587,0.21806,0.25565,0.27647,0.31994,0.33672,0.3449,0.3733,0.37024,0.28603,0.20673,0.19025,0.1662,0.15121,0.18113,0.16113
Apr1974,1.93209,2.06196,1.92532,1.89855,1.91048,1.64584,1.00752,0.29718,0.2393,0.12767,0.12325,0.16175,0.11678,0.13131,0.12308,0.11848,0.13466,0.13421,0.13532,-0.08533,-0.19267,-0.23661,-0.21884,-0.12742,-0.03776,0.00631,0.03416,0.05052,0.08609,0.10162,0.07828,0.09958,0.18201,0.2504,0.2801,0.31491,0.3341,0.37496,0.39061,0.39804,0.42741,0.42383,0.33996,0.26035,0.24143,0.21677,0.2012,0.22946
May1974,1.11414,1.60958,1.78646,1.77868,1.78376,1.83761,1.62234,1.10117,0.43162,0.35593,0.23931,0.22626,0.25842,0.21235,0.22216,0.21256,0.20658,0.22286,0.21979,0.21605,-0.00361,-0.11174,-0.15893,-0.14521,-0.05963,0.02559,0.06593,0.09198,0.10683,0.14156,0.1555,0.12991,0.14775,0.22509,0.29037,0.31781,0.35062,0.3686,0.40785,0.42284,0.42969,0.45969,0.45586,0.3723,0.29249,0.27168,0.24668,0.23118
Jun1974,-0.44544,0.19283,0.75387,1.0137,1.09184,1.16596,1.24641,1.12783,0.79366,0.28478,0.23646,0.13704,0.13489,0.16691,0.12651,0.13965,0.13227,0.12967,0.14818,0.14728,0.14702,-0.0557,-0.15714,-0.19885,-0.18385,-0.10076,-0.0172,0.02278,0.04889,0.06369,0.09904,0.11326,0.09056,0.10986,0.18845,0.25533,0.28197,0.31408,0.33252,0.37184,0.38685,0.39395,0.42353,0.42046,0.34072,0.26526,0.24604,0.22308
Jul1974,0.76112,0.27389,0.57413,0.90437,1.07366,1.11664,1.16954,1.22212,1.13413,0.87436,0.41617,0.34488,0.2517,0.2413,0.2661,0.22254,0.22855,0.21971,0.21472,0.23343,0.23055,0.22584,0.02689,-0.07199,-0.1132,-0.10388,-0.02544,0.05243,0.08934,0.11372,0.12724,0.16352,0.17608,0.15329,0.17039,0.24599,0.30996,0.33481,0.36447,0.38052,0.4165,0.4303,0.43704,0.46849,0.46535,0.38692,0.31291,0.29293
Aug1974,-0.04716,0.25725,0.11909,0.32013,0.57223,0.72839,0.77695,0.82254,0.91953,0.86845,0.6962,0.31519,0.2816,0.21098,0.208,0.23479,0.19714,0.20196,0.19414,0.18882,0.21015,0.20639,0.20723,0.01875,-0.06791,-0.10307,-0.09611,-0.02171,0.05186,0.08844,0.11284,0.12636,0.16361,0.17524,0.15226,0.17106,0.24602,0.30805,0.33353,0.36047,0.3748,0.4093,0.42204,0.42875,0.46035,0.45768,0.38146,0.31148
Sep1974,0.05816,-0.07791,0.20105,0.07553,0.26603,0.49023,0.62854,0.6718,0.71061,0.78906,0.75008,0.62781,0.30333,0.27813,0.21115,0.20509,0.22957,0.19606,0.20195,0.19443,0.18963,0.21319,0.20974,0.20887,0.02779,-0.04987,-0.08539,-0.07827,-0.00634,0.0639,0.09842,0.12139,0.13426,0.17032,0.18138,0.15939,0.17661,0.25036,0.31118,0.33611,0.36226,0.37579,0.40886,0.42119,0.42771,0.45949,0.45721,0.3836
Oct1974,0.19624,0.13848,-0.01991,0.18353,0.06988,0.23631,0.43446,0.56447,0.60645,0.6452,0.72484,0.69342,0.5926,0.29744,0.27831,0.21665,0.21237,0.23572,0.20353,0.20852,0.20182,0.19703,0.22077,0.21728,0.21576,0.04197,-0.03167,-0.06485,-0.05857,0.00958,0.07665,0.10986,0.13193,0.14455,0.17991,0.19062,0.16798,0.1852,0.25584,0.31528,0.3394,0.36415,0.37729,0.40929,0.42137,0.42788,0.45994,0.45794
Nov1974,1.256,0.57489,0.38484,0.14222,0.30418,0.18348,0.33447,0.51558,0.6333,0.67154,0.70669,0.7857,0.75284,0.64851,0.35703,0.33402,0.27003,0.26314,0.28416,0.25059,0.25384,0.24613,0.24067,0.26424,0.25984,0.25639,0.08295,0.00903,-0.02561,-0.02095,0.04567,0.11104,0.14273,0.1642,0.17636,0.21205,0.22212,0.19868,0.21483,0.28312,0.34079,0.36417,0.38787,0.4004,0.43163,0.4434,0.44962,0.48191
Dec1974,0.98336,1.27619,0.68846,0.49483,0.21959,0.36449,0.24443,0.38219,0.55014,0.65932,0.69491,0.72811,0.80568,0.77297,0.66925,0.38478,0.36217,0.29784,0.28965,0.30897,0.27522,0.27689,0.2686,0.26306,0.28645,0.28172,0.27756,0.10665,0.034,-0.00137,0.00229,0.06713,0.13087,0.16138,0.18223,0.19399,0.22965,0.23912,0.21517,0.23055,0.29664,0.35259,0.37506,0.39825,0.41033,0.44125,0.45248,0.45861
Jan1975,0.62679,0.89627,1.17318,0.72372,0.5174,0.2427,0.37333,0.25243,0.38601,0.55027,0.65722,0.69159,0.72393,0.80016,0.7671,0.66539,0.38128,0.36053,0.29469,0.28508,0.30355,0.26931,0.26959,0.25994,0.25413,0.27688,0.27166,0.26668,0.09493,0.02331,-0.01287,-0.00913,0.05619,0.12052,0.15032,0.1707,0.18244,0.21843,0.22751,0.20303,0.21899,0.28718,0.34307,0.36504,0.38871,0.40111,0.43256,0.44433
Feb1975,1.26344,1.04135,1.1704,1.34527,0.86974,0.6362,0.35398,0.46198,0.34125,0.46417,0.61842,0.71658,0.7476,0.77692,0.85095,0.81721,0.71522,0.4367,0.41302,0.34475,0.33201,0.34832,0.31277,0.31107,0.30079,0.29433,0.31747,0.31147,0.3042,0.13333,0.06115,0.02383,0.02612,0.08952,0.152,0.18031,0.19984,0.21107,0.24745,0.25613,0.23116,0.24588,0.31235,0.36647,0.38818,0.41125,0.42301,0.45364
Mar1975,2.05282,1.81014,1.56431,1.56313,1.6667,1.12674,0.8196,0.54373,0.61566,0.48981,0.59383,0.72759,0.8147,0.84298,0.86922,0.93942,0.90454,0.79952,0.52904,0.50089,0.43126,0.41565,0.42674,0.3882,0.38336,0.37249,0.3657,0.38942,0.38204,0.37081,0.20333,0.12948,0.09075,0.09083,0.15025,0.20863,0.23438,0.25228,0.26244,0.29921,0.30702,0.28128,0.29321,0.35517,0.40558,0.42623,0.44863,0.45987
Apr1975,0.73902,1.37632,1.44694,1.36872,1.40271,1.53867,1.12959,0.83981,0.592,0.65311,0.53208,0.62689,0.75086,0.83333,0.86031,0.88496,0.95159,0.91883,0.81723,0.55961,0.53195,0.46341,0.44793,0.45556,0.4162,0.41019,0.39878,0.39181,0.41605,0.40863,0.39582,0.23073,0.15841,0.11829,0.11768,0.17458,0.23114,0.25566,0.27289,0.28256,0.31937,0.32675,0.30096,0.31171,0.37097,0.42016,0.44009,0.46171
May1975,1.21107,1.11477,1.42757,1.49386,1.43728,1.48169,1.57159,1.22877,0.93524,0.6928,0.73999,0.61947,0.70464,0.81855,0.89474,0.91947,0.94272,1.00924,0.97708,0.87529,0.62201,0.59214,0.52352,0.50523,0.51014,0.47095,0.46336,0.45158,0.44395,0.46913,0.46092,0.44507,0.2807,0.20661,0.16579,0.16339,0.2176,0.27192,0.29491,0.31132,0.32029,0.35748,0.3643,0.33777,0.34663,0.40241,0.4498,0.46911
Jun1975,-0.94021,-0.12631,0.1556,0.54498,0.66874,0.69167,0.78088,0.90641,0.76462,0.64323,0.46541,0.53059,0.43465,0.52276,0.64007,0.72195,0.74995,0.77629,0.83787,0.81045,0.72535,0.49536,0.47736,0.41687,0.40374,0.41108,0.37516,0.37007,0.36016,0.35374,0.37836,0.37187,0.3608,0.2052,0.13903,0.10396,0.10216,0.15566,0.21007,0.23426,0.25102,0.26045,0.29663,0.3042,0.28067,0.29256,0.34974,0.39859
Jul1975,1.98123,0.88221,1.12536,1.1279,1.27959,1.32739,1.32644,1.34885,1.41226,1.21667,1.00169,0.79434,0.82783,0.7238,0.79017,0.88295,0.94626,0.966,0.98653,1.04525,1.01694,0.92137,0.6901,0.66094,0.59938,0.58039,0.58402,0.54645,0.53826,0.52701,0.51947,0.54674,0.5383,0.52131,0.36722,0.29872,0.26181,0.25735,0.30528,0.3535,0.37272,0.38698,0.39512,0.43425,0.44044,0.41363,0.42079,0.47
Aug1975,-0.20342,0.73369,0.3851,0.58295,0.6514,0.81123,0.86703,0.87424,0.95487,1.02583,0.9261,0.79834,0.64455,0.69417,0.60898,0.67746,0.76686,0.82797,0.84956,0.86959,0.92727,0.90256,0.82511,0.61513,0.59778,0.54558,0.52814,0.53316,0.49861,0.49315,0.48416,0.47801,0.50404,0.49643,0.48192,0.34018,0.2793,0.24582,0.24369,0.2884,0.33377,0.35268,0.36605,0.37422,0.41311,0.41943,0.39255,0.4006
Sep1975,2.36018,1.58378,1.84103,1.50834,1.5894,1.58962,1.65811,1.67377,1.66417,1.72557,1.75452,1.60053,1.40709,1.23112,1.23528,1.13768,1.17691,1.235,1.27333,1.28409,1.29593,1.34737,1.32148,1.22594,1.01898,0.97324,0.91305,0.88834,0.88649,0.84935,0.83718,0.82478,0.81638,0.85112,0.8408,0.81389,0.66897,0.59519,0.5547,0.54714,0.58329,0.61958,0.63129,0.64069,0.64625,0.68839,0.69238,0.66005
Oct1975,-0.27895,1.81413,1.26906,1.56496,1.28037,1.36341,1.37337,1.44831,1.46745,1.45924,1.52688,1.55368,1.4299,1.27096,1.12119,1.13398,1.04723,1.08648,1.14325,1.18072,1.19201,1.20343,1.2663,1.24162,1.15573,0.96066,0.92295,0.86624,0.84246,0.841,0.80545,0.79468,0.78317,0.77553,0.81187,0.80206,0.77689,0.63778,0.56693,0.52845,0.52142,0.55669,0.59282,0.60454,0.6141,0.61988,0.66238,0.66672
Nov1975,1.47493,0.32141,1.88426,1.36014,1.63094,1.3512,1.42366,1.4283,1.49658,1.51324,1.50516,1.57877,1.60203,1.47566,1.31461,1.16633,1.1772,1.09004,1.12601,1.17984,1.21572,1.2263,1.23744,1.30362,1.27911,1.19101,0.9962,0.95645,0.89929,0.87489,0.87288,0.83737,0.82613,0.81453,0.80681,0.84367,0.83383,0.80749,0.66891,0.59694,0.55792,0.55049,0.58457,0.61975,0.63095,0.64018,0.64567,0.68833
Dec1975,0.40742,1.24939,0.37538,1.8412,1.34521,1.61168,1.33751,1.40698,1.40975,1.47645,1.49333,1.48569,1.55805,1.58189,1.4591,1.30259,1.15882,1.1701,1.08429,1.11964,1.17283,1.2081,1.21862,1.22967,1.296,1.27172,1.18489,0.99345,0.95498,0.89832,0.87411,0.87199,0.83669,0.82544,0.81395,0.80633,0.84298,0.83322,0.80712,0.66998,0.59823,0.5591,0.55139,0.58508,0.61983,0.63116,0.64005,0.64555
Jan1976,1.68516,1.27976,1.52627,0.63756,1.87629,1.40054,1.65433,1.37864,1.44463,1.44536,1.51024,1.52704,1.51955,1.59203,1.61566,1.48765,1.32767,1.18433,1.19536,1.10885,1.14228,1.19423,1.22848,1.23854,1.24935,1.31897,1.29458,1.20545,1.01297,0.97361,0.9173,0.89335,0.89024,0.85426,0.84161,0.82911,0.82125,0.85793,0.84783,0.82051,0.68228,0.60999,0.56923,0.56033,0.59428,0.62922,0.64057,0.64981
Feb1976,1.24372,1.58959,1.40181,1.63299,0.79139,1.87614,1.43995,1.67046,1.40375,1.46297,1.4614,1.52077,1.53683,1.52988,1.59948,1.62085,1.49805,1.34411,1.2065,1.21709,1.13232,1.16369,1.21317,1.24596,1.25562,1.26595,1.336,1.31222,1.2236,1.03399,0.99374,0.93752,0.91301,0.90928,0.87342,0.86051,0.84787,0.84005,0.87718,0.86734,0.83965,0.70241,0.63025,0.5891,0.58043,0.61364,0.6477,0.65859
Mar1976,1.29283,1.37011,1.62175,1.46947,1.69126,0.93642,1.89961,1.47549,1.68899,1.43199,1.48291,1.47962,1.53561,1.55017,1.54421,1.61195,1.63394,1.51224,1.36335,1.22985,1.23984,1.15668,1.1856,1.23246,1.26387,1.27312,1.28317,1.35229,1.32886,1.24016,1.05483,1.01272,0.95697,0.93244,0.92791,0.89209,0.87909,0.86638,0.85834,0.89592,0.8863,0.85849,0.72282,0.65019,0.60844,0.59981,0.6325,0.66592
Apr1976,1.09497,1.25687,1.34766,1.54861,1.45486,1.66858,1.02851,1.91189,1.49161,1.69105,1.44348,1.48956,1.48506,1.53647,1.55045,1.5444,1.60768,1.62929,1.51448,1.37392,1.2452,1.25505,1.17507,1.20163,1.24653,1.2772,1.28608,1.29578,1.36295,1.33967,1.25186,1.07094,1.02766,0.97196,0.94792,0.94294,0.90783,0.89493,0.88241,0.87439,0.91314,0.90357,0.87583,0.74211,0.66898,0.62767,0.61884,0.65048
May1976,1.89691,1.75208,1.72768,1.75569,1.86555,1.79021,1.91611,1.31237,2.02935,1.60935,1.78694,1.54617,1.58339,1.57488,1.6206,1.63195,1.62622,1.69198,1.7121,1.59286,1.44964,1.31938,1.32643,1.24636,1.27015,1.31214,1.34076,1.34895,1.35795,1.43152,1.40859,1.31702,1.13604,1.08678,1.0301,1.00522,0.99883,0.96345,0.9501,0.9373,0.92901,0.96991,0.96028,0.93054,0.79645,0.72048,0.67808,0.66871
Jun1976,0.2661,1.14216,1.22997,1.30613,1.39576,1.53532,1.4899,1.62623,1.17075,1.86768,1.51656,1.70248,1.4796,1.5206,1.5164,1.56413,1.57681,1.57075,1.62365,1.64379,1.53728,1.40718,1.28927,1.29753,1.22106,1.2454,1.28585,1.31411,1.32211,1.33132,1.3985,1.37669,1.28923,1.11286,1.0674,1.01347,0.9895,0.98329,0.94935,0.93669,0.92427,0.91631,0.95698,0.94798,0.91992,0.79074,0.71763,0.67693
Jul1976,0.40734,0.43009,0.97553,1.07018,1.13871,1.19187,1.29541,1.27594,1.37893,1.08266,1.75285,1.45388,1.622,1.42652,1.46503,1.46325,1.50913,1.52045,1.51687,1.56775,1.58858,1.49061,1.37294,1.26336,1.27203,1.20211,1.22517,1.26435,1.29204,1.29991,1.30925,1.37408,1.35349,1.27056,1.10294,1.06128,1.01066,0.98782,0.98152,0.94846,0.93566,0.92357,0.91606,0.95966,0.95113,0.92368,0.79922,0.72836
Aug1976,-1.05976,-0.57657,-0.39384,0.0265,0.19478,0.32994,0.40974,0.50604,0.54937,0.66403,0.51972,1.3056,1.05773,1.25228,1.08723,1.14073,1.14977,1.20152,1.22009,1.22013,1.26892,1.2932,1.22819,1.14274,1.05656,1.07312,1.0119,1.03896,1.08077,1.11011,1.11961,1.12974,1.18191,1.1637,1.0988,0.94896,0.92328,0.87923,0.86092,0.856,0.82511,0.81434,0.8034,0.79715,0.83491,0.82742,0.80448,0.69037
Sep1976,0.12677,-0.74607,-0.43928,-0.31673,0.04728,0.19577,0.31492,0.38248,0.4648,0.50519,0.60127,0.4954,1.17252,0.98122,1.164,1.02221,1.07275,1.08234,1.12972,1.14728,1.147,1.19332,1.21506,1.16347,1.09042,1.01298,1.02977,0.97309,0.99999,1.03994,1.06843,1.07776,1.08756,1.15076,1.134,1.07439,0.93325,0.91182,0.8706,0.85312,0.84831,0.81778,0.80695,0.79624,0.79015,0.82619,0.81925,0.79788
Oct1976,0.85297,0.55514,-0.32358,-0.16248,-0.08488,0.21699,0.33345,0.42892,0.48456,0.5569,0.5992,0.68495,0.58733,1.18776,1.01465,1.18325,1.0521,1.09691,1.10387,1.1463,1.16216,1.16121,1.21784,1.23752,1.1872,1.11686,1.04207,1.05612,1.00045,1.02506,1.06231,1.0893,1.098,1.10728,1.17426,1.15784,1.09907,0.96251,0.93931,0.89879,0.88128,0.87584,0.84592,0.83485,0.82427,0.8183,0.85614,0.84936
Nov1976,0.9518,0.99307,0.67326,-0.18642,-0.06129,0.00086,0.28208,0.38847,0.47526,0.52745,0.59527,0.63786,0.71873,0.61976,1.20177,1.03279,1.19821,1.0682,1.1108,1.11666,1.15819,1.17364,1.1728,1.23233,1.25193,1.20047,1.12983,1.05491,1.0685,1.01298,1.03711,1.07397,1.10059,1.10916,1.11836,1.18509,1.16893,1.10993,0.97381,0.94971,0.90903,0.89151,0.88584,0.856,0.84495,0.8344,0.82837,0.86615
Dec1976,1.29538,1.14195,1.09358,0.77608,-0.06554,0.03482,0.08646,0.3469,0.44234,0.52015,0.56824,0.6323,0.67455,0.7512,0.65168,1.21508,1.04992,1.21092,1.08255,1.12354,1.12883,1.16901,1.184,1.18307,1.24297,1.26209,1.21036,1.14083,1.06632,1.07904,1.02398,1.04743,1.08335,1.10933,1.11766,1.1267,1.19314,1.17725,1.11864,0.98342,0.95845,0.9175,0.8998,0.89406,0.86435,0.85349,0.84278,0.83682
Jan1977,-0.00859,0.65846,0.85015,0.99785,0.71784,-0.07917,0.01325,0.0604,0.315,0.41052,0.48845,0.53595,0.59952,0.64076,0.71687,0.62187,1.18618,1.02569,1.18908,1.06124,1.10223,1.10788,1.1482,1.16325,1.1624,1.22457,1.24433,1.19316,1.12507,1.05192,1.06632,1.01192,1.03522,1.07138,1.09701,1.10502,1.11423,1.17955,1.16375,1.10494,0.96953,0.9458,0.90415,0.88573,0.88037,0.85078,0.84017,0.82986
Feb1977,0.31997,0.20163,0.62477,0.7958,0.96484,0.72418,-0.02776,0.05427,0.09869,0.34136,0.43411,0.5079,0.55286,0.61319,0.6539,0.72581,0.63374,1.17855,1.02586,1.18523,1.06069,1.10043,1.1055,1.14477,1.15958,1.15867,1.22092,1.24052,1.19044,1.12388,1.05215,1.06621,1.01208,1.03481,1.07045,1.09573,1.10357,1.11281,1.17783,1.16249,1.10437,0.97026,0.94704,0.90539,0.88751,0.88212,0.8527,0.84215
Mar1977,0.00403,0.14946,0.11748,0.41182,0.58047,0.82032,0.65658,-0.00011,0.0696,0.10741,0.33147,0.41676,0.48836,0.53375,0.59182,0.63011,0.69794,0.61239,1.14426,1.00084,1.15778,1.03716,1.07572,1.08035,1.11914,1.13409,1.13357,1.19427,1.2136,1.1653,1.10224,1.03267,1.04711,0.99411,1.01638,1.05159,1.07683,1.0847,1.09375,1.15818,1.14323,1.08667,0.95451,0.93197,0.89041,0.87309,0.86827,0.83967
Apr1977,0.2545,0.13876,0.2046,0.17371,0.39781,0.53037,0.75558,0.62707,0.03955,0.09918,0.13319,0.34182,0.42162,0.49102,0.5347,0.58999,0.62678,0.69147,0.60989,1.124,0.9886,1.14142,1.02597,1.06249,1.0669,1.1052,1.11986,1.11949,1.17827,1.19694,1.15006,1.08947,1.02163,1.03541,0.98389,1.00569,1.04057,1.06558,1.07347,1.08239,1.1474,1.13264,1.07767,0.94789,0.92546,0.88468,0.86769,0.86287
May1977,0.79827,0.60919,0.42042,0.42284,0.37848,0.54842,0.64727,0.81243,0.67819,0.13131,0.17661,0.20199,0.39554,0.46902,0.53375,0.57492,0.62743,0.66471,0.72581,0.64549,1.13879,1.0075,1.15549,1.04203,1.07685,1.08095,1.11799,1.13237,1.13185,1.19459,1.21309,1.16497,1.10419,1.03494,1.0479,0.99663,1.01746,1.05173,1.0765,1.08422,1.09297,1.15926,1.14466,1.08938,0.95985,0.93635,0.89511,0.87815
Jun1977,-0.14061,0.25275,0.29734,0.23143,0.23897,0.20693,0.35953,0.44911,0.63132,0.56731,0.08233,0.12456,0.15488,0.33646,0.40754,0.47174,0.51208,0.5645,0.60021,0.65963,0.58715,1.07114,0.95223,1.10024,0.99192,1.02757,1.03181,1.06877,1.08327,1.0833,1.14113,1.1598,1.11588,1.05752,0.99456,1.0091,0.95974,0.9804,1.01459,1.03928,1.04698,1.05569,1.1204,1.10655,1.05456,0.93016,0.90991,0.87077
Jul1977,-0.06486,-0.10616,0.14592,0.20686,0.19163,0.20884,0.18327,0.29331,0.36215,0.52107,0.4876,0.05638,0.10551,0.13213,0.29931,0.36373,0.42345,0.46206,0.51117,0.54706,0.60414,0.53953,1.00394,0.89688,1.04292,0.94174,0.97728,0.98255,1.01979,1.03453,1.0353,1.09136,1.10989,1.07069,1.01776,0.96195,0.9781,0.93122,0.95119,0.98399,1.00753,1.01501,1.02366,1.09025,1.07707,1.02765,0.90848,0.89041
Aug1977,-1.75983,-1.21431,-1.12998,-0.89271,-0.76362,-0.66723,-0.60196,-0.58567,-0.48063,-0.39304,-0.19486,-0.13877,-0.40899,-0.31789,-0.26997,-0.10439,-0.03053,0.03933,0.08333,0.13375,0.17294,0.23208,0.19811,0.67169,0.59685,0.75527,0.66397,0.70574,0.71687,0.75935,0.77753,0.78065,0.82832,0.84839,0.8264,0.79019,0.75584,0.7794,0.7386,0.76034,0.79464,0.82021,0.82887,0.83873,0.89638,0.88446,0.84286,0.73537
Sep1977,0.85103,-0.81873,-0.65629,-0.62199,-0.4429,-0.3615,-0.31519,-0.27461,-0.26946,-0.17033,-0.09945,0.06493,0.07999,-0.20223,-0.13728,-0.10339,0.04805,0.11384,0.17473,0.21282,0.25798,0.29736,0.34988,0.31077,0.74077,0.66853,0.81061,0.72485,0.76324,0.77255,0.81086,0.82694,0.82944,0.88416,0.90279,0.88026,0.84404,0.80928,0.83075,0.79092,0.81078,0.84211,0.86539,0.87309,0.88216,0.93763,0.92628,0.88574
Oct1977,-0.84412,0.26711,-0.96282,-0.79809,-0.75849,-0.5948,-0.51547,-0.46122,-0.41782,-0.40591,-0.31201,-0.2384,-0.07102,-0.04149,-0.28932,-0.22119,-0.18436,-0.03743,0.02788,0.08921,0.12777,0.17198,0.21131,0.2634,0.2297,0.65285,0.59142,0.73374,0.65117,0.68938,0.69953,0.73865,0.75523,0.75844,0.81373,0.8325,0.813,0.78144,0.75131,0.77492,0.73646,0.75641,0.78836,0.81202,0.82021,0.82967,0.88574,0.87491
Nov1977,0.65071,-0.47876,0.3582,-0.82121,-0.69723,-0.6677,-0.51557,-0.4443,-0.39879,-0.35976,-0.35093,-0.26301,-0.194,-0.03689,-0.01179,-0.25456,-0.19148,-0.15707,-0.01438,0.04808,0.10737,0.14445,0.18738,0.22605,0.27686,0.2431,0.65924,0.59869,0.73924,0.65707,0.695,0.70514,0.7438,0.76032,0.76354,0.81859,0.83728,0.81761,0.78619,0.75579,0.77894,0.74074,0.76029,0.79195,0.81546,0.8236,0.83294,0.88872
Dec1977,-0.62251,0.06878,-0.53091,0.27208,-0.8173,-0.70161,-0.67173,-0.52702,-0.45855,-0.41482,-0.37732,-0.36852,-0.28349,-0.21702,-0.06434,-0.03639,-0.26731,-0.20535,-0.17143,-0.03219,0.02922,0.08743,0.1238,0.16631,0.20425,0.25454,0.2227,0.63482,0.57776,0.71751,0.63643,0.67428,0.68458,0.72317,0.73978,0.74314,0.79738,0.81606,0.79736,0.76704,0.73767,0.76087,0.72291,0.74258,0.77431,0.79819,0.80625,0.81574
Jan1978,-0.9472,-0.83234,-0.30269,-0.68607,0.11532,-0.86717,-0.75445,-0.72945,-0.59369,-0.52484,-0.47982,-0.44323,-0.43311,-0.34913,-0.28472,-0.13149,-0.09934,-0.32322,-0.26142,-0.22794,-0.08818,-0.02594,0.03284,0.06883,0.11179,0.14869,0.1995,0.16863,0.58859,0.53599,0.68043,0.59977,0.63824,0.64907,0.68775,0.70417,0.70776,0.76134,0.78033,0.7624,0.73356,0.70669,0.73031,0.69145,0.71208,0.74489,0.76967,0.77846
Feb1978,0.25111,-0.33894,-0.45309,-0.15684,-0.53294,0.1646,-0.79038,-0.69148,-0.66929,-0.53849,-0.47263,-0.43197,-0.39833,-0.39013,-0.30761,-0.24613,-0.09869,-0.07013,-0.29193,-0.2347,-0.20404,-0.06743,-0.0075,0.04915,0.08413,0.12596,0.16266,0.21222,0.18073,0.59377,0.54198,0.68398,0.60374,0.64132,0.65182,0.68981,0.70588,0.70944,0.7629,0.78187,0.76416,0.7355,0.70918,0.73215,0.69409,0.71446,0.7468,0.77129
Mar1978,0.98141,0.72823,0.24637,0.06899,0.18808,-0.21982,0.3064,-0.57931,-0.52381,-0.51414,-0.39784,-0.34459,-0.31603,-0.28747,-0.28328,-0.20718,-0.15428,-0.0189,0.00243,-0.21316,-0.1638,-0.13666,-0.00931,0.04429,0.09607,0.12911,0.16913,0.20551,0.25222,0.21924,0.61803,0.5652,0.70209,0.62321,0.65886,0.66816,0.70481,0.72014,0.72326,0.77662,0.79519,0.77743,0.74832,0.72093,0.74223,0.70487,0.72515,0.75709
Apr1978,0.85827,0.97099,0.83663,0.47982,0.32027,0.37962,-0.03367,0.3915,-0.4286,-0.3994,-0.39676,-0.29153,-0.24601,-0.22375,-0.19924,-0.19727,-0.12487,-0.07705,0.04711,0.06322,-0.14733,-0.10421,-0.07944,0.04019,0.08909,0.137,0.16782,0.20605,0.24267,0.28757,0.25345,0.63803,0.58543,0.71656,0.63951,0.6736,0.68258,0.71812,0.733,0.7359,0.78972,0.80776,0.79002,0.76092,0.73251,0.75319,0.71629,0.73592
May1978,0.24205,0.55975,0.71547,0.66399,0.42345,0.31524,0.36994,0.01457,0.37768,-0.36801,-0.34866,-0.35061,-0.25332,-0.21187,-0.19196,-0.16909,-0.16788,-0.09835,-0.05376,0.06425,0.07735,-0.12488,-0.08434,-0.06213,0.05226,0.09968,0.14573,0.17562,0.21248,0.24837,0.29199,0.25765,0.63451,0.58208,0.71152,0.6351,0.66831,0.67723,0.71253,0.72735,0.73014,0.78418,0.80218,0.78473,0.75586,0.72741,0.7479,0.71149
Jun1978,1.70916,1.55551,1.49232,1.47809,1.41296,1.1699,1.01452,1.00529,0.55915,0.74902,0.00467,-0.02853,-0.04678,0.03193,0.05814,0.0614,0.07551,0.07256,0.13953,0.17555,0.27386,0.27006,0.06146,0.09157,0.10802,0.21316,0.25419,0.29292,0.31947,0.35307,0.39072,0.43053,0.39155,0.7444,0.68755,0.80789,0.73295,0.76236,0.76934,0.80161,0.81472,0.81683,0.87229,0.88923,0.86947,0.83873,0.80656,0.82392
Jul1978,0.66848,1.45976,1.37466,1.36033,1.35202,1.29584,1.13922,1.02529,1.0142,0.65932,0.79856,0.11953,0.08556,0.06021,0.12835,0.1462,0.14341,0.1547,0.14947,0.21322,0.24504,0.33289,0.32159,0.12415,0.15238,0.16409,0.2638,0.30187,0.3385,0.36363,0.39543,0.4339,0.47128,0.43338,0.76929,0.71562,0.8307,0.75903,0.78634,0.79194,0.82168,0.83383,0.83587,0.89369,0.90999,0.88991,0.85972,0.82756
Aug1978,0.42834,0.55214,1.0771,1.06162,1.10579,1.13884,1.10831,1.0003,0.97089,0.97232,0.69393,0.79988,0.20936,0.17793,0.15504,0.2165,0.23049,0.22258,0.23075,0.22351,0.28565,0.31185,0.39304,0.37509,0.1927,0.22015,0.22777,0.32023,0.35433,0.38864,0.41266,0.44262,0.48017,0.51417,0.4764,0.79077,0.74091,0.84744,0.78167,0.80588,0.80991,0.83735,0.8482,0.85021,0.90441,0.91941,0.89929,0.8714
Sep1978,-0.29205,0.09278,0.30058,0.77434,0.78169,0.84499,0.88284,0.86378,0.77443,0.74705,0.75296,0.55191,0.66357,0.15365,0.12622,0.10385,0.16226,0.17854,0.17459,0.18301,0.17716,0.23909,0.26453,0.3419,0.3263,0.16119,0.1875,0.19625,0.28615,0.31966,0.35321,0.37636,0.40526,0.4445,0.47771,0.44337,0.74966,0.70614,0.81226,0.74884,0.77282,0.77658,0.80335,0.81406,0.81616,0.86748,0.88247,0.86471
Oct1978,0.36555,-0.00676,0.17772,0.31497,0.72352,0.72897,0.78645,0.82682,0.81179,0.73344,0.71689,0.72536,0.55026,0.65275,0.18404,0.15714,0.13636,0.1911,0.20525,0.20017,0.20818,0.20212,0.26243,0.28619,0.3588,0.34363,0.18602,0.21197,0.21931,0.30434,0.33571,0.36783,0.38997,0.41797,0.45761,0.48964,0.45501,0.75268,0.70969,0.81329,0.75136,0.77421,0.77792,0.80388,0.81443,0.81662,0.86907,0.88393
Nov1978,1.99424,1.03574,0.47978,0.46246,0.54339,0.89563,0.89035,0.93429,0.96401,0.9462,0.86938,0.85766,0.86033,0.67843,0.76064,0.30071,0.26647,0.24123,0.29108,0.30096,0.29255,0.29829,0.29091,0.35051,0.37198,0.4387,0.41862,0.26022,0.28227,0.28718,0.36945,0.39898,0.42892,0.45003,0.47704,0.51753,0.54837,0.51199,0.80227,0.75644,0.85642,0.79483,0.81653,0.81954,0.84458,0.85464,0.85649,0.90917
Dec1978,1.7613,2.21842,1.18735,0.64377,0.56526,0.63081,0.95604,0.94484,0.98123,1.00624,0.98761,0.91251,0.90272,0.90366,0.72261,0.79739,0.34994,0.31329,0.28644,0.33324,0.34134,0.33109,0.33564,0.32803,0.38683,0.40718,0.47089,0.44986,0.29364,0.31355,0.31727,0.39726,0.42555,0.45419,0.4746,0.50091,0.54153,0.57149,0.53458,0.81961,0.77271,0.8704,0.80907,0.8303,0.83302,0.85779,0.86745,0.86927
Jan1979,0.13235,0.95857,1.75966,1.11081,0.60551,0.537,0.5999,0.92085,0.9122,0.95008,0.97631,0.95847,0.88413,0.87365,0.87487,0.69819,0.77308,0.33174,0.29441,0.26681,0.31325,0.32132,0.3102,0.31368,0.30599,0.36429,0.38458,0.44882,0.4293,0.2746,0.29571,0.30029,0.38096,0.4095,0.43751,0.45744,0.48405,0.52462,0.55466,0.51742,0.80652,0.76068,0.85871,0.7962,0.81805,0.82114,0.84646,0.85666
Feb1979,0.1732,0.18928,0.74899,1.50804,1.04475,0.60461,0.54732,0.60468,0.91247,0.90368,0.94151,0.96647,0.94979,0.87859,0.86949,0.87002,0.70063,0.77379,0.34649,0.30793,0.27899,0.32381,0.33067,0.31901,0.3222,0.31435,0.37219,0.39187,0.45419,0.43484,0.28241,0.3027,0.30646,0.38566,0.4136,0.44097,0.46047,0.48673,0.52733,0.55714,0.52033,0.80625,0.76126,0.858,0.7965,0.81809,0.82106,0.84611
Mar1979,0.33564,0.30434,0.27907,0.64099,1.26121,0.97309,0.59847,0.56414,0.6131,0.89975,0.88893,0.92379,0.94908,0.93527,0.86856,0.85974,0.85969,0.69853,0.77124,0.36425,0.32622,0.29767,0.33811,0.34206,0.32973,0.3329,0.32556,0.38225,0.40076,0.45971,0.44163,0.29258,0.31169,0.31461,0.39093,0.41737,0.44381,0.46256,0.48793,0.52831,0.5575,0.52159,0.80187,0.75711,0.85186,0.7914,0.81316,0.81648
Apr1979,0.07597,0.21968,0.22994,0.22423,0.50758,1.01098,0.85421,0.5486,0.54131,0.58969,0.86273,0.85313,0.8876,0.91415,0.90261,0.83984,0.83147,0.83256,0.68062,0.75508,0.36655,0.3295,0.30254,0.33932,0.34171,0.32927,0.3319,0.32473,0.38076,0.39893,0.45565,0.43726,0.29295,0.31011,0.31299,0.38716,0.41332,0.43927,0.45771,0.48252,0.52284,0.55146,0.51653,0.79245,0.74828,0.84222,0.78268,0.80414
May1979,1.15186,0.74494,0.64011,0.58268,0.54388,0.75369,1.13942,0.97826,0.66272,0.63851,0.67412,0.92407,0.91185,0.94229,0.96614,0.95453,0.89484,0.88979,0.88979,0.74018,0.80542,0.4293,0.39069,0.36128,0.39425,0.39541,0.38156,0.38338,0.37554,0.4314,0.44822,0.50045,0.47964,0.3351,0.35037,0.35161,0.42292,0.44774,0.47244,0.49018,0.51413,0.55506,0.58298,0.54742,0.81798,0.77207,0.86385,0.80472
Jun1979,1.2666,1.53412,1.25723,1.12165,1.05259,0.98955,1.1273,1.42527,1.20876,0.86168,0.80276,0.81877,1.04044,1.02396,1.04765,1.06685,1.05362,0.99668,0.99074,0.98863,0.83911,0.89176,0.52945,0.48933,0.45864,0.48768,0.48611,0.46976,0.4703,0.46169,0.51776,0.53275,0.57892,0.55423,0.41209,0.42601,0.4249,0.49148,0.5142,0.5369,0.55318,0.57583,0.61795,0.64465,0.60867,0.86698,0.82,0.90696
Jul1979,1.21745,1.47137,1.63084,1.43829,1.32599,1.26235,1.21709,1.29694,1.50005,1.32968,1.00902,0.93597,0.94187,1.13491,1.11443,1.13141,1.14518,1.13039,1.07719,1.07431,1.07149,0.92447,0.96402,0.62098,0.58186,0.54915,0.57533,0.57202,0.5555,0.55531,0.54658,0.60292,0.61609,0.65674,0.63052,0.49337,0.50554,0.50326,0.56493,0.58452,0.60408,0.61873,0.64003,0.68495,0.71019,0.67322,0.91789,0.86972
Aug1979,-0.53571,0.135,0.58494,0.75452,0.71976,0.70362,0.68286,0.66077,0.78016,0.96663,0.90918,0.71202,0.69306,0.72496,0.91671,0.90986,0.93301,0.95133,0.94272,0.89509,0.89566,0.89541,0.77405,0.82401,0.51246,0.48332,0.45397,0.48142,0.48028,0.46798,0.47003,0.46315,0.51619,0.52939,0.57174,0.55335,0.43003,0.44466,0.44541,0.50418,0.52296,0.54282,0.55702,0.57807,0.6203,0.6448,0.61017,0.84692
Sep1979,-2.00442,-1.37278,-0.65739,-0.21,0.00754,0.03523,0.07844,0.08755,0.08679,0.19783,0.37521,0.39747,0.29157,0.33373,0.39077,0.59157,0.59498,0.62767,0.65411,0.6507,0.60824,0.61215,0.61588,0.51879,0.58445,0.30356,0.28324,0.26065,0.29277,0.29638,0.28934,0.29363,0.28883,0.3418,0.35689,0.4058,0.39532,0.28385,0.30399,0.30762,0.36857,0.38932,0.41116,0.42661,0.44849,0.4885,0.51405,0.48417
Oct1979,0.93389,-0.80254,-0.84252,-0.32256,0.03313,0.20774,0.21847,0.24223,0.24345,0.24012,0.34244,0.50051,0.51609,0.40559,0.43521,0.48271,0.66598,0.66678,0.69402,0.71579,0.71184,0.67123,0.68109,0.6832,0.58725,0.64599,0.37633,0.35528,0.33124,0.35946,0.36092,0.35273,0.356,0.35103,0.40415,0.41798,0.46208,0.45045,0.33899,0.35703,0.35943,0.41686,0.43606,0.45605,0.4706,0.49165,0.53244,0.55723
Nov1979,0.11443,0.81122,-0.70419,-0.78334,-0.30792,0.02551,0.19247,0.20334,0.22694,0.22963,0.22649,0.32561,0.47876,0.49462,0.38984,0.42272,0.47006,0.6508,0.65141,0.67809,0.7002,0.69639,0.65652,0.66738,0.66975,0.57532,0.63403,0.36852,0.34785,0.32388,0.3523,0.35414,0.34616,0.34967,0.34489,0.39762,0.4114,0.45524,0.44425,0.33401,0.35196,0.35449,0.41124,0.43038,0.45039,0.46497,0.48586,0.52641
Dec1979,-0.13457,-0.01323,0.69999,-0.61367,-0.73117,-0.29091,0.02704,0.18418,0.19296,0.21448,0.21705,0.21413,0.3107,0.45903,0.47592,0.37697,0.41311,0.45986,0.63723,0.63786,0.66432,0.68597,0.6822,0.64322,0.65419,0.65673,0.56456,0.62379,0.36379,0.34329,0.3195,0.34746,0.34929,0.3414,0.34491,0.34021,0.3924,0.40589,0.44913,0.43855,0.32936,0.34676,0.34897,0.40519,0.42415,0.44435,0.45855,0.47937
Jan1980,-0.28421,-0.22436,-0.12204,0.57299,-0.60521,-0.72753,-0.3172,-0.01481,0.13917,0.15023,0.17303,0.1754,0.17291,0.26786,0.41405,0.43539,0.33899,0.38023,0.42739,0.60562,0.60619,0.63327,0.65472,0.65023,0.61111,0.62188,0.62461,0.53263,0.59515,0.33597,0.31664,0.29356,0.32169,0.32362,0.31483,0.31779,0.31305,0.36541,0.37884,0.42305,0.41353,0.30476,0.32213,0.32388,0.38137,0.40103,0.42193,0.43689
Feb1980,0.325,0.06255,0.03553,0.01136,0.58134,-0.47713,-0.64923,-0.26289,0.02684,0.17331,0.18495,0.20543,0.20655,0.20299,0.29567,0.43519,0.45421,0.35947,0.39941,0.44326,0.61565,0.61552,0.64102,0.66138,0.65684,0.61822,0.62965,0.63216,0.54086,0.60212,0.3467,0.32701,0.3034,0.33067,0.33224,0.32315,0.32583,0.32103,0.37334,0.38662,0.43016,0.42044,0.31297,0.32967,0.33175,0.38857,0.40781,0.42835
Mar1980,0.17152,0.26306,0.12518,0.11042,0.07042,0.52275,-0.3464,-0.53859,-0.20302,0.05801,0.19151,0.19959,0.21898,0.22199,0.21858,0.30541,0.43511,0.45342,0.36526,0.40595,0.44774,0.61368,0.6117,0.63454,0.6539,0.64983,0.61276,0.62438,0.62655,0.53703,0.59789,0.34887,0.32945,0.30591,0.33186,0.33268,0.32364,0.32596,0.32103,0.3727,0.38567,0.42839,0.41844,0.31293,0.32842,0.33072,0.38691,0.4062
Apr1980,-0.58714,-0.22362,-0.09044,-0.13408,-0.10197,-0.11478,0.29942,-0.4045,-0.55706,-0.24393,0.00335,0.13101,0.1417,0.16568,0.17094,0.16935,0.25278,0.37752,0.39857,0.32144,0.36687,0.40917,0.57273,0.56986,0.59206,0.61187,0.60814,0.57234,0.5838,0.58659,0.50058,0.56122,0.32046,0.30106,0.2787,0.30427,0.30592,0.29769,0.30034,0.29569,0.34648,0.35943,0.40228,0.39336,0.29022,0.30651,0.3091,0.36466
May1980,-0.12293,-0.38203,-0.20749,-0.12412,-0.15301,-0.12134,-0.12176,0.22048,-0.38977,-0.53,-0.24406,-0.01478,0.10645,0.11824,0.14356,0.15004,0.14939,0.23048,0.35024,0.3731,0.30035,0.34849,0.39074,0.54981,0.54667,0.5693,0.58915,0.58597,0.55098,0.56334,0.56631,0.48187,0.54208,0.30561,0.28714,0.26477,0.28969,0.29156,0.28376,0.28658,0.28196,0.33205,0.34494,0.38767,0.37905,0.27713,0.29372,0.29678
Jun1980,-0.34678,-0.36054,-0.45247,-0.30881,-0.25426,-0.28248,-0.2404,-0.23853,0.07533,-0.42269,-0.55075,-0.29223,-0.07536,0.03806,0.05095,0.0777,0.08503,0.08717,0.16669,0.28121,0.30629,0.24347,0.29368,0.3385,0.49563,0.49394,0.517,0.53729,0.53503,0.5015,0.51364,0.51733,0.43796,0.49809,0.27271,0.25808,0.23621,0.26049,0.2631,0.2565,0.2596,0.2555,0.30478,0.3179,0.36083,0.35457,0.25615,0.27372
Jul1980,-0.99972,-0.87819,-0.78892,-0.77545,-0.59355,-0.51554,-0.52432,-0.48108,-0.46386,-0.19777,-0.59361,-0.68182,-0.43199,-0.23359,-0.12491,-0.10915,-0.07814,-0.06696,-0.06303,0.01369,0.12316,0.15593,0.1052,0.16493,0.21655,0.36986,0.37241,0.3982,0.42217,0.42217,0.39139,0.40393,0.40907,0.33881,0.40316,0.19396,0.18444,0.16523,0.19014,0.19351,0.18809,0.19193,0.18888,0.23664,0.25026,0.29383,0.29057,0.19792
Aug1980,0.0238,-0.48781,-0.50987,-0.50556,-0.54568,-0.45567,-0.40207,-0.41367,-0.39334,-0.38636,-0.16744,-0.53604,-0.61405,-0.38998,-0.20542,-0.10538,-0.09098,-0.06512,-0.05586,-0.05361,0.02093,0.12045,0.15489,0.1038,0.16606,0.21863,0.36136,0.36427,0.38853,0.41265,0.41388,0.3855,0.39878,0.40342,0.33663,0.40013,0.2043,0.19607,0.1793,0.20149,0.20349,0.1983,0.20139,0.19861,0.24713,0.26036,0.29948,0.29657
Sep1980,0.08743,-0.01241,-0.38262,-0.42625,-0.41233,-0.45205,-0.37557,-0.33129,-0.34046,-0.31319,-0.30619,-0.10903,-0.46197,-0.55089,-0.34637,-0.17723,-0.08404,-0.06954,-0.04433,-0.03615,-0.03396,0.03971,0.13312,0.16328,0.11188,0.17554,0.22379,0.35922,0.36331,0.38656,0.40945,0.41046,0.38362,0.39932,0.40377,0.34003,0.40096,0.21211,0.20432,0.18797,0.20944,0.21098,0.20528,0.20819,0.20543,0.25453,0.26763,0.30586
Oct1980,-1.21158,-0.56189,-0.38206,-0.64706,-0.66496,-0.63781,-0.65804,-0.57229,-0.52312,-0.52202,-0.49124,-0.47361,-0.27811,-0.58533,-0.6533,-0.45332,-0.2882,-0.19583,-0.1782,-0.14931,-0.13865,-0.13469,-0.06457,0.02721,0.0604,0.01757,0.08727,0.13974,0.27337,0.27818,0.30232,0.327,0.32912,0.30403,0.31909,0.32451,0.26399,0.3277,0.14479,0.13948,0.12444,0.14603,0.14873,0.1442,0.1478,0.14568,0.19349,0.20726
Nov1980,0.06325,-0.98225,-0.50482,-0.36624,-0.6177,-0.63712,-0.61088,-0.63038,-0.551,-0.50479,-0.50488,-0.47701,-0.46037,-0.27463,-0.57032,-0.63828,-0.44608,-0.28603,-0.19583,-0.17903,-0.15064,-0.14046,-0.13671,-0.06863,0.02126,0.05423,0.01207,0.08167,0.13338,0.2651,0.27039,0.2947,0.31928,0.32165,0.29697,0.31203,0.31747,0.2577,0.32132,0.14053,0.13535,0.1206,0.14171,0.14447,0.14013,0.14382,0.14171,0.18925
Dec1980,1.16488,0.48196,-0.55284,-0.2642,-0.24147,-0.50303,-0.52945,-0.50986,-0.53413,-0.46783,-0.42777,-0.43078,-0.40506,-0.39233,-0.21594,-0.5066,-0.57877,-0.39571,-0.24114,-0.15462,-0.13976,-0.11421,-0.10533,-0.10215,-0.0355,0.05186,0.08324,0.04062,0.10857,0.1579,0.28636,0.29096,0.31431,0.33786,0.33994,0.31544,0.33086,0.33579,0.27599,0.33805,0.15867,0.15256,0.13733,0.1578,0.16007,0.1557,0.15883,0.15666
Jan1981,0.24201,0.75022,0.42985,-0.46273,-0.2207,-0.22517,-0.48308,-0.51613,-0.50201,-0.52687,-0.46635,-0.43003,-0.43356,-0.40824,-0.39856,-0.22548,-0.51171,-0.58759,-0.40907,-0.25697,-0.17088,-0.15653,-0.132,-0.12413,-0.12113,-0.05566,0.03123,0.06187,0.01919,0.08996,0.14029,0.27123,0.27542,0.29891,0.32174,0.32311,0.2982,0.3135,0.3181,0.25754,0.32115,0.14059,0.13387,0.1179,0.13881,0.14127,0.13693,0.14042
Feb1981,0.72348,0.55359,0.85512,0.57775,-0.25442,-0.08027,-0.13311,-0.39543,-0.43141,-0.42034,-0.44714,-0.39354,-0.36117,-0.36715,-0.34258,-0.33553,-0.16906,-0.45539,-0.5358,-0.36411,-0.21683,-0.13336,-0.12097,-0.09867,-0.0917,-0.08942,-0.02468,0.06013,0.08863,0.04526,0.11404,0.1625,0.2904,0.29385,0.31647,0.33834,0.33933,0.31456,0.3304,0.33485,0.27458,0.33677,0.15808,0.15076,0.13512,0.15561,0.15767,0.15302
Mar1981,-0.40307,0.00737,0.07416,0.34869,0.25025,-0.31082,-0.13019,-0.15463,-0.39179,-0.42571,-0.41452,-0.43996,-0.39057,-0.35925,-0.36505,-0.34188,-0.33687,-0.17973,-0.44809,-0.52392,-0.36128,-0.2202,-0.14189,-0.13169,-0.11048,-0.10332,-0.10062,-0.03766,0.04395,0.07137,0.03113,0.09816,0.14562,0.26992,0.27319,0.29503,0.31673,0.3177,0.29346,0.30921,0.31377,0.25571,0.31673,0.14251,0.13507,0.12032,0.14117,0.14384
Apr1981,-0.52414,-0.47255,-0.21304,-0.14264,0.0881,0.04015,-0.38323,-0.20494,-0.19819,-0.41093,-0.43969,-0.42806,-0.45061,-0.40178,-0.37152,-0.37628,-0.3529,-0.34788,-0.19894,-0.45342,-0.52487,-0.36847,-0.23154,-0.15723,-0.14822,-0.12764,-0.12081,-0.11797,-0.05583,0.02394,0.0509,0.01151,0.07887,0.12442,0.24622,0.24953,0.27165,0.29344,0.29474,0.27117,0.28678,0.29144,0.23523,0.29567,0.12503,0.11864,0.10438,0.125
May1981,1.36112,0.54389,0.20575,0.31207,0.31865,0.47781,0.40388,-0.05916,0.02859,-0.01246,-0.23608,-0.27552,-0.27049,-0.29875,-0.26115,-0.23609,-0.24423,-0.22326,-0.22296,-0.08457,-0.33988,-0.41648,-0.27097,-0.14194,-0.07337,-0.0669,-0.05016,-0.04496,-0.04357,0.01666,0.09309,0.1162,0.07415,0.13626,0.17869,0.29566,0.29742,0.31797,0.33818,0.33892,0.31526,0.33172,0.3358,0.27923,0.33665,0.1666,0.15928,0.14492
Jun1981,-1.00168,-0.09205,-0.23037,-0.29011,-0.18555,-0.15939,2e-04,-0.02556,-0.32388,-0.19126,-0.19398,-0.38047,-0.40666,-0.39876,-0.42036,-0.37942,-0.35331,-0.35701,-0.33208,-0.32851,-0.19546,-0.42793,-0.49733,-0.35368,-0.22736,-0.15948,-0.15042,-0.13163,-0.12492,-0.12259,-0.06261,0.01231,0.038,0.00128,0.06666,0.11261,0.22713,0.22969,0.25134,0.2729,0.27444,0.25208,0.26803,0.27297,0.22021,0.27955,0.11545,0.11055
Jul1981,0.30651,-0.34169,0.1359,0.00987,-0.06077,0.01775,0.02485,0.13457,0.10131,-0.17898,-0.09667,-0.12474,-0.2951,-0.3264,-0.32158,-0.34631,-0.31331,-0.29023,-0.29606,-0.27209,-0.27069,-0.14764,-0.37128,-0.43882,-0.3039,-0.18805,-0.12311,-0.11505,-0.09738,-0.09106,-0.08917,-0.02966,0.04152,0.06649,0.03135,0.09616,0.14127,0.25132,0.25328,0.27303,0.29264,0.29385,0.27247,0.28963,0.29441,0.24262,0.2998,0.14061
Aug1981,-0.01053,0.08592,-0.2106,0.07128,-0.01104,-0.07211,-0.00955,-0.00211,0.08826,0.06552,-0.16336,-0.11986,-0.12534,-0.27331,-0.29755,-0.29305,-0.31652,-0.28916,-0.26934,-0.27626,-0.25102,-0.25175,-0.13406,-0.3495,-0.40995,-0.27902,-0.17084,-0.10939,-0.10236,-0.08442,-0.07739,-0.0751,-0.0147,0.05248,0.07418,0.04272,0.10713,0.15118,0.25783,0.25823,0.27597,0.29481,0.29546,0.27524,0.29421,0.29904,0.24743,0.30227
Sep1981,-0.5798,-0.36978,-0.18098,-0.41693,-0.14895,-0.19648,-0.2236,-0.16094,-0.14558,-0.05515,-0.06466,-0.24804,-0.20615,-0.20043,-0.33675,-0.36121,-0.35545,-0.37381,-0.34301,-0.32291,-0.32781,-0.30008,-0.29889,-0.18767,-0.393,-0.44368,-0.31696,-0.21109,-0.15015,-0.14205,-0.12365,-0.11646,-0.11373,-0.05727,0.00831,0.03101,0.00111,0.0665,0.11137,0.21695,0.21808,0.23598,0.25485,0.25592,0.23644,0.256,0.26139,0.21226
Oct1981,0.53933,-0.09319,-0.13831,-0.04488,-0.26565,-0.03943,-0.0885,-0.12329,-0.07196,-0.05902,0.0242,0.0161,-0.15114,-0.12068,-0.12317,-0.25866,-0.28386,-0.27952,-0.29934,-0.27313,-0.25483,-0.26069,-0.2363,-0.23658,-0.13171,-0.33316,-0.38377,-0.26095,-0.15942,-0.10245,-0.09622,-0.07966,-0.07335,-0.07094,-0.01617,0.04715,0.06715,0.03744,0.09883,0.14177,0.24384,0.24371,0.26057,0.27811,0.27887,0.25978,0.2797,0.28501
Nov1981,0.09448,0.43592,-0.08048,-0.13604,-0.04845,-0.25896,-0.0442,-0.09026,-0.12292,-0.07315,-0.0612,0.01821,0.01074,-0.15089,-0.12152,-0.1228,-0.25536,-0.28039,-0.27593,-0.29566,-0.27013,-0.25259,-0.25853,-0.2354,-0.23589,-0.13299,-0.33063,-0.37985,-0.25985,-0.16062,-0.10412,-0.09772,-0.08142,-0.07501,-0.07257,-0.01821,0.04421,0.06396,0.03506,0.09586,0.13836,0.23951,0.23913,0.25592,0.27345,0.27435,0.25541,0.27532
Dec1981,0.53735,0.26609,0.4965,0.03623,-0.07213,0.00279,-0.20147,-0.00145,-0.04926,-0.08536,-0.03978,-0.02962,0.0472,0.03847,-0.11916,-0.09286,-0.09495,-0.22643,-0.25196,-0.24864,-0.26895,-0.24565,-0.22932,-0.23543,-0.21289,-0.21388,-0.11347,-0.30818,-0.35646,-0.23976,-0.14303,-0.08799,-0.08208,-0.0666,-0.06051,-0.0583,-0.0044,0.05663,0.07538,0.04664,0.10568,0.14682,0.24602,0.24552,0.26185,0.27931,0.2798,0.26109
Jan1982,1.03601,0.91598,0.53733,0.6221,0.14744,-0.001,0.05322,-0.15239,0.03706,-0.01177,-0.05185,-0.01067,-0.00239,0.07256,0.06072,-0.09633,-0.07445,-0.07951,-0.21493,-0.24318,-0.24078,-0.26242,-0.24114,-0.2262,-0.23287,-0.21151,-0.21354,-0.1151,-0.31272,-0.36212,-0.24582,-0.14806,-0.09275,-0.08734,-0.07282,-0.06733,-0.06539,-0.01069,0.05051,0.06908,0.03986,0.10055,0.14138,0.24108,0.24056,0.25708,0.27469,0.27545
Feb1982,1.45995,1.35379,1.26256,0.88157,0.81203,0.33031,0.13921,0.17057,-0.03369,0.14332,0.09365,0.04846,0.08451,0.08948,0.16248,0.14748,-0.01122,0.00226,-0.00884,-0.14819,-0.17982,-0.17942,-0.20321,-0.18515,-0.17171,-0.17937,-0.15821,-0.1616,-0.06655,-0.26421,-0.3146,-0.20159,-0.10654,-0.05306,-0.0488,-0.03582,-0.03109,-0.02965,0.02517,0.08517,0.10263,0.07261,0.13168,0.17087,0.26914,0.26827,0.28399,0.30084
Mar1982,0.79547,1.15902,1.22384,1.1793,0.92836,0.86101,0.42231,0.24216,0.25476,0.05769,0.21634,0.16501,0.11955,0.15313,0.15625,0.22411,0.20616,0.05309,0.06149,0.04833,-0.08899,-0.12131,-0.12441,-0.15092,-0.13641,-0.12426,-0.13212,-0.11105,-0.11565,-0.02591,-0.2181,-0.26842,-0.16105,-0.07067,-0.0201,-0.0174,-0.00594,-0.00208,-0.00118,0.05291,0.11077,0.12718,0.0966,0.15294,0.18966,0.2853,0.28475,0.30022
Apr1982,0.57135,0.71878,0.97976,1.06857,1.06684,0.89941,0.85712,0.45651,0.29696,0.30165,0.11458,0.26033,0.21028,0.16714,0.19814,0.20045,0.26531,0.24719,0.0979,0.10353,0.08946,-0.04592,-0.07814,-0.08429,-0.11261,-0.10072,-0.09008,-0.09831,-0.07665,-0.08151,0.00426,-0.18528,-0.23414,-0.13213,-0.045,0.00334,0.00568,0.01616,0.01964,0.02025,0.07357,0.12983,0.1453,0.11451,0.16853,0.20437,0.29774,0.29687
May1982,0.98941,0.88892,0.9005,1.06716,1.12878,1.14122,1.00003,0.9431,0.5539,0.39266,0.38706,0.20473,0.33812,0.28811,0.24447,0.2725,0.27352,0.33653,0.31721,0.17027,0.16862,0.15187,0.01781,-0.01663,-0.02531,-0.05425,-0.04506,-0.03573,-0.0448,-0.02421,-0.03027,0.05121,-0.13662,-0.18643,-0.08853,-0.00521,0.04077,0.04216,0.05134,0.05429,0.05436,0.10719,0.16194,0.17625,0.1446,0.19566,0.23019,0.32175
Jun1982,-0.32243,0.21765,0.36898,0.48033,0.63573,0.71476,0.75594,0.67134,0.69256,0.41942,0.2907,0.29233,0.13201,0.25819,0.21355,0.17569,0.20347,0.20721,0.26929,0.2528,0.11666,0.1201,0.1065,-0.01886,-0.05011,-0.05784,-0.08456,-0.07504,-0.06529,-0.07376,-0.05167,-0.05698,0.02306,-0.1566,-0.20248,-0.10484,-0.02441,0.02015,0.02213,0.03192,0.0351,0.03554,0.08757,0.14132,0.15632,0.12742,0.17775,0.21276
Jul1982,-0.5681,-0.5513,-0.17208,0.00781,0.16432,0.30203,0.37071,0.41426,0.3659,0.42994,0.24409,0.1489,0.17226,0.03052,0.14971,0.11018,0.07859,0.10698,0.11133,0.17185,0.15904,0.03803,0.04375,0.0384,-0.07384,-0.10417,-0.10856,-0.13194,-0.12016,-0.10958,-0.11691,-0.09392,-0.09822,-0.01905,-0.18809,-0.22814,-0.13137,-0.0526,-0.00886,-0.0068,0.0029,0.00639,0.00742,0.05791,0.11052,0.12578,0.09917,0.14988
Aug1982,-0.06176,-0.3355,-0.3648,-0.14935,-0.03881,0.06763,0.17773,0.23347,0.2857,0.25658,0.32466,0.15981,0.10396,0.1362,0.01479,0.1261,0.09174,0.0618,0.08774,0.09091,0.15067,0.13769,0.03018,0.03215,0.03388,-0.06792,-0.09848,-0.10271,-0.12541,-0.11287,-0.10169,-0.10815,-0.08241,-0.0869,-0.01359,-0.17375,-0.21029,-0.11594,-0.03869,0.00184,0.00272,0.01213,0.01496,0.01607,0.06791,0.11864,0.13089,0.10539
Sep1982,-1.3593,-0.77132,-0.79546,-0.79584,-0.57651,-0.44679,-0.30549,-0.19122,-0.12765,-0.06807,-0.07453,0.0209,-0.09412,-0.11092,-0.06699,-0.17495,-0.06562,-0.08983,-0.1082,-0.08026,-0.07402,-0.01322,-0.02139,-0.11742,-0.10941,-0.09409,-0.1869,-0.21214,-0.21253,-0.23111,-0.21571,-0.20352,-0.20841,-0.18604,-0.18876,-0.11484,-0.26813,-0.30131,-0.20589,-0.12804,-0.0862,-0.08343,-0.07231,-0.06835,-0.06647,-0.01445,0.03643,0.05064
Oct1982,0.23579,-0.85322,-0.58955,-0.66279,-0.67399,-0.48536,-0.37801,-0.26118,-0.1611,-0.10277,-0.0465,-0.04938,0.04422,-0.06374,-0.08049,-0.04086,-0.14292,-0.03912,-0.06297,-0.08165,-0.05499,-0.04946,0.00804,-2e-04,-0.09374,-0.08678,-0.07117,-0.16006,-0.18513,-0.18701,-0.20606,-0.19179,-0.18031,-0.18509,-0.16396,-0.16681,-0.09621,-0.24591,-0.2797,-0.18696,-0.11137,-0.07155,-0.06931,-0.05913,-0.05548,-0.05368,-0.00273,0.0473
Nov1982,0.68314,0.37903,-0.60793,-0.47246,-0.56578,-0.58464,-0.40906,-0.31123,-0.20563,-0.1119,-0.05823,-0.00537,-0.00972,0.07631,-0.03121,-0.04984,-0.01397,-0.11502,-0.01444,-0.03901,-0.05812,-0.03283,-0.02795,0.028,0.01932,-0.07305,-0.06779,-0.05281,-0.14127,-0.1669,-0.16873,-0.18773,-0.17432,-0.16313,-0.168,-0.14668,-0.1499,-0.08074,-0.22859,-0.26221,-0.17125,-0.09692,-0.05825,-0.05633,-0.04659,-0.04305,-0.04142,0.00939
Dec1982,1.54063,1.02679,0.60726,-0.31331,-0.31568,-0.43339,-0.46086,-0.29962,-0.21313,-0.12171,-0.0359,0.01305,0.06394,0.05661,0.13503,0.02604,0.00428,0.03519,-0.06542,0.03092,0.00528,-0.01576,0.00777,0.012,0.06688,0.05756,-0.03415,-0.03085,-0.01687,-0.10554,-0.13193,-0.1346,-0.15411,-0.14204,-0.1315,-0.13669,-0.1152,-0.11914,-0.05211,-0.19859,-0.23275,-0.14438,-0.07209,-0.03454,-0.03327,-0.02401,-0.02114,-0.01969
Jan1983,-0.20336,0.64868,0.69086,0.50096,-0.32338,-0.33183,-0.44679,-0.47806,-0.32546,-0.24064,-0.15164,-0.06867,-0.02048,0.02957,0.02136,0.10148,-0.00505,-0.02407,0.0057,-0.09564,0.00063,-0.0249,-0.04637,-0.02368,-0.0194,0.03439,0.02492,-0.06733,-0.06372,-0.04731,-0.1371,-0.16375,-0.16653,-0.18632,-0.17433,-0.16384,-0.16914,-0.14752,-0.15184,-0.08367,-0.23195,-0.26579,-0.17576,-0.10234,-0.06407,-0.06263,-0.05306,-0.04989
Feb1983,-0.78806,-0.56701,0.07255,0.26397,0.27975,-0.39514,-0.38202,-0.48061,-0.50581,-0.35652,-0.27052,-0.18089,-0.09947,-0.05219,-0.00209,-0.00913,0.07066,-0.02967,-0.04488,-0.01581,-0.11605,-0.02105,-0.04607,-0.06662,-0.04396,-0.03957,0.01352,0.00448,-0.0861,-0.08163,-0.06427,-0.15248,-0.17887,-0.18141,-0.20064,-0.18852,-0.17804,-0.1832,-0.16157,-0.16564,-0.09784,-0.24396,-0.27686,-0.18741,-0.11412,-0.07582,-0.07419,-0.06443
Mar1983,-1.15982,-1.07316,-0.94803,-0.55635,-0.3518,-0.17918,-0.60702,-0.53002,-0.59441,-0.60998,-0.46936,-0.38631,-0.29488,-0.21375,-0.16663,-0.11848,-0.12275,-0.04039,-0.12378,-0.12765,-0.09505,-0.18815,-0.09694,-0.12059,-0.13785,-0.11445,-0.10878,-0.05725,-0.06482,-0.14989,-0.142,-0.12274,-0.20593,-0.23074,-0.23234,-0.25017,-0.23711,-0.22648,-0.23109,-0.21,-0.21333,-0.14645,-0.28693,-0.31763,-0.2302,-0.15803,-0.11941,-0.1166
Apr1983,0.17314,-0.66102,-0.71838,-0.66998,-0.37415,-0.24142,-0.12828,-0.50398,-0.45634,-0.52745,-0.54464,-0.41474,-0.33886,-0.25392,-0.17797,-0.13382,-0.08745,-0.09256,-0.01661,-0.09727,-0.10126,-0.07193,-0.16233,-0.07662,-0.10152,-0.11966,-0.09777,-0.09258,-0.04138,-0.04874,-0.13223,-0.12654,-0.10716,-0.18982,-0.21446,-0.21664,-0.23417,-0.22198,-0.21184,-0.21652,-0.19583,-0.19932,-0.13438,-0.27241,-0.30278,-0.21735,-0.14704,-0.10954
May1983,-0.60591,-0.2861,-0.68306,-0.73268,-0.69631,-0.46386,-0.34346,-0.24319,-0.5568,-0.50149,-0.55958,-0.57478,-0.45287,-0.38029,-0.29728,-0.22396,-0.1811,-0.13552,-0.13907,-0.0639,-0.1385,-0.1375,-0.10694,-0.19419,-0.11136,-0.13406,-0.15043,-0.12861,-0.12335,-0.07444,-0.08121,-0.16166,-0.15542,-0.13559,-0.21491,-0.23909,-0.2409,-0.25742,-0.245,-0.23474,-0.23923,-0.2193,-0.22247,-0.1585,-0.2929,-0.32261,-0.2382,-0.16876
Jun1983,-0.52334,-0.72362,-0.48121,-0.73516,-0.7866,-0.76542,-0.56606,-0.46659,-0.35795,-0.60558,-0.55315,-0.60443,-0.6156,-0.50325,-0.43503,-0.35556,-0.28606,-0.2434,-0.19635,-0.19788,-0.12528,-0.1912,-0.18875,-0.15567,-0.23727,-0.15679,-0.17698,-0.19151,-0.16951,-0.16401,-0.1146,-0.12033,-0.19612,-0.18786,-0.16589,-0.23958,-0.26322,-0.26485,-0.28018,-0.26711,-0.25672,-0.26066,-0.24066,-0.24323,-0.18011,-0.30935,-0.33862,-0.25494
Jul1983,0.05039,-0.24078,-0.42542,-0.29301,-0.52349,-0.57734,-0.57523,-0.41645,-0.3426,-0.27222,-0.51441,-0.49228,-0.54029,-0.5565,-0.45422,-0.39471,-0.32441,-0.26039,-0.22253,-0.17736,-0.17947,-0.11183,-0.17733,-0.17411,-0.14108,-0.22127,-0.14383,-0.16291,-0.17631,-0.15509,-0.14993,-0.10068,-0.10643,-0.17821,-0.16981,-0.14629,-0.21648,-0.23937,-0.24128,-0.25698,-0.24526,-0.2354,-0.23913,-0.21975,-0.22236,-0.16136,-0.28731,-0.31562
Aug1983,-1.64046,-1.09599,-1.12925,-1.1554,-1.01594,-1.08112,-1.07804,-1.04987,-0.92536,-0.84616,-0.75792,-0.92503,-0.83729,-0.84331,-0.84247,-0.74593,-0.68255,-0.60623,-0.54352,-0.50518,-0.45816,-0.45409,-0.3803,-0.42843,-0.40679,-0.36121,-0.43218,-0.35424,-0.36648,-0.37035,-0.34601,-0.338,-0.28744,-0.28963,-0.35458,-0.33844,-0.30842,-0.36961,-0.38745,-0.38702,-0.39929,-0.38341,-0.37214,-0.37424,-0.35309,-0.35331,-0.29405,-0.41252
Sep1983,-1.66035,-1.92057,-1.48277,-1.48167,-1.49004,-1.35635,-1.35853,-1.33373,-1.29093,-1.16001,-1.07232,-0.98496,-1.1253,-1.02442,-1.01686,-1.01336,-0.91851,-0.85179,-0.76873,-0.70561,-0.66544,-0.61654,-0.60749,-0.53638,-0.57613,-0.54394,-0.49484,-0.55827,-0.47998,-0.48796,-0.48745,-0.46225,-0.45295,-0.40764,-0.40768,-0.46791,-0.45032,-0.41924,-0.47624,-0.49172,-0.48871,-0.49782,-0.47932,-0.46667,-0.4677,-0.44512,-0.44387,-0.3843
Oct1983,-1.27087,-1.99944,-2.03212,-1.5749,-1.55817,-1.5536,-1.43209,-1.42786,-1.40201,-1.36264,-1.24404,-1.16183,-1.08133,-1.20226,-1.10221,-1.0906,-1.08584,-0.99267,-0.92539,-0.84126,-0.77897,-0.7387,-0.69381,-0.68262,-0.6136,-0.6477,-0.61341,-0.56076,-0.61985,-0.54325,-0.54934,-0.54657,-0.52118,-0.5112,-0.46847,-0.46715,-0.525,-0.50614,-0.47582,-0.52986,-0.54412,-0.54038,-0.54811,-0.52871,-0.51569,-0.5162,-0.49504,-0.49298
Nov1983,-1.17211,-1.47482,-2.04734,-2.00734,-1.59116,-1.56981,-1.56161,-1.4468,-1.43842,-1.4142,-1.3767,-1.26476,-1.18585,-1.10933,-1.22274,-1.12803,-1.11532,-1.11004,-1.01897,-0.95291,-0.87028,-0.80958,-0.77024,-0.72727,-0.71572,-0.64792,-0.67961,-0.64515,-0.59274,-0.64994,-0.57414,-0.57911,-0.57536,-0.54996,-0.53982,-0.4976,-0.49591,-0.55203,-0.53256,-0.50227,-0.55461,-0.56817,-0.56411,-0.57109,-0.55131,-0.53809,-0.53838,-0.51734
Dec1983,-0.04863,-0.70049,-1.16945,-1.78671,-1.85044,-1.50515,-1.48942,-1.47942,-1.37041,-1.3693,-1.34982,-1.31649,-1.21148,-1.13792,-1.06456,-1.17691,-1.09188,-1.08271,-1.078,-0.98973,-0.92628,-0.84698,-0.78837,-0.75038,-0.70862,-0.69782,-0.63152,-0.66363,-0.62977,-0.57905,-0.63574,-0.56164,-0.5667,-0.56346,-0.53866,-0.52886,-0.4871,-0.48587,-0.54158,-0.52246,-0.49289,-0.54471,-0.55842,-0.55467,-0.56186,-0.54258,-0.5299,-0.53029
Jan1984,0.09733,0.02888,-0.5274,-1.03465,-1.58156,-1.73535,-1.43961,-1.43856,-1.4429,-1.34295,-1.35147,-1.33698,-1.30456,-1.20148,-1.13342,-1.06646,-1.17338,-1.10149,-1.09669,-1.09472,-1.0063,-0.94436,-0.86568,-0.80723,-0.76969,-0.72888,-0.71884,-0.65566,-0.69146,-0.65992,-0.61139,-0.67052,-0.59478,-0.59999,-0.59631,-0.57079,-0.56096,-0.51876,-0.51785,-0.57442,-0.55564,-0.52564,-0.57819,-0.59163,-0.5885,-0.59631,-0.57714,-0.56464
Feb1984,0.59086,0.40649,0.3213,-0.25107,-0.77945,-1.32591,-1.61148,-1.34287,-1.34735,-1.35428,-1.26207,-1.27992,-1.26969,-1.23989,-1.13869,-1.07236,-1.0063,-1.11788,-1.05288,-1.05265,-1.05177,-0.96446,-0.90394,-0.82793,-0.77093,-0.73442,-0.69436,-0.68548,-0.62359,-0.66054,-0.62989,-0.583,-0.64227,-0.56793,-0.57383,-0.57127,-0.54649,-0.53718,-0.49509,-0.49476,-0.5512,-0.53307,-0.50343,-0.55594,-0.56957,-0.56677,-0.57501,-0.5566
Mar1984,0.69692,0.71125,0.58084,0.50492,0.03615,-0.46994,-0.94371,-1.35838,-1.15483,-1.16608,-1.17579,-1.097,-1.13141,-1.13074,-1.1086,-1.01536,-0.95704,-0.89491,-1.00976,-0.95704,-0.96498,-0.96621,-0.88366,-0.82799,-0.7589,-0.70561,-0.6716,-0.63304,-0.62614,-0.56706,-0.60485,-0.57587,-0.53256,-0.59139,-0.52074,-0.52803,-0.52738,-0.50431,-0.49586,-0.45462,-0.45519,-0.51062,-0.49421,-0.46549,-0.51751,-0.53122,-0.52904,-0.53776
Apr1984,0.74885,0.76823,0.77808,0.68412,0.62419,0.22426,-0.27286,-0.71263,-1.16775,-1.00747,-1.02457,-1.03829,-0.9692,-1.01404,-1.01883,-1.00122,-0.91311,-0.86067,-0.80221,-0.92099,-0.876,-0.89052,-0.89418,-0.81505,-0.7634,-0.69965,-0.64912,-0.61695,-0.57881,-0.57307,-0.5161,-0.55582,-0.52725,-0.48744,-0.54601,-0.47829,-0.48637,-0.48724,-0.46537,-0.45758,-0.41729,-0.4185,-0.47366,-0.45875,-0.43101,-0.48249,-0.49657,-0.49516
May1984,-0.12702,0.2789,0.42465,0.47942,0.446,0.43576,0.14698,-0.26432,-0.65849,-1.08439,-0.95003,-0.96973,-0.98397,-0.92212,-0.96822,-0.97469,-0.96006,-0.87738,-0.8291,-0.77432,-0.89029,-0.84991,-0.86582,-0.87003,-0.79456,-0.74537,-0.68459,-0.6361,-0.6053,-0.56964,-0.56458,-0.50945,-0.54858,-0.52082,-0.48225,-0.5398,-0.47427,-0.48224,-0.48339,-0.46216,-0.45476,-0.4157,-0.41704,-0.47068,-0.45648,-0.42992,-0.47961,-0.49311
Jun1984,1.67811,1.36236,1.30823,1.25178,1.24482,1.16756,1.09908,0.78428,0.2863,-0.17038,-0.69346,-0.62129,-0.65752,-0.68431,-0.6368,-0.70347,-0.71894,-0.7111,-0.63212,-0.59223,-0.54413,-0.67184,-0.64816,-0.67713,-0.68639,-0.61772,-0.57435,-0.52242,-0.47761,-0.44996,-0.4133,-0.41186,-0.36026,-0.40339,-0.37871,-0.34395,-0.40426,-0.34311,-0.35405,-0.35897,-0.33982,-0.33371,-0.29389,-0.29691,-0.352,-0.33965,-0.31601,-0.36756
Jul1984,-0.8693,0.53133,0.39795,0.52298,0.5822,0.60166,0.56958,0.54987,0.34303,0.0112,-0.34522,-0.7798,-0.70079,-0.73291,-0.75329,-0.70822,-0.76407,-0.77547,-0.76782,-0.69386,-0.65609,-0.60909,-0.72461,-0.6998,-0.72279,-0.73278,-0.66608,-0.62349,-0.57198,-0.52839,-0.50149,-0.46489,-0.46251,-0.41114,-0.44954,-0.4224,-0.38614,-0.44306,-0.38282,-0.39267,-0.39643,-0.37724,-0.37064,-0.33279,-0.335,-0.3876,-0.37446,-0.35021
Aug1984,-1.3842,-1.29746,-0.534,-0.52827,-0.35977,-0.22871,-0.16762,-0.16372,-0.14443,-0.26353,-0.45972,-0.71972,-1.01643,-0.92606,-0.94297,-0.95694,-0.9093,-0.94785,-0.95433,-0.94371,-0.87239,-0.83386,-0.78692,-0.8866,-0.85502,-0.86719,-0.87386,-0.80788,-0.76362,-0.70838,-0.66407,-0.63626,-0.59686,-0.59196,-0.54324,-0.57431,-0.5443,-0.50423,-0.55606,-0.49593,-0.50307,-0.50286,-0.48289,-0.47534,-0.43591,-0.43609,-0.48664,-0.47229
Sep1984,-0.22741,-1.14947,-1.18837,-0.55954,-0.53903,-0.39003,-0.26454,-0.20843,-0.19972,-0.17122,-0.27029,-0.44353,-0.6951,-0.99341,-0.91118,-0.93082,-0.94445,-0.89747,-0.93447,-0.94083,-0.9299,-0.85848,-0.82021,-0.7763,-0.87612,-0.84203,-0.85476,-0.8606,-0.79617,-0.75295,-0.69935,-0.6561,-0.62889,-0.59443,-0.58992,-0.54248,-0.57469,-0.5461,-0.50696,-0.55798,-0.4984,-0.50498,-0.50476,-0.48489,-0.47734,-0.4361,-0.43609,-0.48614
Oct1984,0.56011,0.1541,-0.80029,-0.91879,-0.38323,-0.37134,-0.25184,-0.155,-0.11004,-0.10351,-0.0772,-0.16852,-0.32926,-0.57517,-0.87887,-0.81096,-0.8335,-0.84835,-0.80462,-0.84571,-0.85407,-0.8449,-0.77847,-0.74291,-0.70144,-0.80335,-0.77205,-0.78627,-0.79271,-0.73104,-0.69049,-0.64024,-0.59873,-0.57264,-0.54022,-0.53666,-0.49151,-0.52443,-0.49762,-0.46054,-0.51149,-0.45463,-0.4624,-0.46376,-0.44497,-0.43793,-0.39781,-0.39816
Nov1984,0.61503,0.6275,0.25082,-0.67656,-0.81521,-0.31773,-0.30834,-0.19837,-0.11056,-0.06882,-0.0644,-0.04026,-0.12946,-0.28765,-0.52856,-0.82929,-0.76803,-0.79143,-0.80611,-0.76476,-0.80704,-0.81625,-0.80836,-0.74475,-0.71117,-0.67078,-0.77221,-0.74247,-0.75802,-0.76539,-0.70526,-0.66613,-0.61769,-0.57717,-0.55178,-0.51953,-0.51661,-0.47248,-0.50515,-0.47879,-0.44271,-0.49318,-0.43783,-0.4459,-0.44777,-0.42939,-0.42261,-0.38257
Dec1984,0.49833,0.59669,0.65502,0.32644,-0.57847,-0.73033,-0.25979,-0.25517,-0.15423,-0.07539,-0.03741,-0.03442,-0.01074,-0.09825,-0.25243,-0.4875,-0.78379,-0.72786,-0.75174,-0.76706,-0.72803,-0.77138,-0.78136,-0.77436,-0.71247,-0.68043,-0.64109,-0.74237,-0.71355,-0.73013,-0.7382,-0.67967,-0.64171,-0.59491,-0.55537,-0.53068,-0.49871,-0.49645,-0.45366,-0.48612,-0.46056,-0.42572,-0.47591,-0.42188,-0.43031,-0.43247,-0.41483,-0.4083
Jan1985,0.23244,0.40759,0.514,0.62461,0.3182,-0.54286,-0.69946,-0.25825,-0.25639,-0.15873,-0.08355,-0.04819,-0.04573,-0.02258,-0.1105,-0.26186,-0.49331,-0.79147,-0.73996,-0.76622,-0.78121,-0.74339,-0.78707,-0.79689,-0.79017,-0.72939,-0.69836,-0.66196,-0.76724,-0.74159,-0.76209,-0.77224,-0.71228,-0.6737,-0.62567,-0.58516,-0.56026,-0.52798,-0.52608,-0.48276,-0.51629,-0.49027,-0.45462,-0.50544,-0.45101,-0.45998,-0.46262,-0.44492
Feb1985,-0.36701,-0.0895,0.14995,0.29282,0.49308,0.26972,-0.53609,-0.68475,-0.25768,-0.25497,-0.15811,-0.08427,-0.05004,-0.04788,-0.02414,-0.10958,-0.25701,-0.48411,-0.77966,-0.73067,-0.75761,-0.77247,-0.73535,-0.77883,-0.78879,-0.78229,-0.72234,-0.69205,-0.65647,-0.76083,-0.73566,-0.75614,-0.76625,-0.70707,-0.66911,-0.62192,-0.58202,-0.55758,-0.5254,-0.52369,-0.48087,-0.51401,-0.48815,-0.4528,-0.50295,-0.44891,-0.45784,-0.4605
Mar1985,-0.00943,-0.14295,-0.05119,0.10656,0.20921,0.40167,0.24815,-0.45973,-0.60873,-0.22207,-0.22051,-0.13418,-0.06639,-0.03298,-0.03131,-0.00934,-0.09188,-0.23059,-0.44673,-0.73074,-0.68795,-0.71482,-0.73063,-0.69693,-0.74078,-0.75127,-0.74578,-0.68801,-0.65981,-0.6258,-0.7275,-0.70315,-0.72401,-0.73477,-0.67838,-0.64276,-0.59835,-0.56039,-0.53709,-0.50557,-0.50446,-0.46325,-0.49604,-0.47081,-0.4373,-0.4859,-0.43359,-0.44239
Apr1985,0.76903,0.3936,0.20694,0.22464,0.32333,0.37335,0.49158,0.32781,-0.32732,-0.4873,-0.12992,-0.13218,-0.05491,0.00624,0.03619,0.03645,0.0576,-0.02323,-0.16051,-0.37339,-0.65383,-0.61811,-0.64655,-0.66452,-0.63458,-0.68113,-0.69301,-0.68879,-0.63191,-0.60535,-0.57281,-0.67502,-0.65078,-0.67338,-0.68524,-0.63141,-0.59779,-0.55604,-0.51964,-0.49733,-0.4666,-0.4662,-0.42667,-0.45999,-0.43565,-0.4035,-0.4517,-0.40122
May1985,0.7214,0.81442,0.56071,0.39525,0.39203,0.46426,0.49777,0.56841,0.39551,-0.21566,-0.37976,-0.05251,-0.05721,0.01267,0.06784,0.09523,0.09442,0.1154,0.03619,-0.09827,-0.30872,-0.58367,-0.55358,-0.58359,-0.60343,-0.57631,-0.62451,-0.63751,-0.63451,-0.5807,-0.55624,-0.52539,-0.6272,-0.60415,-0.62769,-0.64073,-0.58928,-0.55763,-0.51845,-0.4835,-0.46227,-0.43235,-0.43267,-0.39445,-0.4281,-0.40525,-0.3742,-0.4215
Jun1985,-0.52855,-0.07322,0.20567,0.15556,0.06113,0.07041,0.15605,0.20047,0.31913,0.23536,-0.2968,-0.44184,-0.13552,-0.1385,-0.07104,-0.01553,0.01194,0.01433,0.03778,-0.03436,-0.15815,-0.35276,-0.61361,-0.58279,-0.61051,-0.62914,-0.60167,-0.64696,-0.65875,-0.65569,-0.60152,-0.57757,-0.54688,-0.64288,-0.61943,-0.6404,-0.65321,-0.60313,-0.57197,-0.53315,-0.49879,-0.47779,-0.44807,-0.44799,-0.41019,-0.44159,-0.41968,-0.3883
Jul1985,-0.38016,-0.53224,-0.24258,-0.01055,0.00794,-0.0413,-0.03212,0.03257,0.07145,0.1799,0.12503,-0.34004,-0.45884,-0.1826,-0.18349,-0.12221,-0.07001,-0.04288,-0.04062,-0.01624,-0.08154,-0.19328,-0.37475,-0.61585,-0.58537,-0.61398,-0.63027,-0.6039,-0.64648,-0.65749,-0.65471,-0.60161,-0.57877,-0.54838,-0.64006,-0.61603,-0.63569,-0.64789,-0.59896,-0.56876,-0.53114,-0.49765,-0.47703,-0.44878,-0.44856,-0.4117,-0.44193,-0.41995
Aug1985,0.38731,0.07267,-0.06861,0.06804,0.18703,0.16772,0.12511,0.12685,0.17756,0.20396,0.28247,0.19682,-0.21226,-0.32891,-0.07515,-0.07758,-0.02431,0.01748,0.03982,0.03924,0.0648,0.00027,-0.10481,-0.28623,-0.5175,-0.49001,-0.52151,-0.54001,-0.51724,-0.56124,-0.5729,-0.57107,-0.51529,-0.49472,-0.469,-0.56059,-0.53641,-0.55674,-0.56966,-0.52381,-0.49617,-0.46101,-0.42933,-0.40966,-0.37809,-0.37841,-0.34515,-0.37655
Sep1985,0.58603,0.51494,0.28571,0.13123,0.25267,0.34718,0.32248,0.27886,0.27725,0.32576,0.34477,0.40702,0.31193,-0.07484,-0.20125,0.02924,0.0235,0.07172,0.10845,0.12731,0.12557,0.15257,0.09006,-0.01542,-0.19748,-0.42079,-0.39918,-0.43118,-0.4509,-0.43097,-0.47775,-0.49083,-0.49014,-0.43928,-0.42069,-0.39697,-0.49135,-0.46918,-0.49163,-0.5055,-0.46143,-0.43528,-0.40246,-0.37189,-0.35294,-0.31899,-0.31989,-0.28816
Oct1985,-1.27843,-0.16468,0.06233,-0.08729,-0.1958,-0.07044,0.0323,0.03509,0.00837,0.01807,0.07058,0.10172,0.18749,0.12448,-0.21477,-0.32294,-0.09843,-0.09958,-0.04964,-0.00961,0.0114,0.01166,0.03814,-0.01909,-0.11621,-0.28501,-0.49494,-0.46864,-0.49736,-0.51558,-0.49468,-0.53759,-0.54924,-0.54761,-0.4995,-0.48013,-0.45667,-0.54638,-0.52484,-0.54523,-0.55793,-0.51413,-0.48746,-0.45407,-0.42354,-0.40451,-0.37224,-0.37224
Nov1985,-0.12658,-1.10035,-0.19227,0.02345,-0.11155,-0.21409,-0.09345,0.00572,0.01056,-0.01295,-0.00343,0.047,0.07787,0.1611,0.10309,-0.22288,-0.32813,-0.10965,-0.11031,-0.06169,-0.02188,-0.00134,-0.00101,0.02461,-0.03134,-0.12585,-0.29105,-0.49581,-0.47034,-0.49888,-0.51631,-0.49566,-0.53779,-0.54913,-0.54753,-0.49992,-0.48105,-0.45797,-0.54587,-0.5245,-0.54451,-0.55698,-0.51412,-0.48785,-0.45495,-0.42477,-0.40601,-0.37386
Dec1985,0.86563,0.25387,-0.69908,-0.02434,0.10069,-0.03723,-0.1404,-0.0311,0.05839,0.05727,0.03226,0.03975,0.08867,0.11642,0.19394,0.13532,-0.18238,-0.28828,-0.07668,-0.07857,-0.03233,0.00481,0.02401,0.02406,0.04923,-0.00608,-0.0993,-0.26262,-0.46399,-0.44047,-0.46952,-0.48737,-0.4677,-0.51018,-0.52178,-0.52059,-0.47345,-0.45557,-0.43362,-0.52071,-0.50005,-0.5205,-0.53341,-0.49181,-0.4666,-0.4347,-0.40548,-0.38718
Jan1986,1.53546,1.43118,0.71068,-0.34435,0.15652,0.20431,0.0506,-0.06078,0.03951,0.12237,0.11515,0.08638,0.09131,0.13863,0.16197,0.2355,0.17069,-0.14814,-0.2597,-0.05162,-0.05502,-0.01055,0.02393,0.04126,0.04056,0.06483,0.00827,-0.08749,-0.25421,-0.45895,-0.43837,-0.46965,-0.48855,-0.46937,-0.51362,-0.52566,-0.52491,-0.47709,-0.45977,-0.43801,-0.5279,-0.5072,-0.52852,-0.5417,-0.50046,-0.47568,-0.44414,-0.41485
Feb1986,0.86571,1.30947,1.33963,0.84895,-0.12623,0.27355,0.28685,0.12827,0.01757,0.11085,0.18939,0.17883,0.14873,0.15144,0.19794,0.2181,0.28522,0.21773,-0.09707,-0.21186,-0.01023,-0.015,0.02681,0.0588,0.07506,0.07369,0.098,0.04145,-0.05474,-0.22093,-0.42435,-0.40541,-0.43736,-0.45682,-0.43875,-0.48378,-0.49627,-0.49601,-0.4483,-0.43177,-0.41068,-0.50043,-0.48007,-0.50181,-0.51521,-0.47471,-0.45072,-0.42012
Mar1986,0.97264,1.00318,1.28055,1.30349,0.95949,0.10769,0.39703,0.39282,0.23117,0.11899,0.19981,0.26619,0.25291,0.22474,0.22565,0.26863,0.28357,0.34266,0.27482,-0.02749,-0.14226,0.04891,0.04062,0.07688,0.10502,0.12005,0.11843,0.1428,0.08696,-0.0083,-0.17037,-0.36872,-0.35254,-0.38513,-0.40531,-0.38959,-0.43509,-0.44825,-0.44864,-0.40185,-0.38676,-0.36704,-0.45563,-0.43606,-0.45854,-0.47211,-0.4334,-0.41082
Apr1986,-0.58191,0.1259,0.33444,0.6196,0.73172,0.55427,-0.05085,0.25751,0.30005,0.16011,0.06096,0.13937,0.20502,0.19822,0.17404,0.17652,0.21847,0.23429,0.29322,0.23484,-0.05088,-0.16081,0.02521,0.01579,0.05022,0.07791,0.09252,0.09128,0.11592,0.06255,-0.02933,-0.18692,-0.37744,-0.36233,-0.39394,-0.41351,-0.39785,-0.44188,-0.45456,-0.45488,-0.40947,-0.39467,-0.37546,-0.46195,-0.44267,-0.46404,-0.47726,-0.4394
May1986,0.30034,-0.14416,0.19846,0.3317,0.54693,0.65339,0.52468,0.0118,0.26565,0.30876,0.17827,0.08299,0.15628,0.21805,0.21224,0.18973,0.19216,0.23355,0.24818,0.30437,0.24644,-0.02812,-0.13555,0.04255,0.03194,0.06519,0.09142,0.10545,0.10382,0.12766,0.07512,-0.0156,-0.17044,-0.35664,-0.34253,-0.37442,-0.39404,-0.3793,-0.42297,-0.43562,-0.4363,-0.39212,-0.37807,-0.3595,-0.44466,-0.42653,-0.44733,-0.46023
Jun1986,-0.75912,-0.44712,-0.51445,-0.19181,-0.07613,0.09905,0.21865,0.14639,-0.20444,0.0711,0.14015,0.03357,-0.04253,0.02887,0.09113,0.09167,0.07319,0.07929,0.1218,0.13853,0.19733,0.15175,-0.10567,-0.20329,-0.02944,-0.03797,-0.00371,0.02357,0.03849,0.03769,0.06244,0.01305,-0.07171,-0.21789,-0.39452,-0.37765,-0.40844,-0.427,-0.41181,-0.45288,-0.46456,-0.46472,-0.42124,-0.40699,-0.38809,-0.46931,-0.4519,-0.47101
Jul1986,-0.63796,-0.83182,-0.62615,-0.63833,-0.35525,-0.24185,-0.10449,-0.00868,-0.05261,-0.31962,-0.07915,-0.00058,-0.0742,-0.14021,-0.07157,-0.01308,-0.00896,-0.02292,-0.01643,0.02589,0.04378,0.104,0.06502,-0.16886,-0.25484,-0.09183,-0.09677,-0.06208,-0.03303,-0.01733,-0.01719,0.00829,-0.03781,-0.11565,-0.25256,-0.41868,-0.4003,-0.42916,-0.44639,-0.43136,-0.47063,-0.48152,-0.48123,-0.43975,-0.42553,-0.4068,-0.48501,-0.46726
Aug1986,0.33767,-0.08446,-0.28136,-0.2119,-0.27977,-0.12739,-0.05107,0.04893,0.12225,0.08053,-0.16077,0.00369,0.07748,0.0106,-0.04838,0.01348,0.06477,0.06317,0.04792,0.05147,0.09382,0.10721,0.16391,0.11962,-0.09829,-0.17953,-0.0279,-0.03407,-0.00303,0.02424,0.03952,0.03962,0.06738,0.02229,-0.05596,-0.18807,-0.3489,-0.33161,-0.35995,-0.37935,-0.36671,-0.40677,-0.41865,-0.41892,-0.37439,-0.36085,-0.34536,-0.42376
Sep1986,1.58781,1.14319,0.74936,0.50074,0.53211,0.43805,0.5067,0.54104,0.60751,0.66841,0.61539,0.36477,0.44086,0.45391,0.36172,0.28768,0.33436,0.37232,0.35997,0.33951,0.33834,0.37954,0.38617,0.4231,0.36316,0.14858,0.05947,0.1979,0.18823,0.2123,0.23172,0.24293,0.2408,0.26889,0.2224,0.14084,0.0038,-0.15948,-0.14818,-0.17924,-0.2023,-0.19389,-0.23876,-0.25297,-0.25479,-0.20705,-0.19559,-0.18348
Oct1986,0.04737,1.22105,0.9547,0.62306,0.40824,0.43862,0.3576,0.42652,0.46113,0.52577,0.58891,0.54589,0.32935,0.40415,0.42441,0.34137,0.2741,0.31894,0.35482,0.34334,0.32481,0.32371,0.36558,0.37207,0.40793,0.3521,0.14819,0.06388,0.19711,0.18678,0.2096,0.22865,0.23955,0.23781,0.26565,0.22063,0.14039,0.00764,-0.15271,-0.1417,-0.17231,-0.19568,-0.18777,-0.23217,-0.24625,-0.24805,-0.20164,-0.19024
Nov1986,1.14399,0.41283,1.29853,1.02381,0.70165,0.4883,0.51221,0.43101,0.49121,0.52258,0.58239,0.64481,0.60101,0.38589,0.45185,0.46854,0.38466,0.31672,0.35888,0.39195,0.37957,0.36052,0.35886,0.40058,0.40625,0.43967,0.38246,0.18078,0.09626,0.22603,0.21563,0.23766,0.25565,0.26621,0.26429,0.29252,0.24768,0.16752,0.03584,-0.12319,-0.1132,-0.14382,-0.16779,-0.16063,-0.2052,-0.2194,-0.22146,-0.17503
Dec1986,0.93558,1.16642,0.54396,1.31483,1.04845,0.73994,0.53219,0.54948,0.46718,0.52078,0.54947,0.60624,0.66762,0.62419,0.41349,0.47517,0.49159,0.40828,0.34067,0.38069,0.4121,0.39871,0.3794,0.37765,0.41893,0.42416,0.45619,0.39961,0.20166,0.11747,0.24414,0.23337,0.25458,0.2717,0.28186,0.27979,0.30812,0.26356,0.18374,0.05351,-0.10412,-0.0952,-0.12603,-0.15002,-0.14347,-0.18765,-0.20219,-0.20436
Jan1987,0.56017,0.83095,1.0651,0.5802,1.29022,1.03866,0.73355,0.52817,0.54572,0.4655,0.5177,0.545,0.60048,0.66064,0.61677,0.40955,0.4683,0.48698,0.40277,0.33406,0.37327,0.4043,0.38965,0.36903,0.36706,0.40797,0.41288,0.44464,0.38865,0.19123,0.10621,0.23505,0.22353,0.24469,0.26087,0.27036,0.26812,0.2966,0.25099,0.16995,0.03815,-0.12115,-0.11255,-0.14424,-0.16888,-0.16242,-0.20773,-0.22265
Feb1987,0.49772,0.59077,0.81108,1.02771,0.61806,1.27467,1.05047,0.75428,0.55729,0.57243,0.4968,0.54537,0.57069,0.62299,0.68182,0.63842,0.43707,0.49167,0.50944,0.42511,0.35573,0.39311,0.42214,0.40676,0.38619,0.38384,0.42472,0.42914,0.45903,0.40329,0.20835,0.12365,0.24969,0.23776,0.25819,0.2736,0.28265,0.28027,0.30905,0.26394,0.18356,0.0528,-0.10486,-0.09687,-0.12813,-0.15267,-0.14665,-0.1919
Mar1987,0.34113,0.44571,0.51687,0.68418,0.88476,0.59453,1.22247,1.03195,0.75309,0.56605,0.57766,0.50451,0.55096,0.57697,0.62679,0.68224,0.63983,0.44849,0.50149,0.52054,0.439,0.37167,0.40508,0.43052,0.41472,0.39496,0.39296,0.43328,0.43706,0.46462,0.41123,0.22103,0.13831,0.25966,0.24735,0.2663,0.28091,0.28935,0.28672,0.31551,0.27146,0.19304,0.06484,-0.08892,-0.08223,-0.11261,-0.13624,-0.13039
Apr1987,-0.83808,-0.29702,-0.11145,0.00755,0.19482,0.40066,0.29259,1.01061,0.87398,0.62079,0.45253,0.46829,0.40353,0.45507,0.48347,0.53336,0.58653,0.54899,0.37233,0.43343,0.46026,0.38393,0.32137,0.35306,0.37794,0.36373,0.34486,0.34352,0.3832,0.38787,0.41644,0.36576,0.18339,0.10259,0.22194,0.2103,0.22992,0.2451,0.25388,0.25158,0.27975,0.23694,0.1611,0.0363,-0.11361,-0.10592,-0.13533,-0.15814
May1987,-0.88461,-0.92622,-0.55164,-0.40402,-0.29509,-0.12704,0.0638,0.03698,0.77585,0.69597,0.47196,0.32179,0.343,0.2873,0.34399,0.37516,0.42592,0.47892,0.44568,0.28362,0.35052,0.38628,0.31555,0.25575,0.28748,0.31397,0.30196,0.28463,0.28385,0.32254,0.32796,0.35798,0.31051,0.1338,0.05645,0.17388,0.16297,0.18322,0.19925,0.20852,0.2065,0.23375,0.19208,0.11881,-0.00277,-0.14915,-0.14023,-0.16814
Jun1987,1.06053,0.3347,-0.03936,0.05199,0.09947,0.1456,0.26896,0.40082,0.32331,0.90696,0.81116,0.59395,0.45041,0.46323,0.4055,0.45278,0.4788,0.52587,0.57653,0.54291,0.38218,0.43791,0.46477,0.39476,0.33561,0.36389,0.38712,0.37287,0.35521,0.35352,0.39312,0.39732,0.42334,0.37408,0.20169,0.12683,0.23796,0.22563,0.2441,0.2585,0.26674,0.26443,0.29289,0.25214,0.17974,0.06069,-0.08459,-0.077
Jul1987,0.19555,0.76957,0.34539,0.09435,0.16119,0.1999,0.22777,0.31006,0.40647,0.33886,0.84316,0.7643,0.57406,0.44308,0.45421,0.39867,0.44101,0.46538,0.50874,0.55835,0.52771,0.37816,0.42798,0.45664,0.39331,0.33578,0.36392,0.38649,0.37412,0.35779,0.35643,0.39642,0.40043,0.42636,0.38042,0.21788,0.14724,0.25424,0.24203,0.25888,0.27178,0.27952,0.27749,0.30664,0.26732,0.19669,0.08118,-0.05993
Aug1987,-1.02679,-0.64196,-0.16533,-0.3595,-0.46303,-0.36183,-0.3004,-0.26025,-0.17893,-0.08082,-0.08113,0.41448,0.41399,0.277,0.17729,0.19994,0.15871,0.2058,0.23342,0.2761,0.32704,0.30197,0.18015,0.23809,0.28429,0.2355,0.1837,0.21441,0.23946,0.23316,0.22087,0.2217,0.26092,0.26637,0.29548,0.2601,0.11315,0.04977,0.15671,0.14544,0.16264,0.17747,0.18563,0.18469,0.21363,0.17725,0.10967,0.00113
Sep1987,0.32856,-0.61183,-0.40699,-0.05272,-0.20036,-0.29721,-0.21884,-0.17144,-0.13697,-0.05742,0.02757,0.02519,0.4451,0.44543,0.31671,0.21962,0.23887,0.20064,0.24418,0.26886,0.30808,0.35883,0.3349,0.21788,0.2677,0.31388,0.26547,0.21631,0.24594,0.26919,0.26235,0.25004,0.25056,0.28968,0.29449,0.32207,0.28632,0.14357,0.08122,0.18504,0.17351,0.18948,0.20287,0.21048,0.20937,0.23965,0.20432,0.13807
Oct1987,0.20359,0.33176,-0.4644,-0.33582,-0.03949,-0.16737,-0.25483,-0.19064,-0.14958,-0.11713,-0.04272,0.03798,0.04293,0.42915,0.43517,0.31671,0.22689,0.24528,0.20863,0.24918,0.27296,0.30981,0.36054,0.33755,0.22507,0.27328,0.31975,0.27432,0.22624,0.25358,0.27535,0.26878,0.25681,0.25752,0.29626,0.30091,0.32654,0.29242,0.15221,0.09138,0.19237,0.18023,0.1956,0.20822,0.21559,0.21457,0.24468,0.21024
Nov1987,-0.31421,-0.00315,0.22879,-0.49104,-0.3647,-0.08383,-0.20188,-0.28208,-0.21831,-0.17713,-0.14576,-0.07466,0.00407,0.01,0.38946,0.4019,0.28753,0.20019,0.2188,0.18309,0.22407,0.24765,0.28419,0.3343,0.31209,0.20245,0.25094,0.29907,0.25478,0.20731,0.23514,0.25736,0.25128,0.23985,0.2408,0.27916,0.28396,0.30982,0.27697,0.13875,0.07888,0.17918,0.16707,0.18256,0.1954,0.20294,0.20198,0.23189
Dec1987,-0.32178,-0.35294,-0.05784,0.20062,-0.47873,-0.36002,-0.09135,-0.20551,-0.28244,-0.22285,-0.18377,-0.15379,-0.08468,-0.00906,-0.00228,0.36837,0.38543,0.27443,0.1893,0.20743,0.17265,0.21261,0.2356,0.27174,0.32101,0.29949,0.19272,0.24139,0.2906,0.24699,0.20013,0.22755,0.24957,0.24364,0.23247,0.23345,0.27142,0.27605,0.30153,0.26949,0.13287,0.07351,0.17222,0.16037,0.17568,0.18879,0.196,0.19515
Jan1988,1.25518,0.51563,0.12002,0.17158,0.32074,-0.36602,-0.27881,-0.03223,-0.14738,-0.22598,-0.17486,-0.14092,-0.11357,-0.04636,0.0243,0.02887,0.38903,0.40517,0.29178,0.20455,0.22125,0.18535,0.22312,0.2444,0.27999,0.32882,0.30647,0.19774,0.24605,0.29689,0.25274,0.20539,0.23224,0.25386,0.24631,0.23403,0.23473,0.27319,0.27722,0.30238,0.26991,0.13209,0.07085,0.17008,0.15793,0.1733,0.18637,0.19384
Feb1988,-0.13471,0.5768,0.32922,0.0636,0.13712,0.30387,-0.34361,-0.26082,-0.0222,-0.13281,-0.20692,-0.15769,-0.12549,-0.09968,-0.03338,0.03448,0.0383,0.3883,0.40595,0.29382,0.2068,0.22281,0.18682,0.22346,0.24429,0.27909,0.32753,0.30544,0.19791,0.24561,0.29623,0.25244,0.20512,0.23139,0.25264,0.24501,0.23275,0.23341,0.27185,0.27593,0.30097,0.26889,0.13295,0.07218,0.17084,0.15892,0.17405,0.18698
Mar1988,-0.76765,-0.56864,-0.16056,-0.17219,-0.26556,-0.1261,0.11487,-0.40834,-0.32361,-0.10186,-0.19992,-0.26578,-0.21529,-0.18142,-0.15578,-0.09317,-0.02953,-0.02117,0.32009,0.34645,0.24132,0.15934,0.17401,0.13849,0.17497,0.19627,0.23103,0.27818,0.2573,0.15441,0.20382,0.25505,0.21371,0.16794,0.19383,0.21473,0.20806,0.19632,0.19706,0.23464,0.23903,0.26482,0.23424,0.10242,0.04327,0.14046,0.12987,0.14563
Apr1988,-0.49475,-0.6639,-0.56443,-0.28893,-0.27205,-0.34263,-0.22424,0.0173,-0.42597,-0.34455,-0.13551,-0.22527,-0.28514,-0.23439,-0.20132,-0.17615,-0.11551,-0.05456,-0.04604,0.28471,0.31548,0.21516,0.13744,0.15011,0.11494,0.15061,0.17126,0.20532,0.25198,0.2324,0.13297,0.18088,0.23308,0.19209,0.14788,0.17322,0.19434,0.18832,0.17714,0.17801,0.21493,0.21941,0.24526,0.21575,0.08674,0.0296,0.12513,0.11488
May1988,0.71522,0.149,-0.2226,-0.21952,-0.02171,-0.02983,-0.10879,-0.05406,0.11707,-0.30715,-0.24682,-0.05839,-0.14521,-0.20479,-0.1607,-0.1309,-0.10856,-0.05048,0.00569,0.011,0.32312,0.35182,0.25321,0.17548,0.18567,0.1509,0.18417,0.20373,0.23619,0.28213,0.26229,0.16314,0.20798,0.25688,0.216,0.17149,0.19534,0.21548,0.209,0.19781,0.19829,0.23509,0.23922,0.26405,0.234,0.10576,0.04938,0.14309
Jun1988,-0.39441,0.02236,-0.13411,-0.33906,-0.34426,-0.19676,-0.18301,-0.24172,-0.16764,0.0153,-0.35729,-0.3016,-0.12236,-0.20227,-0.25631,-0.21307,-0.18423,-0.16083,-0.10232,-0.04814,-0.04127,0.26065,0.29267,0.2016,0.1291,0.13999,0.10769,0.14083,0.16066,0.19253,0.23835,0.21998,0.1262,0.17144,0.22247,0.18619,0.14283,0.16607,0.18646,0.1812,0.17069,0.17158,0.20793,0.21255,0.238,0.21086,0.08639,0.03256
Jul1988,0.76849,0.30649,0.47154,0.29989,0.08181,0.05532,0.15494,0.13477,0.05919,0.07684,0.18444,-0.18901,-0.14865,0.00638,-0.07228,-0.12971,-0.09736,-0.07306,-0.05454,8e-04,0.04877,0.05089,0.32386,0.35186,0.26606,0.19366,0.20376,0.17183,0.20251,0.221,0.25091,0.29724,0.2788,0.18802,0.22996,0.27908,0.24429,0.20198,0.22312,0.24097,0.23403,0.22324,0.22395,0.26113,0.26526,0.28825,0.26079,0.13907
Aug1988,1.26125,1.23957,0.98381,1.04971,0.91487,0.71602,0.66877,0.72454,0.71634,0.63214,0.58374,0.57498,0.20457,0.21167,0.33899,0.25969,0.19598,0.20938,0.22419,0.23508,0.28811,0.32481,0.31581,0.54564,0.56078,0.47667,0.40271,0.40746,0.37239,0.39672,0.4123,0.43882,0.48473,0.46481,0.37166,0.40526,0.44409,0.40716,0.36634,0.38179,0.39448,0.38487,0.37248,0.37215,0.41246,0.41524,0.43059,0.40048
Sep1988,-0.63811,0.62962,0.7499,0.58735,0.67514,0.58786,0.43653,0.40648,0.46076,0.45741,0.39691,0.38823,0.40472,0.09385,0.10634,0.22672,0.1554,0.10059,0.11851,0.13409,0.14591,0.19967,0.23582,0.2307,0.45194,0.47659,0.3991,0.33114,0.33853,0.30699,0.33194,0.34752,0.37352,0.42044,0.40203,0.31482,0.34967,0.3923,0.3585,0.31951,0.33546,0.3484,0.33942,0.32773,0.32776,0.36774,0.37115,0.38776
Oct1988,-0.66259,-0.84441,0.32696,0.4649,0.33907,0.43009,0.3609,0.23929,0.22036,0.27786,0.28241,0.2372,0.25066,0.28279,0.00786,0.0268,0.14609,0.08112,0.03126,0.05104,0.06785,0.08011,0.13236,0.16841,0.16628,0.38484,0.4159,0.34435,0.27926,0.28654,0.25663,0.28238,0.29821,0.32424,0.37023,0.35295,0.26865,0.30542,0.34876,0.31723,0.27954,0.29519,0.30863,0.3003,0.28926,0.2897,0.32905,0.33302
Nov1988,0.54362,-0.38513,-0.63615,0.35738,0.48283,0.35831,0.44364,0.37627,0.25871,0.24074,0.29482,0.29973,0.25538,0.2655,0.29523,0.02824,0.04477,0.16012,0.09613,0.0464,0.06529,0.08116,0.09283,0.14393,0.17898,0.17648,0.39069,0.42169,0.35062,0.28579,0.29319,0.26375,0.28896,0.30469,0.33043,0.37629,0.35912,0.27544,0.31183,0.35433,0.32288,0.28555,0.30062,0.3138,0.3055,0.2946,0.29494,0.33422
Dec1988,0.71599,0.63346,-0.14997,-0.43246,0.40288,0.51922,0.39696,0.47331,0.40468,0.28817,0.26928,0.32024,0.32584,0.2817,0.28926,0.31641,0.05733,0.07116,0.18234,0.11891,0.06944,0.08641,0.10118,0.11241,0.1626,0.19658,0.19362,0.40335,0.43412,0.36341,0.29904,0.30589,0.27656,0.30091,0.31623,0.34144,0.38708,0.36985,0.28669,0.32221,0.36312,0.33132,0.29395,0.30866,0.32141,0.31333,0.30214,0.30248
Jan1989,0.5067,0.68505,0.63615,-0.05422,-0.33787,0.40863,0.5153,0.39327,0.46821,0.40147,0.28662,0.26655,0.316,0.32116,0.27598,0.28447,0.30917,0.05344,0.06472,0.17417,0.11011,0.06014,0.07579,0.08927,0.10024,0.14956,0.18312,0.17934,0.39117,0.42479,0.35417,0.28961,0.29595,0.26591,0.28943,0.30415,0.32955,0.37549,0.35762,0.27327,0.30977,0.35253,0.31958,0.281,0.29608,0.30918,0.30108,0.29009
Feb1989,-0.03992,0.24938,0.48009,0.50487,-0.04102,-0.28578,0.40626,0.50807,0.39314,0.46508,0.40366,0.29365,0.27407,0.32126,0.32742,0.28313,0.29095,0.31496,0.06618,0.07499,0.18053,0.11717,0.06722,0.08194,0.09501,0.10554,0.1544,0.18716,0.18271,0.39139,0.42499,0.35505,0.29069,0.29667,0.26686,0.28987,0.30426,0.32933,0.37518,0.35763,0.27432,0.31039,0.35312,0.32027,0.28254,0.29755,0.31041,0.30236
Mar1989,0.69782,0.4276,0.48644,0.61118,0.60854,0.12265,-0.10607,0.47373,0.55678,0.44357,0.50626,0.44507,0.34128,0.32387,0.36734,0.37277,0.32788,0.33237,0.35296,0.11514,0.12042,0.21997,0.15592,0.10455,0.1166,0.12878,0.13881,0.18683,0.21751,0.21109,0.41257,0.44309,0.37435,0.31093,0.31578,0.28574,0.30745,0.32095,0.34494,0.39054,0.37327,0.29168,0.32568,0.36621,0.33288,0.29608,0.31107,0.32381
Apr1989,0.71096,0.74769,0.57735,0.60245,0.69233,0.68317,0.23685,0.0082,0.52465,0.59571,0.48659,0.54271,0.48355,0.38603,0.36914,0.40957,0.4154,0.3719,0.37209,0.38999,0.16087,0.16298,0.25813,0.19306,0.14085,0.15062,0.16134,0.17056,0.21844,0.2479,0.23982,0.43302,0.46192,0.39295,0.33084,0.33478,0.30536,0.32605,0.33902,0.36223,0.40778,0.39067,0.31032,0.34272,0.38103,0.34824,0.31188,0.32618
May1989,0.8889,0.89232,0.87143,0.73535,0.74153,0.81271,0.797,0.38597,0.1373,0.58989,0.65031,0.54305,0.59356,0.53599,0.44241,0.4257,0.46354,0.47089,0.42792,0.42477,0.43643,0.21403,0.21345,0.30251,0.23728,0.18578,0.19359,0.20335,0.2115,0.2586,0.2865,0.27618,0.46287,0.4884,0.41991,0.35783,0.36066,0.33123,0.35089,0.36334,0.38575,0.43143,0.41436,0.33454,0.36516,0.401,0.36815,0.33231
Jun1989,1.45712,1.58643,1.47838,1.40512,1.2924,1.2684,1.28125,1.23552,0.77979,0.46817,0.80242,0.83599,0.72802,0.7655,0.7049,0.61061,0.59032,0.62386,0.6314,0.58727,0.57179,0.57043,0.34908,0.34319,0.42454,0.35902,0.30624,0.30942,0.31711,0.32344,0.37163,0.39679,0.3822,0.55571,0.57515,0.50846,0.44651,0.44702,0.41725,0.43463,0.44559,0.46662,0.51352,0.49665,0.41744,0.44508,0.47567,0.44232
Jul1989,0.22845,1.05331,1.17867,1.16757,1.13981,1.05916,1.05229,1.06974,1.04259,0.72041,0.46216,0.76195,0.7997,0.70339,0.73765,0.68018,0.59178,0.57314,0.60418,0.61364,0.5732,0.55926,0.5565,0.35049,0.34761,0.42345,0.36224,0.31236,0.31642,0.3242,0.33044,0.37867,0.40264,0.38961,0.55682,0.57834,0.51598,0.45675,0.45692,0.42748,0.44328,0.45364,0.47407,0.52174,0.5056,0.4286,0.45539,0.48502
Aug1989,-0.08214,0.00271,0.55755,0.67952,0.73605,0.76114,0.72032,0.72284,0.78645,0.78238,0.55685,0.34532,0.6453,0.69592,0.61631,0.65447,0.60594,0.52674,0.51137,0.53987,0.55277,0.51547,0.50993,0.50883,0.32406,0.32634,0.39693,0.34015,0.29328,0.29901,0.30778,0.31449,0.36165,0.38414,0.37187,0.53329,0.55773,0.49998,0.44583,0.44492,0.41609,0.43145,0.44098,0.46075,0.50741,0.49247,0.41786,0.44426
Sep1989,-0.73653,-0.49554,-0.3054,0.1761,0.32157,0.40414,0.4505,0.42693,0.43635,0.49295,0.49914,0.34548,0.18282,0.48072,0.5394,0.47223,0.51191,0.47176,0.40293,0.39065,0.41884,0.43482,0.40206,0.40262,0.40709,0.24247,0.24701,0.31693,0.26583,0.22313,0.23051,0.23968,0.24685,0.29359,0.31622,0.3074,0.46717,0.49693,0.44305,0.39107,0.39105,0.36331,0.37895,0.38881,0.40859,0.45432,0.44048,0.36943
Oct1989,0.56177,-0.18466,-0.23432,-0.14436,0.25105,0.37224,0.43949,0.4798,0.45802,0.46772,0.52485,0.53234,0.39648,0.24153,0.51433,0.56851,0.50598,0.54213,0.50296,0.43676,0.42504,0.4508,0.4696,0.43765,0.43604,0.43907,0.28135,0.2856,0.35111,0.30036,0.25802,0.2644,0.27278,0.27963,0.32611,0.34766,0.33709,0.49163,0.51842,0.4657,0.41462,0.4135,0.38602,0.4005,0.40989,0.42915,0.47511,0.46164
Nov1989,0.14231,0.4719,-0.15218,-0.21902,-0.13725,0.23561,0.35214,0.41724,0.45684,0.43755,0.4472,0.50378,0.51148,0.38023,0.23179,0.50162,0.55568,0.49436,0.52978,0.49093,0.42641,0.41484,0.44029,0.45941,0.42803,0.42688,0.43009,0.27559,0.27983,0.34438,0.29465,0.25316,0.25954,0.26808,0.27498,0.32116,0.34254,0.33214,0.48578,0.5126,0.46036,0.40985,0.40852,0.38134,0.39586,0.4053,0.4244,0.4701
Dec1989,-0.00812,0.06328,0.42247,-0.09929,-0.19489,-0.11902,0.23677,0.34549,0.40599,0.44292,0.42432,0.43377,0.48948,0.49712,0.37078,0.22862,0.49478,0.54797,0.4879,0.5224,0.48433,0.42069,0.40913,0.43432,0.45333,0.42264,0.42198,0.426,0.27537,0.27922,0.34254,0.29341,0.25249,0.25866,0.26708,0.27387,0.31963,0.34054,0.33005,0.48198,0.50821,0.45616,0.40589,0.40462,0.37769,0.39239,0.40147,0.42046
Jan1990,0.15324,0.08283,0.08161,0.39609,-0.08254,-0.18838,-0.12307,0.21619,0.32307,0.38369,0.42066,0.40184,0.41103,0.4656,0.47248,0.35018,0.20902,0.47672,0.52964,0.46915,0.50327,0.46516,0.40056,0.3879,0.41309,0.43165,0.40067,0.40007,0.40571,0.25659,0.26136,0.32636,0.27607,0.2344,0.2397,0.24756,0.25436,0.30041,0.32122,0.31067,0.46543,0.49365,0.44036,0.38877,0.38782,0.36081,0.37597,0.38563
Feb1990,0.05084,0.12842,0.13314,0.09246,0.3728,-0.04117,-0.15612,-0.09661,0.22972,0.3319,0.39228,0.42782,0.40951,0.41786,0.47155,0.47741,0.359,0.22161,0.48307,0.53346,0.47293,0.50588,0.46769,0.40379,0.39125,0.41576,0.43458,0.40396,0.40269,0.40826,0.26148,0.26577,0.32923,0.27926,0.23793,0.24287,0.25044,0.25709,0.30308,0.32371,0.31331,0.46629,0.49462,0.44157,0.39096,0.39006,0.3632,0.37815
Mar1990,-0.45097,-0.27076,-0.17749,-0.11107,-0.1048,0.1735,-0.10781,-0.18317,-0.12586,0.17627,0.27304,0.33069,0.3689,0.35587,0.36548,0.41607,0.42174,0.31386,0.18931,0.44663,0.49735,0.44009,0.47092,0.43268,0.37109,0.35975,0.38435,0.40289,0.37337,0.37262,0.38066,0.23885,0.24369,0.30554,0.25676,0.21628,0.22147,0.22886,0.23531,0.28046,0.30083,0.29155,0.44183,0.47051,0.41821,0.36912,0.36913,0.34352
Apr1990,0.24388,-0.13378,-0.08456,-0.04538,-0.00134,-0.02122,0.18804,-0.06045,-0.12982,-0.08382,0.19658,0.28614,0.33982,0.37754,0.36581,0.37508,0.4237,0.4291,0.3251,0.20684,0.45477,0.5031,0.44838,0.4758,0.4373,0.37699,0.36544,0.38921,0.40822,0.37965,0.37798,0.38447,0.24693,0.2499,0.31001,0.26198,0.22265,0.22753,0.23471,0.2409,0.28564,0.30547,0.29625,0.44326,0.47075,0.41966,0.37139,0.37123
May1990,-0.26458,-0.04417,-0.20242,-0.16808,-0.13047,-0.08323,-0.08297,0.0955,-0.11064,-0.15932,-0.11183,0.15124,0.23822,0.29191,0.33167,0.32264,0.33294,0.38125,0.3876,0.29133,0.17958,0.42468,0.47345,0.42007,0.4466,0.41011,0.35191,0.34115,0.36443,0.38343,0.35569,0.35435,0.36137,0.22699,0.23068,0.28947,0.24218,0.20391,0.2091,0.21643,0.22251,0.26649,0.28618,0.27769,0.42318,0.45077,0.40078,0.3536
Jun1990,-0.98024,-0.86147,-0.57043,-0.55564,-0.51294,-0.47559,-0.4079,-0.38864,-0.19281,-0.30896,-0.32217,-0.26498,-0.01115,0.07475,0.13115,0.17639,0.17145,0.18564,0.23426,0.24405,0.16085,0.06569,0.31026,0.36455,0.31725,0.3457,0.31262,0.25849,0.24968,0.27335,0.29233,0.26703,0.26987,0.28063,0.15622,0.16453,0.22242,0.17717,0.14145,0.14837,0.15632,0.16295,0.20578,0.2259,0.21989,0.36522,0.39521,0.34851
Jul1990,-0.36411,-0.7669,-0.7407,-0.54921,-0.52721,-0.48197,-0.45606,-0.40651,-0.39191,-0.23721,-0.34539,-0.35959,-0.2964,-0.06673,0.01374,0.0654,0.10868,0.10615,0.11955,0.1674,0.17819,0.10476,0.01661,0.25321,0.31027,0.26535,0.29509,0.26529,0.2162,0.20902,0.23237,0.25235,0.22883,0.23442,0.24784,0.1332,0.14393,0.2007,0.15744,0.12279,0.12934,0.13727,0.14417,0.18627,0.20617,0.20079,0.34298,0.37379
Aug1990,-0.23894,-0.36253,-0.60104,-0.61685,-0.51276,-0.51841,-0.4825,-0.46131,-0.43086,-0.4195,-0.28855,-0.39966,-0.39046,-0.32612,-0.11191,-0.03521,0.01444,0.05454,0.05294,0.06503,0.11332,0.12287,0.06144,-0.02202,0.20909,0.26879,0.22608,0.2554,0.2279,0.18386,0.17875,0.20189,0.22315,0.20115,0.20621,0.22272,0.11737,0.12943,0.18588,0.14335,0.10943,0.11629,0.12363,0.13059,0.1736,0.19313,0.18617,0.32312
Sep1990,-1.31154,-0.8719,-0.79982,-0.96719,-0.94796,-0.83608,-0.79325,-0.7438,-0.70906,-0.66214,-0.63551,-0.50315,-0.58905,-0.55889,-0.48894,-0.28675,-0.21038,-0.15622,-0.10917,-0.10715,-0.09263,-0.04258,-0.0298,-0.08274,-0.15597,0.07794,0.13968,0.10281,0.13496,0.11184,0.0729,0.06944,0.09292,0.11308,0.09335,0.1022,0.12178,0.02385,0.03905,0.09661,0.05641,0.02468,0.0331,0.0414,0.04898,0.09205,0.11234,0.10779
Oct1990,-0.27501,-1.13871,-0.84261,-0.79349,-0.93731,-0.91693,-0.82063,-0.78792,-0.74446,-0.71235,-0.66967,-0.64261,-0.51545,-0.59262,-0.56379,-0.49775,-0.30381,-0.22972,-0.17731,-0.13148,-0.12845,-0.11418,-0.06703,-0.05412,-0.10441,-0.17318,0.05598,0.1185,0.08307,0.1136,0.09128,0.05432,0.05126,0.0745,0.09391,0.07513,0.08331,0.10385,0.00803,0.02359,0.08005,0.04028,0.00943,0.01772,0.02601,0.03366,0.07573,0.09609
Nov1990,-0.32474,-0.41014,-1.10087,-0.83936,-0.79309,-0.92648,-0.90533,-0.81436,-0.78291,-0.74174,-0.71178,-0.67231,-0.64592,-0.52512,-0.59849,-0.57054,-0.50679,-0.31844,-0.24562,-0.19441,-0.14877,-0.1457,-0.13162,-0.086,-0.07308,-0.12142,-0.1883,0.03834,0.10049,0.06554,0.09646,0.07506,0.03899,0.03636,0.05954,0.07886,0.06046,0.06889,0.09006,-0.00413,0.01159,0.06771,0.02826,-0.002,0.00651,0.01495,0.02257,0.06435
Dec1990,-0.68854,-0.54818,-0.49592,-1.07414,-0.84191,-0.79833,-0.92259,-0.90072,-0.81315,-0.78317,-0.74429,-0.71588,-0.67757,-0.65245,-0.53622,-0.6052,-0.57679,-0.51475,-0.33139,-0.2604,-0.21017,-0.16539,-0.16235,-0.14818,-0.10359,-0.09054,-0.13682,-0.20131,0.02306,0.08457,0.05026,0.0809,0.06019,0.02496,0.02257,0.04552,0.06464,0.0465,0.05486,0.07637,-0.01645,-0.001,0.05422,0.01552,-0.0142,-0.00526,0.0029,0.01055
Jan1991,-1.29403,-1.04059,-0.85838,-0.74273,-1.18022,-0.92631,-0.87407,-0.99239,-0.97545,-0.8892,-0.85712,-0.81918,-0.78942,-0.74978,-0.72574,-0.61257,-0.67359,-0.64502,-0.58302,-0.40172,-0.32983,-0.27868,-0.2327,-0.2295,-0.21473,-0.1714,-0.15783,-0.20362,-0.26697,-0.03747,0.02666,-0.00695,0.0247,0.00433,-0.03124,-0.03365,-0.0101,0.00875,-0.0096,-0.00015,0.02329,-0.06882,-0.05253,0.00386,-0.03494,-0.06458,-0.05482,-0.04599
Feb1991,0.39292,-0.47849,-0.57797,-0.5835,-0.55698,-0.98806,-0.83579,-0.79842,-0.91767,-0.90294,-0.82177,-0.7958,-0.76137,-0.73413,-0.69563,-0.67365,-0.56379,-0.62828,-0.60462,-0.54745,-0.37047,-0.30052,-0.25148,-0.20767,-0.20514,-0.19112,-0.14828,-0.13559,-0.182,-0.24558,-0.01967,0.04271,0.00865,0.03933,0.01878,-0.01696,-0.01968,0.00335,0.02254,0.00422,0.01329,0.03604,-0.05512,-0.03947,0.01648,-0.022,-0.05164,-0.04228
Mar1991,0.44528,0.46775,-0.06543,-0.19733,-0.28816,-0.34219,-0.71272,-0.67551,-0.66866,-0.78644,-0.77553,-0.70645,-0.69239,-0.6642,-0.64227,-0.60778,-0.59147,-0.48923,-0.55589,-0.53841,-0.48869,-0.32023,-0.25602,-0.21214,-0.17236,-0.17046,-0.15724,-0.11529,-0.10406,-0.15032,-0.2125,0.0043,0.06359,0.02955,0.05838,0.03736,0.00197,-0.00123,0.02072,0.04012,0.02199,0.03047,0.05154,-0.03772,-0.02368,0.03067,-0.00647,-0.03526
Apr1991,0.27037,0.37955,0.41646,0.04624,-0.06095,-0.16536,-0.249,-0.5806,-0.57956,-0.58798,-0.70206,-0.69432,-0.63252,-0.62384,-0.59944,-0.58017,-0.54753,-0.53435,-0.43885,-0.50671,-0.49252,-0.44802,-0.28552,-0.22586,-0.18561,-0.14877,-0.14783,-0.13541,-0.09349,-0.08271,-0.12866,-0.19127,0.01993,0.07564,0.04217,0.06963,0.04915,0.01429,0.01101,0.03227,0.0516,0.0337,0.04161,0.0616,-0.02642,-0.01261,0.04033,0.00368
May1991,0.41085,0.37727,0.41437,0.43199,0.15077,0.06041,-0.03134,-0.13725,-0.45992,-0.48563,-0.50655,-0.61932,-0.61458,-0.55988,-0.55624,-0.53502,-0.51872,-0.48838,-0.47813,-0.38843,-0.45808,-0.4471,-0.40684,-0.25162,-0.19571,-0.15735,-0.12282,-0.12239,-0.11094,-0.07084,-0.06105,-0.10706,-0.16959,0.03523,0.0892,0.05541,0.08158,0.06122,0.02668,0.02334,0.04385,0.06305,0.04527,0.05278,0.07167,-0.01577,-0.00224,0.04984
Jun1991,-1.03262,-0.5907,-0.34763,-0.16595,-0.1149,-0.29122,-0.31832,-0.36465,-0.39487,-0.62443,-0.62159,-0.62772,-0.7232,-0.71628,-0.663,-0.65413,-0.63204,-0.61391,-0.58031,-0.56787,-0.48202,-0.54187,-0.52911,-0.48552,-0.33494,-0.27942,-0.23974,-0.20381,-0.20166,-0.18966,-0.14889,-0.13799,-0.1792,-0.23554,-0.03339,0.02367,-0.00854,0.01773,-0.00048,-0.03209,-0.03447,-0.01379,0.00506,-0.01121,-0.00201,0.01938,-0.06461,-0.04923
Jul1991,0.06556,-0.51657,-0.3269,-0.18807,-0.05651,-0.01272,-0.16402,-0.20186,-0.25138,-0.3004,-0.5278,-0.55116,-0.55944,-0.65367,-0.64873,-0.60283,-0.59846,-0.57879,-0.56405,-0.53244,-0.52262,-0.4426,-0.503,-0.4924,-0.45143,-0.31234,-0.2588,-0.22123,-0.18675,-0.18451,-0.17319,-0.13222,-0.12211,-0.16079,-0.21454,-0.01752,0.0388,0.00792,0.03302,0.01462,-0.0168,-0.01927,0.00091,0.01979,0.00404,0.01255,0.03336,-0.048
Aug1991,-1.19118,-0.80146,-1.01227,-0.85787,-0.72945,-0.58317,-0.51723,-0.60122,-0.61605,-0.63111,-0.63916,-0.81251,-0.78031,-0.76362,-0.83487,-0.82661,-0.77878,-0.76581,-0.74495,-0.72872,-0.69514,-0.68257,-0.60386,-0.65436,-0.63368,-0.58556,-0.45267,-0.39871,-0.35946,-0.32043,-0.31494,-0.30187,-0.25893,-0.24726,-0.28268,-0.32761,-0.13207,-0.07264,-0.09863,-0.07345,-0.08978,-0.11707,-0.11846,-0.09789,-0.07764,-0.09117,-0.08292,-0.06019
Sep1991,-0.46152,-1.12591,-0.85162,-1.02735,-0.89524,-0.78321,-0.63908,-0.57551,-0.64349,-0.64403,-0.65148,-0.65693,-0.82447,-0.79887,-0.78567,-0.8568,-0.84807,-0.79998,-0.78447,-0.7635,-0.74657,-0.71158,-0.69807,-0.62377,-0.6739,-0.64854,-0.60165,-0.47146,-0.41816,-0.37942,-0.34113,-0.33563,-0.32266,-0.28416,-0.27255,-0.30643,-0.35098,-0.15902,-0.09976,-0.12462,-0.09929,-0.11472,-0.14115,-0.14211,-0.12166,-0.09977,-0.11247,-0.10381
Oct1991,0.87442,0.2097,-0.6458,-0.51569,-0.69926,-0.59373,-0.51271,-0.41461,-0.36908,-0.43869,-0.44553,-0.4594,-0.46968,-0.64409,-0.64274,-0.64495,-0.71928,-0.71322,-0.66981,-0.66127,-0.64337,-0.62902,-0.59883,-0.58849,-0.51826,-0.57283,-0.55094,-0.50736,-0.38157,-0.33231,-0.29714,-0.26248,-0.25837,-0.24644,-0.20944,-0.1992,-0.23494,-0.28042,-0.09549,-0.03944,-0.06489,-0.04214,-0.05861,-0.08624,-0.08799,-0.06839,-0.04663,-0.05947
Nov1991,-0.37191,0.60826,0.1023,-0.66527,-0.53887,-0.70908,-0.60765,-0.52963,-0.43451,-0.38967,-0.45547,-0.46249,-0.47456,-0.48432,-0.65028,-0.64903,-0.65146,-0.72342,-0.71668,-0.6744,-0.66578,-0.64844,-0.63459,-0.60605,-0.59601,-0.5271,-0.58017,-0.55833,-0.5157,-0.39276,-0.34377,-0.30875,-0.27436,-0.27,-0.25808,-0.22137,-0.21122,-0.24616,-0.29027,-0.10753,-0.05183,-0.0767,-0.0543,-0.07033,-0.09732,-0.09881,-0.07938,-0.05768
Dec1991,-1.09245,-0.81454,0.23896,-0.07067,-0.73821,-0.60446,-0.75814,-0.65932,-0.58197,-0.48771,-0.4431,-0.50373,-0.50838,-0.51819,-0.52483,-0.67975,-0.67507,-0.67567,-0.74436,-0.73727,-0.69564,-0.68624,-0.66907,-0.65515,-0.62717,-0.61682,-0.54904,-0.5999,-0.57728,-0.53482,-0.41412,-0.36569,-0.33066,-0.29624,-0.29161,-0.27968,-0.24349,-0.23339,-0.26755,-0.31006,-0.12998,-0.0748,-0.0993,-0.07676,-0.0922,-0.11804,-0.11955,-0.10019
Jan1992,-0.25678,-0.8197,-0.71807,0.1498,-0.10899,-0.7318,-0.61235,-0.76455,-0.67511,-0.60066,-0.51097,-0.46925,-0.52804,-0.53174,-0.54335,-0.5504,-0.70006,-0.7,-0.70323,-0.77346,-0.76577,-0.72494,-0.71543,-0.6982,-0.68434,-0.65723,-0.64737,-0.58237,-0.636,-0.61506,-0.57434,-0.45236,-0.40287,-0.3671,-0.33205,-0.32732,-0.31525,-0.27869,-0.26875,-0.30321,-0.34624,-0.16206,-0.10591,-0.13094,-0.10795,-0.12353,-0.14976,-0.15113
Feb1992,0.93429,0.40673,-0.20274,-0.3286,0.31565,0.04469,-0.60341,-0.50706,-0.66116,-0.57679,-0.50765,-0.42652,-0.38929,-0.45019,-0.45471,-0.46911,-0.47937,-0.6336,-0.64016,-0.64913,-0.72144,-0.71508,-0.6762,-0.66937,-0.65349,-0.64066,-0.61423,-0.60573,-0.54229,-0.59728,-0.57733,-0.53848,-0.41874,-0.37061,-0.33615,-0.30269,-0.29859,-0.28709,-0.25042,-0.2411,-0.27579,-0.31913,-0.13717,-0.08242,-0.10722,-0.08477,-0.10071,-0.12722
Mar1992,0.28176,0.58883,0.37854,-0.0012,-0.14321,0.32448,0.10454,-0.4841,-0.41574,-0.56414,-0.48874,-0.42991,-0.36019,-0.32658,-0.38589,-0.39128,-0.4087,-0.41979,-0.57026,-0.58101,-0.59444,-0.66543,-0.66141,-0.62658,-0.62281,-0.60861,-0.59703,-0.57141,-0.56443,-0.50392,-0.55829,-0.53951,-0.50343,-0.38911,-0.34349,-0.31136,-0.28001,-0.27665,-0.2659,-0.22977,-0.22121,-0.25517,-0.29818,-0.12199,-0.06987,-0.09394,-0.07184,-0.08725
Apr1992,0.28249,0.30225,0.49806,0.36969,0.09483,-0.04287,0.32636,0.13229,-0.40202,-0.35032,-0.49218,-0.42372,-0.37104,-0.30745,-0.27695,-0.33444,-0.33945,-0.35812,-0.3716,-0.51987,-0.53314,-0.55016,-0.62065,-0.61867,-0.58701,-0.58584,-0.57312,-0.56254,-0.53685,-0.53055,-0.47213,-0.52726,-0.50832,-0.47503,-0.36466,-0.32102,-0.2901,-0.26026,-0.25728,-0.24703,-0.21164,-0.20357,-0.2373,-0.28017,-0.10845,-0.05746,-0.0813,-0.05999
May1992,1.12243,0.83204,0.68399,0.77335,0.64794,0.40414,0.26155,0.51662,0.28631,-0.23283,-0.20681,-0.35093,-0.29122,-0.24699,-0.19344,-0.1673,-0.22514,-0.23105,-0.25295,-0.27034,-0.42167,-0.44074,-0.4632,-0.53506,-0.53627,-0.50807,-0.51068,-0.49997,-0.49105,-0.46765,-0.46338,-0.40774,-0.46455,-0.44753,-0.41709,-0.3113,-0.2701,-0.24117,-0.21364,-0.21141,-0.20204,-0.16713,-0.15997,-0.19393,-0.23747,-0.07099,-0.02182,-0.04546
Jun1992,0.43918,0.856,0.77207,0.6905,0.75852,0.6589,0.46153,0.33085,0.54337,0.34035,-0.14908,-0.14094,-0.27704,-0.22572,-0.18803,-0.14178,-0.11912,-0.17372,-0.17663,-0.1991,-0.21881,-0.36657,-0.39123,-0.4152,-0.48567,-0.48878,-0.46247,-0.46735,-0.45764,-0.44988,-0.42496,-0.42179,-0.36813,-0.42374,-0.40709,-0.37703,-0.27545,-0.23652,-0.20899,-0.18275,-0.18094,-0.17194,-0.13681,-0.12999,-0.16341,-0.2056,-0.04416,0.00382
Jul1992,-0.40543,-0.00841,0.33735,0.37336,0.38467,0.45349,0.39257,0.25449,0.16342,0.35544,0.21172,-0.21354,-0.19128,-0.31529,-0.26684,-0.23278,-0.18922,-0.16662,-0.21683,-0.21698,-0.23677,-0.25249,-0.39036,-0.41074,-0.43019,-0.49882,-0.50004,-0.4744,-0.47793,-0.46815,-0.46061,-0.43515,-0.43197,-0.37925,-0.43129,-0.41277,-0.3822,-0.28326,-0.24521,-0.21869,-0.19336,-0.19137,-0.18224,-0.14834,-0.1414,-0.17359,-0.21391,-0.05596
Aug1992,0.26616,-0.0286,0.15161,0.35158,0.37655,0.37971,0.43373,0.39043,0.30049,0.22767,0.38234,0.23303,-0.13177,-0.1134,-0.22515,-0.1821,-0.15317,-0.11849,-0.10007,-0.14931,-0.14692,-0.16885,-0.18313,-0.32191,-0.34,-0.35866,-0.42807,-0.43122,-0.40868,-0.41332,-0.40402,-0.3971,-0.36839,-0.36673,-0.31941,-0.37047,-0.35167,-0.32224,-0.22582,-0.19125,-0.16746,-0.14395,-0.14306,-0.1345,-0.0977,-0.09113,-0.12547,-0.16587
Sep1992,-0.0922,0.0699,-0.08568,0.04831,0.24231,0.28012,0.29467,0.34376,0.31058,0.24232,0.18567,0.33046,0.2014,-0.12657,-0.11389,-0.22322,-0.18295,-0.15392,-0.11923,-0.10186,-0.14793,-0.14225,-0.16267,-0.17861,-0.31465,-0.32693,-0.34643,-0.4128,-0.41554,-0.39389,-0.39915,-0.39049,-0.38388,-0.35945,-0.3582,-0.31221,-0.36394,-0.346,-0.31738,-0.22249,-0.18851,-0.16511,-0.14239,-0.14147,-0.13303,-0.09463,-0.08796,-0.12159
Oct1992,-0.42264,-0.29873,-0.0882,-0.21775,-0.09405,0.08463,0.12563,0.15136,0.2022,0.17888,0.12358,0.08067,0.23004,0.12223,-0.17312,-0.1573,-0.25799,-0.21785,-0.18887,-0.15416,-0.13625,-0.17942,-0.17502,-0.19363,-0.20827,-0.33726,-0.34661,-0.36257,-0.42622,-0.42929,-0.40813,-0.41265,-0.40401,-0.3972,-0.37455,-0.37286,-0.32853,-0.3781,-0.36113,-0.33266,-0.23972,-0.20676,-0.1836,-0.16118,-0.16007,-0.15157,-0.11443,-0.10741
Nov1992,1.65321,0.3099,0.13795,0.15299,-0.01131,0.08456,0.24345,0.27294,0.28645,0.33012,0.30378,0.25016,0.20383,0.33629,0.22087,-0.07459,-0.06695,-0.16914,-0.1322,-0.10719,-0.07675,-0.06115,-0.10494,-0.10138,-0.12163,-0.13831,-0.26929,-0.28099,-0.29988,-0.36462,-0.36864,-0.34928,-0.35581,-0.34807,-0.34202,-0.31914,-0.31863,-0.27601,-0.32624,-0.31037,-0.28367,-0.19286,-0.16169,-0.13987,-0.11889,-0.11829,-0.1103,-0.07284
Dec1992,-0.50937,0.9761,0.15967,0.08591,0.10471,-0.04089,0.0544,0.2058,0.23405,0.24783,0.29094,0.26635,0.21583,0.17207,0.30278,0.19522,-0.08714,-0.07913,-0.17838,-0.1424,-0.11784,-0.08815,-0.07299,-0.11542,-0.1119,-0.13142,-0.14703,-0.27467,-0.28487,-0.30345,-0.36716,-0.37112,-0.35194,-0.35831,-0.35065,-0.34471,-0.32198,-0.32167,-0.28004,-0.32913,-0.31369,-0.2876,-0.19851,-0.16771,-0.14619,-0.12513,-0.12476,-0.11681
Jan1993,0.04488,-0.28059,0.74003,0.13643,0.07358,0.08713,-0.05568,0.03275,0.18025,0.2093,0.22333,0.26504,0.24076,0.19087,0.14665,0.27825,0.17184,-0.10611,-0.10004,-0.20046,-0.16466,-0.14042,-0.11151,-0.09729,-0.13968,-0.13724,-0.1571,-0.17381,-0.3027,-0.31247,-0.33248,-0.39783,-0.40185,-0.38238,-0.38894,-0.38114,-0.37521,-0.35227,-0.35234,-0.31008,-0.36002,-0.34378,-0.31717,-0.22654,-0.19535,-0.17348,-0.15207,-0.15161
Feb1993,0.02823,0.06136,-0.12443,0.61144,0.13916,0.09811,0.10509,-0.03368,0.05209,0.19342,0.22344,0.23682,0.27653,0.2525,0.20548,0.16182,0.28831,0.18445,-0.08736,-0.08415,-0.18493,-0.15033,-0.12747,-0.0999,-0.08621,-0.12826,-0.12567,-0.14566,-0.16304,-0.29074,-0.30059,-0.32096,-0.38607,-0.39036,-0.37148,-0.37847,-0.37102,-0.36539,-0.34234,-0.34266,-0.30099,-0.3506,-0.33446,-0.30833,-0.21848,-0.1876,-0.16613,-0.1451
Mar1993,0.71157,0.46732,0.37917,0.20963,0.69385,0.27269,0.21421,0.20273,0.05977,0.1298,0.25601,0.27886,0.28923,0.32711,0.30371,0.25906,0.21439,0.33069,0.22981,-0.03063,-0.03142,-0.12989,-0.10008,-0.08171,-0.05775,-0.04519,-0.08605,-0.08285,-0.10338,-0.12201,-0.24661,-0.25765,-0.279,-0.34341,-0.34872,-0.332,-0.34029,-0.33393,-0.32902,-0.30607,-0.30713,-0.2673,-0.31677,-0.30151,-0.27752,-0.19074,-0.1608,-0.14016
Apr1993,-0.07684,0.31549,0.26492,0.23639,0.14188,0.52012,0.20568,0.17603,0.18815,0.05686,0.12343,0.24198,0.26429,0.27713,0.31414,0.2927,0.2514,0.20946,0.31963,0.22606,-0.02206,-0.02386,-0.11884,-0.09218,-0.07604,-0.05366,-0.04203,-0.08177,-0.07748,-0.0972,-0.11577,-0.2383,-0.24796,-0.27013,-0.33311,-0.33873,-0.32251,-0.33095,-0.32489,-0.32023,-0.29785,-0.29904,-0.26045,-0.30928,-0.29456,-0.27092,-0.18625,-0.15711
May1993,-1.09019,-0.69878,-0.28523,-0.24408,-0.21501,-0.23395,0.08445,-0.08742,-0.05342,0.01188,-0.08671,-0.01606,0.10215,0.13023,0.15109,0.19079,0.1735,0.13651,0.09986,0.21303,0.13126,-0.09903,-0.09623,-0.18666,-0.15988,-0.14187,-0.11776,-0.10525,-0.14298,-0.13964,-0.15775,-0.17414,-0.29091,-0.29848,-0.31798,-0.37871,-0.38327,-0.36649,-0.37345,-0.36688,-0.36204,-0.34065,-0.34127,-0.30283,-0.34952,-0.3349,-0.31027,-0.2266
Jun1993,0.18209,-0.51693,-0.39666,-0.14866,-0.15016,-0.1486,-0.16315,0.09334,-0.04901,-0.01503,0.0286,-0.06972,-0.00227,0.10563,0.13079,0.14987,0.1868,0.17192,0.13968,0.105,0.21075,0.1339,-0.08814,-0.08501,-0.17173,-0.14668,-0.12943,-0.10708,-0.09497,-0.13177,-0.12613,-0.14391,-0.15975,-0.27259,-0.27915,-0.29678,-0.357,-0.36228,-0.34632,-0.35341,-0.34721,-0.34252,-0.32082,-0.32155,-0.28396,-0.32899,-0.31565,-0.2914
Jul1993,0.90759,0.7035,0.19978,0.17632,0.29232,0.26899,0.24565,0.19857,0.38672,0.21763,0.18931,0.18567,0.08791,0.13896,0.23238,0.24802,0.25854,0.29018,0.27358,0.24503,0.21009,0.30313,0.22095,0.00845,0.00934,-0.07812,-0.05523,-0.04093,-0.02165,-0.01101,-0.04729,-0.03971,-0.05843,-0.07508,-0.1864,-0.19279,-0.21113,-0.271,-0.27783,-0.26449,-0.27408,-0.26909,-0.26504,-0.24363,-0.24526,-0.20993,-0.25545,-0.24323
Aug1993,-0.20676,0.21345,0.27543,0.00126,0.00118,0.09377,0.09128,0.08123,0.05848,0.216,0.09889,0.06863,0.09953,0.02674,0.08062,0.17018,0.18749,0.19792,0.22803,0.21267,0.19076,0.15815,0.25113,0.17453,-0.01644,-0.01034,-0.0943,-0.07207,-0.05829,-0.03784,-0.02623,-0.05997,-0.0491,-0.06696,-0.08454,-0.18883,-0.19233,-0.2086,-0.26523,-0.27308,-0.26087,-0.26988,-0.26539,-0.26134,-0.23701,-0.23818,-0.20604,-0.25046
Sep1993,-0.59778,-0.51747,-0.08549,-0.02063,-0.21346,-0.19132,-0.08576,-0.07857,-0.07822,-0.08467,0.05878,-0.02096,-0.03967,0.00393,-0.05927,-0.00893,0.07708,0.09789,0.11281,0.1426,0.12978,0.11348,0.08484,0.17426,0.10411,-0.06829,-0.06128,-0.1394,-0.11596,-0.10131,-0.08043,-0.06881,-0.10067,-0.09205,-0.10876,-0.12449,-0.22592,-0.22823,-0.24313,-0.29804,-0.30492,-0.29195,-0.30012,-0.29517,-0.29083,-0.26477,-0.26531,-0.2332
Oct1993,-0.48281,-0.71409,-0.60262,-0.2317,-0.16711,-0.32659,-0.3014,-0.1988,-0.18679,-0.18037,-0.18115,-0.04337,-0.10099,-0.10886,-0.05721,-0.11177,-0.06039,0.02343,0.04483,0.06107,0.09103,0.07963,0.0647,0.03839,0.12588,0.06188,-0.10031,-0.09011,-0.16508,-0.14273,-0.12823,-0.10698,-0.09529,-0.12563,-0.11802,-0.13367,-0.14925,-0.24675,-0.24935,-0.26319,-0.31666,-0.32357,-0.31061,-0.31835,-0.31331,-0.30885,-0.28397,-0.28406
Nov1993,2.41795,0.73017,0.1041,-0.12836,0.12669,0.15292,-0.01182,-0.00591,0.06707,0.06749,0.06483,0.05963,0.18364,0.11003,0.08064,0.11105,0.04557,0.08889,0.16596,0.18151,0.19195,0.21822,0.20496,0.1906,0.16194,0.24235,0.17252,0.00816,0.0132,-0.06358,-0.04343,-0.03146,-0.01353,-0.00324,-0.03415,-0.02544,-0.04252,-0.06039,-0.15932,-0.1641,-0.18011,-0.23421,-0.24318,-0.23227,-0.24215,-0.23817,-0.23448,-0.2089
Dec1993,0.29735,2.22905,0.71017,0.17168,-0.08391,0.15386,0.17715,0.01591,0.01838,0.08465,0.08382,0.0805,0.07627,0.19473,0.1228,0.09401,0.12468,0.05967,0.10114,0.17565,0.19032,0.19962,0.22485,0.21191,0.19804,0.16983,0.24859,0.18013,0.01947,0.02365,-0.05239,-0.03295,-0.02142,-0.00418,0.00582,-0.02474,-0.01581,-0.03302,-0.05123,-0.14883,-0.15416,-0.17055,-0.22431,-0.23336,-0.22297,-0.23275,-0.22925,-0.22569
Jan1994,1.36581,0.99289,2.17265,0.87181,0.30833,0.01566,0.22126,0.23374,0.07424,0.07327,0.13246,0.12789,0.12252,0.11763,0.23075,0.15744,0.12298,0.15056,0.08158,0.12021,0.19305,0.20639,0.21342,0.23686,0.22334,0.20882,0.17962,0.25679,0.18719,0.026,0.02921,-0.04839,-0.02952,-0.01859,-0.00256,0.00671,-0.02464,-0.01549,-0.03376,-0.05284,-0.15245,-0.15756,-0.17508,-0.23025,-0.24011,-0.2301,-0.24078,-0.2375
Feb1994,0.02005,0.73483,0.70017,1.81401,0.79673,0.31226,0.03606,0.23107,0.24439,0.09109,0.09208,0.1488,0.14378,0.13784,0.13422,0.24268,0.17089,0.13653,0.16363,0.09382,0.12979,0.2007,0.21285,0.21911,0.24196,0.22842,0.21459,0.18561,0.26076,0.19208,0.03322,0.0359,-0.04136,-0.02307,-0.01254,0.00292,0.01187,-0.01923,-0.00972,-0.02785,-0.04678,-0.14546,-0.15038,-0.16793,-0.22232,-0.23207,-0.22235,-0.23312
Mar1994,-0.26875,-0.15407,0.2575,0.3249,1.2503,0.59381,0.23694,0.01928,0.19973,0.21231,0.07059,0.07084,0.12621,0.12462,0.11981,0.11642,0.21725,0.15178,0.12276,0.15275,0.08616,0.12106,0.18744,0.19731,0.20321,0.22584,0.21338,0.2006,0.17251,0.24491,0.1801,0.02641,0.02911,-0.04615,-0.02874,-0.01903,-0.00406,0.00445,-0.02586,-0.01614,-0.03375,-0.05183,-0.148,-0.15263,-0.17014,-0.22265,-0.23163,-0.2219
Apr1994,-0.30318,-0.29058,-0.2195,0.06651,0.14985,0.87626,0.43156,0.16006,-0.00908,0.16307,0.17828,0.04675,0.0484,0.10424,0.10417,0.10055,0.09857,0.19474,0.13307,0.10864,0.14088,0.07682,0.11155,0.17393,0.18244,0.18813,0.2099,0.19797,0.18655,0.1598,0.23014,0.16662,0.01879,0.02033,-0.05283,-0.03604,-0.02617,-0.0114,-0.00296,-0.03251,-0.02289,-0.04003,-0.05764,-0.15177,-0.15637,-0.17298,-0.22436,-0.2332
May1994,0.48985,0.1243,-0.01811,-0.01443,0.19196,0.25403,0.83247,0.466,0.20824,0.04746,0.2019,0.21242,0.08786,0.08814,0.14001,0.13972,0.13584,0.13507,0.22578,0.16535,0.13822,0.16901,0.10575,0.1372,0.19592,0.2039,0.20858,0.22948,0.21736,0.20644,0.17975,0.24697,0.18347,0.03761,0.03854,-0.03408,-0.01845,-0.00925,0.00462,0.01268,-0.01658,-0.00693,-0.02403,-0.04161,-0.1347,-0.14032,-0.15666,-0.20691
Jun1994,0.33901,0.45892,0.2675,0.12952,0.10041,0.24754,0.29952,0.77093,0.47088,0.24981,0.08843,0.22125,0.23324,0.11427,0.11241,0.15942,0.15806,0.15538,0.15717,0.24217,0.18287,0.1564,0.18335,0.12306,0.15356,0.20955,0.21685,0.22045,0.24064,0.22867,0.22008,0.19412,0.25883,0.19691,0.05672,0.05918,-0.01246,0.00178,0.01044,0.02376,0.03139,0.00294,0.01347,-0.00316,-0.02035,-0.11055,-0.11717,-0.1331
Jul1994,0.61479,0.60202,0.65706,0.50717,0.38638,0.35529,0.45463,0.47328,0.82228,0.57261,0.35412,0.18497,0.30386,0.30834,0.19584,0.18839,0.22662,0.2239,0.21926,0.22263,0.30029,0.24168,0.20924,0.23327,0.17684,0.20215,0.25542,0.26159,0.26486,0.28396,0.27229,0.2666,0.24108,0.30237,0.24246,0.10897,0.11147,0.0419,0.05459,0.06133,0.07237,0.07912,0.05151,0.06294,0.04642,0.02846,-0.0602,-0.06735
Aug1994,1.13576,1.07817,1.03659,1.06299,0.95717,0.84628,0.80728,0.86692,0.90633,1.16724,0.92647,0.66608,0.48934,0.57499,0.56711,0.46238,0.44751,0.4701,0.46219,0.45315,0.45894,0.52378,0.46025,0.41147,0.42556,0.36868,0.38548,0.43092,0.43207,0.43171,0.44824,0.43621,0.43364,0.40726,0.45713,0.39642,0.26572,0.26409,0.19724,0.20491,0.2073,0.21462,0.21881,0.19151,0.20764,0.19072,0.16781,0.07894
Sep1994,0.61997,1.07214,1.0604,1.02836,1.05525,0.97902,0.88735,0.85309,0.89793,0.92789,1.12868,0.94584,0.72383,0.56809,0.63834,0.62639,0.52868,0.51391,0.53297,0.52418,0.51487,0.52353,0.58158,0.51884,0.46778,0.48063,0.42411,0.43876,0.48141,0.4816,0.48006,0.49475,0.48301,0.485,0.45918,0.50556,0.44504,0.31775,0.31504,0.24948,0.25593,0.25696,0.26249,0.26595,0.23904,0.25715,0.24054,0.21732
Oct1994,0.46822,0.66339,1.00537,0.99877,0.97342,0.99546,0.92786,0.85086,0.82153,0.8641,0.9005,1.08472,0.92464,0.72258,0.58256,0.64901,0.63881,0.54695,0.53185,0.54853,0.54039,0.5311,0.54391,0.59854,0.53757,0.48839,0.50152,0.44753,0.46024,0.49977,0.49908,0.49741,0.51133,0.50012,0.50421,0.47902,0.52233,0.46377,0.33833,0.33533,0.27099,0.27615,0.27668,0.28133,0.28449,0.25816,0.2766,0.26041
Nov1994,0.66632,0.56671,0.71541,1.0149,1.00599,0.97867,0.99742,0.93046,0.8547,0.82677,0.86769,0.90621,1.08445,0.92757,0.73028,0.59498,0.65941,0.64857,0.55753,0.5417,0.55791,0.54952,0.54028,0.55391,0.60763,0.5468,0.49737,0.51042,0.45659,0.46857,0.50777,0.50714,0.50527,0.51911,0.50803,0.51247,0.48748,0.52992,0.47186,0.34723,0.3439,0.28019,0.28481,0.28517,0.28964,0.29275,0.26658,0.28521
Dec1994,-0.14625,0.34294,0.47624,0.67753,0.97053,0.96927,0.9452,0.9621,0.8954,0.82123,0.79466,0.83522,0.87337,1.04888,0.89814,0.70898,0.58108,0.645,0.63466,0.54529,0.52993,0.54567,0.53736,0.52856,0.54219,0.59524,0.53617,0.48874,0.50333,0.45019,0.46193,0.5006,0.5,0.49816,0.51191,0.50101,0.5055,0.48075,0.52271,0.46562,0.34221,0.33858,0.27531,0.27994,0.28027,0.28506,0.28787,0.26206
Jan1995,0.85935,0.39574,0.53481,0.5721,0.71047,0.98234,0.97606,0.94941,0.96652,0.9009,0.82781,0.80097,0.84043,0.87778,1.05101,0.90135,0.71083,0.58575,0.6482,0.63678,0.54643,0.53053,0.54486,0.53521,0.52611,0.53972,0.59265,0.53256,0.48556,0.50228,0.44936,0.46179,0.50009,0.49906,0.49586,0.50883,0.49766,0.50196,0.4765,0.51852,0.46115,0.33727,0.33268,0.26781,0.27257,0.27295,0.27778,0.28091
Feb1995,0.12353,0.52756,0.36998,0.47752,0.5438,0.69668,0.9698,0.96131,0.93684,0.95286,0.89178,0.82193,0.79647,0.8342,0.87092,1.03627,0.89405,0.71155,0.59194,0.65181,0.63953,0.55058,0.53413,0.54764,0.53808,0.52893,0.54299,0.59487,0.53517,0.48893,0.50561,0.45306,0.46464,0.5021,0.5009,0.49751,0.51017,0.49911,0.50385,0.47882,0.52039,0.46354,0.34127,0.33638,0.27261,0.27733,0.27755,0.28224
Mar1995,0.71623,0.51391,0.66333,0.54479,0.5937,0.61228,0.73136,0.99202,0.97939,0.95254,0.96371,0.90362,0.838,0.81549,0.85148,0.88635,1.04264,0.90535,0.73155,0.61783,0.67416,0.66125,0.57309,0.5545,0.56631,0.55702,0.54832,0.56286,0.61245,0.55256,0.50773,0.52189,0.47002,0.48041,0.51597,0.51388,0.51015,0.52209,0.51093,0.51651,0.49198,0.53226,0.47569,0.3551,0.34905,0.28683,0.29178,0.29214
Apr1995,0.80036,0.80661,0.67215,0.76215,0.67066,0.69641,0.68267,0.76639,1.01331,0.99849,0.97028,0.97879,0.92093,0.85943,0.83844,0.87218,0.90554,1.05314,0.9213,0.75613,0.64683,0.69959,0.68694,0.59933,0.57948,0.58988,0.58013,0.57139,0.58662,0.6344,0.57439,0.52876,0.54145,0.4889,0.49864,0.53257,0.53042,0.52644,0.53795,0.52687,0.53359,0.5094,0.5483,0.49211,0.37251,0.36636,0.30508,0.30951
May1995,-0.19754,0.25895,0.41627,0.37971,0.47721,0.4485,0.49407,0.52892,0.65557,0.92133,0.91675,0.89694,0.90833,0.85574,0.79988,0.78181,0.81619,0.85021,0.99484,0.87292,0.71716,0.6162,0.66938,0.65724,0.57128,0.55287,0.56364,0.55462,0.54614,0.56214,0.60944,0.55075,0.50657,0.51984,0.46875,0.47822,0.5116,0.50982,0.50632,0.51797,0.50704,0.5138,0.49006,0.52918,0.47399,0.35583,0.35033,0.29033
Jun1995,-0.74959,-0.67543,-0.26123,-0.04016,-0.03819,0.05095,0.06682,0.12566,0.22599,0.42454,0.7133,0.72801,0.72706,0.74483,0.70051,0.65324,0.63903,0.67578,0.7072,0.84906,0.74302,0.60622,0.51801,0.57571,0.56819,0.4863,0.47018,0.48251,0.47498,0.46758,0.48292,0.53006,0.47703,0.43727,0.45625,0.4106,0.42037,0.45356,0.45316,0.45119,0.46316,0.45305,0.45961,0.43728,0.47768,0.42681,0.31354,0.31014
Jul1995,-0.03117,-0.42032,-0.43682,-0.17085,0.00207,0.01194,0.07564,0.07843,0.12101,0.19824,0.36867,0.63492,0.66013,0.66396,0.68161,0.64034,0.59686,0.58467,0.61949,0.65134,0.78605,0.69009,0.56281,0.48468,0.54361,0.5368,0.46018,0.44584,0.45947,0.45314,0.44659,0.46315,0.50856,0.45987,0.42396,0.44624,0.40451,0.41444,0.44636,0.44546,0.44301,0.45456,0.44517,0.45345,0.43213,0.47123,0.42264,0.31354
Aug1995,0.50826,0.3179,0.07678,0.01861,0.14653,0.22456,0.22296,0.26467,0.26972,0.29762,0.34502,0.44852,0.68627,0.71112,0.7129,0.73092,0.69341,0.65148,0.63977,0.66981,0.70271,0.82332,0.73572,0.61299,0.54162,0.59699,0.58809,0.51595,0.50098,0.51344,0.50778,0.50166,0.51847,0.55975,0.51171,0.47792,0.49819,0.45801,0.46805,0.49588,0.49311,0.48995,0.49986,0.49087,0.50157,0.48135,0.5148,0.46789
Sep1995,-0.97072,-0.16491,-0.13796,-0.31034,-0.31571,-0.17526,-0.07094,-0.05759,-0.00979,0.00753,0.04471,0.11655,0.23367,0.48299,0.52109,0.53182,0.55395,0.52491,0.49149,0.48317,0.51312,0.54762,0.66218,0.59047,0.48278,0.42759,0.48428,0.47899,0.41366,0.40195,0.4164,0.41213,0.40725,0.42641,0.46754,0.42525,0.39614,0.4225,0.38621,0.39764,0.4262,0.42428,0.42199,0.43239,0.42404,0.43431,0.4154,0.45047
Oct1995,0.53272,-0.36691,0.02768,-0.01019,-0.17551,-0.18513,-0.0717,0.01088,0.01915,0.06184,0.07978,0.11461,0.1828,0.2835,0.51245,0.54776,0.5581,0.57799,0.54935,0.51661,0.50875,0.53622,0.57358,0.68167,0.61209,0.50867,0.45623,0.51043,0.5039,0.43985,0.42755,0.44103,0.43661,0.43193,0.45237,0.49187,0.44913,0.42076,0.44428,0.40861,0.41918,0.44592,0.44365,0.44074,0.45071,0.44254,0.45382,0.43539
Nov1995,-1.08476,0.02587,-0.59333,-0.13226,-0.13924,-0.28649,-0.28871,-0.17472,-0.0873,-0.07415,-0.03082,-0.01254,0.02457,0.0958,0.20386,0.44024,0.47981,0.49286,0.51408,0.48697,0.45681,0.44989,0.47791,0.51526,0.62384,0.55773,0.45789,0.41004,0.46586,0.46023,0.39757,0.38648,0.40087,0.39717,0.39298,0.41273,0.45248,0.41129,0.38491,0.41021,0.37566,0.38686,0.41376,0.41206,0.40983,0.42017,0.41221,0.42305
Dec1995,0.10866,-0.59241,0.06696,-0.47673,-0.10342,-0.11235,-0.254,-0.25918,-0.1531,-0.07281,-0.06134,-0.02044,-0.00212,0.03278,0.10103,0.20618,0.43892,0.47751,0.49005,0.51051,0.48386,0.45381,0.44677,0.47444,0.51141,0.61821,0.5536,0.45619,0.41034,0.46499,0.4592,0.39727,0.38626,0.4003,0.39665,0.3925,0.41223,0.45128,0.4104,0.38443,0.40895,0.37434,0.38506,0.41167,0.40993,0.40802,0.41797,0.41016
Jan1996,-1.12542,-0.57319,-0.82727,-0.20324,-0.61496,-0.21968,-0.21468,-0.34723,-0.3504,-0.24302,-0.15994,-0.14737,-0.10554,-0.08665,-0.05178,0.02134,0.13135,0.37219,0.41343,0.42759,0.44909,0.42357,0.39388,0.38644,0.41477,0.4511,0.55954,0.49661,0.40184,0.36082,0.41886,0.4147,0.35181,0.34112,0.3551,0.35104,0.34702,0.36611,0.40575,0.3653,0.34082,0.36876,0.33374,0.34446,0.37223,0.37116,0.3699,0.38071
Feb1996,-0.98965,-1.1086,-0.771,-0.93946,-0.39564,-0.70301,-0.30126,-0.28038,-0.40012,-0.39974,-0.29111,-0.20582,-0.19185,-0.15027,-0.13002,-0.09487,-0.02125,0.0907,0.33221,0.37391,0.38821,0.41021,0.38549,0.35709,0.35036,0.37859,0.41449,0.52192,0.46128,0.36975,0.33167,0.3901,0.3861,0.32406,0.31395,0.32828,0.32447,0.32071,0.33961,0.37928,0.3402,0.31691,0.3463,0.312,0.32353,0.35155,0.35076,0.34989
Mar1996,0.34725,-0.24411,-0.50321,-0.36645,-0.58915,-0.2352,-0.49975,-0.20408,-0.20114,-0.31816,-0.3203,-0.22508,-0.14987,-0.13698,-0.09955,-0.08129,-0.05169,0.01607,0.12038,0.35121,0.39013,0.40318,0.42183,0.39544,0.36701,0.3606,0.38816,0.42365,0.52717,0.46705,0.37893,0.34076,0.39698,0.39243,0.33139,0.32072,0.33433,0.33027,0.3263,0.34547,0.3841,0.34592,0.32244,0.35045,0.31597,0.3274,0.3553,0.35488
Apr1996,0.28963,0.33996,-0.0486,-0.27889,-0.1897,-0.41422,-0.15365,-0.39435,-0.1439,-0.14953,-0.26122,-0.26524,-0.17804,-0.10806,-0.09665,-0.06178,-0.04385,-0.0169,0.04475,0.14356,0.36552,0.40203,0.41495,0.43047,0.40332,0.37506,0.36825,0.39487,0.43034,0.53086,0.47154,0.38454,0.34771,0.40077,0.39628,0.33629,0.32603,0.33918,0.3352,0.33122,0.35068,0.38838,0.35089,0.3275,0.3542,0.32058,0.33166,0.35884
May1996,-1.06961,-0.53257,-0.26169,-0.43282,-0.55392,-0.46205,-0.59613,-0.37145,-0.54921,-0.28857,-0.27354,-0.36975,-0.3683,-0.28236,-0.20951,-0.19503,-0.15971,-0.14034,-0.11215,-0.04794,0.05353,0.27888,0.31918,0.33372,0.35012,0.32602,0.30062,0.29528,0.32202,0.35659,0.4565,0.4008,0.31811,0.2852,0.33993,0.33618,0.27758,0.26861,0.28291,0.27972,0.27612,0.29466,0.33244,0.29715,0.27562,0.30381,0.27212,0.28423
Jun1996,-1.29594,-1.42731,-1.02461,-0.71883,-0.80527,-0.87676,-0.77989,-0.85917,-0.6469,-0.75715,-0.49239,-0.45889,-0.53438,-0.52846,-0.44442,-0.36893,-0.35149,-0.31415,-0.29031,-0.25983,-0.19398,-0.08719,0.13838,0.18579,0.20536,0.22454,0.20444,0.18314,0.18005,0.20737,0.2414,0.34001,0.29145,0.21629,0.19167,0.25059,0.24806,0.19208,0.1853,0.20155,0.19949,0.19686,0.21459,0.25254,0.221,0.20384,0.23451,0.2062
Jul1996,0.37269,-0.47156,-0.77606,-0.57065,-0.39276,-0.49034,-0.58158,-0.51546,-0.61127,-0.44962,-0.58165,-0.38201,-0.35701,-0.43481,-0.43225,-0.35955,-0.295,-0.28017,-0.24797,-0.22498,-0.19849,-0.13861,-0.04528,0.16633,0.21262,0.22851,0.24751,0.22826,0.20843,0.20564,0.23164,0.26648,0.36031,0.31425,0.24261,0.22094,0.27843,0.27589,0.2215,0.21381,0.22817,0.22583,0.22339,0.24217,0.2788,0.24742,0.23041,0.25968
Aug1996,1.10355,0.96002,0.4777,0.20328,0.24179,0.26576,0.14874,0.04351,0.06979,-0.05599,0.04144,-0.16034,-0.02871,-0.03374,-0.11614,-0.12287,-0.06513,-0.02055,-0.01416,0.01018,0.03261,0.04984,0.09894,0.16741,0.3571,0.39538,0.40369,0.41753,0.39512,0.3732,0.36931,0.39255,0.4279,0.51273,0.4629,0.39146,0.36587,0.41573,0.41248,0.35776,0.34691,0.35774,0.35354,0.35041,0.37309,0.40665,0.37145,0.35174
Sep1996,-0.46775,0.5606,0.57097,0.19413,-0.00245,0.05323,0.09595,0.00351,-0.07927,-0.04448,-0.14364,-0.04433,-0.22228,-0.09327,-0.09645,-0.17495,-0.17998,-0.12201,-0.07567,-0.06853,-0.04428,-0.01918,-0.00145,0.04533,0.11099,0.29969,0.33739,0.34726,0.36295,0.34317,0.32366,0.32045,0.34314,0.37954,0.46198,0.41646,0.34898,0.32778,0.37852,0.37621,0.32317,0.31283,0.32365,0.31988,0.31707,0.34006,0.37339,0.34034
Oct1996,-0.15063,-0.4308,0.40582,0.41861,0.09305,-0.07451,-0.02285,0.02152,-0.05762,-0.12747,-0.09213,-0.17623,-0.07528,-0.23585,-0.11111,-0.11238,-0.18483,-0.1885,-0.1329,-0.08827,-0.08058,-0.05725,-0.03373,-0.01633,0.02879,0.09368,0.27938,0.31813,0.32759,0.34218,0.32304,0.30488,0.30204,0.32448,0.36056,0.44098,0.39654,0.33243,0.31179,0.36225,0.36015,0.30775,0.29785,0.30845,0.30493,0.30241,0.32533,0.35848
Nov1996,-0.27815,-0.2915,-0.46542,0.33124,0.35451,0.04556,-0.11081,-0.05938,-0.01401,-0.08698,-0.15306,-0.11938,-0.19851,-0.10139,-0.25351,-0.12979,-0.13027,-0.2006,-0.2035,-0.14921,-0.10475,-0.09716,-0.07422,-0.05163,-0.03432,0.01081,0.0752,0.26029,0.29924,0.30871,0.32391,0.3056,0.28801,0.28561,0.30808,0.3438,0.42371,0.38014,0.31751,0.29773,0.34816,0.3464,0.29431,0.28474,0.29558,0.29231,0.28986,0.31262
Dec1996,-0.53884,-0.44253,-0.35512,-0.47167,0.27136,0.30658,0.01453,-0.13565,-0.08639,-0.04245,-0.11153,-0.17421,-0.14077,-0.2161,-0.12141,-0.26535,-0.14215,-0.14207,-0.21023,-0.21306,-0.15997,-0.11658,-0.10923,-0.08647,-0.06436,-0.04713,-0.00211,0.06209,0.24624,0.2849,0.29433,0.30947,0.29165,0.27451,0.27231,0.29459,0.32986,0.40875,0.36594,0.30466,0.28524,0.33504,0.33315,0.28179,0.27244,0.2837,0.28027,0.27798
Jan1997,-1.32259,-0.98173,-0.79863,-0.6294,-0.64776,0.11766,0.16969,-0.10671,-0.24781,-0.19399,-0.14483,-0.21013,-0.2687,-0.23461,-0.30669,-0.20943,-0.34393,-0.21701,-0.21515,-0.2826,-0.28403,-0.22992,-0.18528,-0.17783,-0.15449,-0.13352,-0.11575,-0.07011,-0.00329,0.18788,0.22955,0.24086,0.25662,0.23914,0.22163,0.2192,0.24211,0.27704,0.35719,0.31492,0.25468,0.23797,0.28911,0.2871,0.23556,0.22678,0.239,0.23621
Feb1997,-1.40731,-1.45635,-1.23029,-1.07171,-0.87984,-0.83425,-0.04202,0.0339,-0.21897,-0.34851,-0.28876,-0.23273,-0.29212,-0.34616,-0.31047,-0.37695,-0.27946,-0.4041,-0.27408,-0.2699,-0.3355,-0.33551,-0.28117,-0.23532,-0.22697,-0.20334,-0.18252,-0.16418,-0.11827,-0.05013,0.14168,0.18456,0.1963,0.21262,0.19617,0.17976,0.1778,0.20087,0.23528,0.31531,0.27488,0.21662,0.20217,0.25399,0.25312,0.20251,0.19433,0.20715
Mar1997,0.35623,-0.48485,-0.73571,-0.70281,-0.69126,-0.6141,-0.60384,0.03075,0.08821,-0.15077,-0.27243,-0.22216,-0.1742,-0.23011,-0.28279,-0.25029,-0.31679,-0.22661,-0.34822,-0.22714,-0.22665,-0.29093,-0.29374,-0.24464,-0.20278,-0.19524,-0.17274,-0.15203,-0.13531,-0.09243,-0.02707,0.15705,0.19784,0.20836,0.22344,0.20654,0.19013,0.1878,0.2099,0.24414,0.32199,0.28248,0.22485,0.21008,0.25957,0.25886,0.20995,0.20223
Apr1997,0.91586,0.6801,0.00231,-0.28739,-0.3125,-0.37066,-0.37108,-0.39555,0.13937,0.17835,-0.05074,-0.16902,-0.1263,-0.0851,-0.14063,-0.19293,-0.16226,-0.22924,-0.14777,-0.27025,-0.15786,-0.16226,-0.22637,-0.2326,-0.18819,-0.15054,-0.1447,-0.12366,-0.10236,-0.08678,-0.04696,0.01335,0.19134,0.22826,0.23776,0.25146,0.23466,0.21795,0.21533,0.23658,0.27094,0.34666,0.30726,0.24976,0.23373,0.28178,0.28064,0.23227
May1997,1.6857,1.52058,1.2315,0.63155,0.31414,0.23411,0.12869,0.02721,-0.08184,0.34334,0.35624,0.1283,0.01001,0.04277,0.07314,0.01617,-0.03758,-0.00909,-0.07896,-0.00752,-0.13755,-0.03743,-0.04848,-0.11545,-0.12564,-0.0855,-0.05299,-0.04914,-0.03028,-0.00993,0.00326,0.03852,0.09309,0.26197,0.29544,0.30251,0.31409,0.2963,0.27844,0.27514,0.29522,0.33026,0.40395,0.36344,0.3046,0.28562,0.3312,0.3295
Jun1997,1.08408,1.63364,1.57032,1.41052,0.98284,0.69514,0.59842,0.46927,0.32276,0.1723,0.49985,0.49205,0.27539,0.15729,0.1808,0.20169,0.14371,0.09132,0.12,0.04975,0.10989,-0.02247,0.06322,0.04839,-0.0185,-0.03134,0.00486,0.03254,0.03494,0.05191,0.07422,0.08552,0.11703,0.16653,0.32695,0.35893,0.36366,0.37311,0.35497,0.33674,0.33282,0.35189,0.38798,0.45902,0.41856,0.36074,0.33969,0.38287
Jul1997,-1.66322,-0.63877,-0.00449,0.22173,0.27052,0.02544,-0.1325,-0.15554,-0.20404,-0.23337,-0.28009,0.08338,0.12415,-0.05522,-0.15076,-0.11982,-0.08758,-0.13245,-0.17553,-0.14433,-0.20107,-0.1334,-0.24214,-0.14613,-0.14695,-0.20668,-0.21232,-0.17249,-0.13904,-0.1333,-0.11486,-0.09215,-0.07858,-0.04155,0.01413,0.18057,0.21879,0.22673,0.23854,0.22291,0.20746,0.20523,0.22519,0.25923,0.3299,0.2942,0.24252,0.2277
Aug1997,-0.70772,-1.29429,-0.80023,-0.4,-0.21874,-0.14462,-0.29419,-0.39534,-0.4066,-0.43131,-0.43529,-0.47676,-0.11617,-0.05481,-0.20224,-0.28206,-0.24859,-0.2147,-0.25342,-0.29156,-0.25832,-0.30887,-0.23909,-0.33797,-0.23713,-0.22971,-0.28567,-0.28904,-0.2493,-0.21332,-0.20546,-0.18634,-0.16085,-0.14695,-0.11172,-0.05347,0.11208,0.15231,0.16306,0.17429,0.15954,0.14636,0.14452,0.16446,0.19879,0.26728,0.23272,0.18535
Sep1997,-0.5664,-0.84697,-1.30006,-0.88945,-0.53997,-0.37072,-0.28264,-0.40463,-0.48461,-0.48006,-0.49345,-0.4898,-0.52938,-0.18982,-0.13055,-0.26965,-0.34328,-0.30786,-0.27096,-0.30624,-0.34071,-0.30542,-0.35156,-0.28595,-0.3806,-0.27627,-0.26835,-0.32012,-0.32169,-0.28224,-0.24658,-0.23863,-0.21973,-0.19769,-0.18373,-0.14841,-0.09157,0.07232,0.11342,0.12487,0.13663,0.12273,0.11024,0.10889,0.12875,0.16369,0.23124,0.1987
Oct1997,-1.64296,-1.32249,-1.20376,-1.4908,-1.13317,-0.82435,-0.66276,-0.55863,-0.64978,-0.70798,-0.69582,-0.69473,-0.67679,-0.69535,-0.35936,-0.29042,-0.41437,-0.47911,-0.44053,-0.39878,-0.42863,-0.45859,-0.42619,-0.46649,-0.4012,-0.48527,-0.37892,-0.3646,-0.41189,-0.41209,-0.37177,-0.33414,-0.32504,-0.30542,-0.28532,-0.27009,-0.23464,-0.17594,-0.01359,0.02967,0.04234,0.05478,0.0427,0.032,0.03164,0.05193,0.08543,0.1531
Nov1997,-1.39411,-1.81182,-1.5266,-1.30239,-1.53503,-1.20245,-0.91287,-0.75642,-0.64853,-0.72838,-0.7801,-0.76716,-0.76235,-0.74317,-0.75613,-0.42772,-0.35658,-0.4745,-0.53492,-0.49583,-0.45254,-0.48041,-0.50855,-0.47757,-0.51541,-0.45049,-0.53002,-0.42432,-0.40865,-0.45422,-0.45306,-0.4123,-0.37411,-0.36442,-0.34467,-0.3247,-0.30922,-0.27354,-0.21424,-0.05268,-0.00872,0.00457,0.01733,0.00614,-0.00354,-0.00335,0.017,0.05002
Dec1997,-0.30331,-0.91803,-1.48332,-1.37481,-1.22596,-1.46814,-1.1547,-0.87891,-0.73084,-0.6309,-0.70804,-0.75823,-0.74602,-0.74254,-0.72426,-0.7378,-0.42104,-0.35266,-0.46756,-0.52667,-0.48898,-0.44738,-0.47489,-0.50234,-0.47218,-0.50923,-0.4456,-0.52379,-0.41959,-0.40457,-0.44964,-0.44865,-0.40862,-0.37125,-0.36176,-0.34241,-0.32252,-0.30757,-0.27286,-0.21431,-0.05551,-0.0125,0.00028,0.01293,0.00186,-0.00734,-0.00743,0.01272
Jan1998,-0.97876,-0.68287,-1.00761,-1.50228,-1.38489,-1.24507,-1.46878,-1.18561,-0.93135,-0.78818,-0.69039,-0.76492,-0.81156,-0.79746,-0.79509,-0.77841,-0.78674,-0.47674,-0.40896,-0.52363,-0.5811,-0.54321,-0.50081,-0.52769,-0.55435,-0.52512,-0.56149,-0.49996,-0.57922,-0.47488,-0.46044,-0.50644,-0.50478,-0.46348,-0.42471,-0.41466,-0.39489,-0.37494,-0.3598,-0.32415,-0.26413,-0.10097,-0.05682,-0.04375,-0.03045,-0.04123,-0.05012,-0.04978
Feb1998,-2.34766,-2.05513,-1.65385,-1.64542,-1.92209,-1.845,-1.52991,-1.66734,-1.39804,-1.15283,-1.00687,-0.89271,-0.95287,-0.9894,-0.96863,-0.9587,-0.9394,-0.93727,-0.62643,-0.55127,-0.65884,-0.71068,-0.66974,-0.62228,-0.64531,-0.66874,-0.63911,-0.67135,-0.61015,-0.68281,-0.57874,-0.56075,-0.60366,-0.59971,-0.55673,-0.51551,-0.50416,-0.48383,-0.46412,-0.44782,-0.41104,-0.34969,-0.1861,-0.13976,-0.12484,-0.10991,-0.11903,-0.12599
Mar1998,-1.34364,-1.80905,-1.73572,-1.55843,-1.57541,-1.77926,-1.77951,-1.56846,-1.67558,-1.43447,-1.21287,-1.07885,-0.97038,-1.02177,-1.05299,-1.03007,-1.01857,-0.99917,-0.9955,-0.70125,-0.62562,-0.72469,-0.77218,-0.73193,-0.6842,-0.70436,-0.72528,-0.69592,-0.72498,-0.66589,-0.73286,-0.63233,-0.61316,-0.65339,-0.6484,-0.60624,-0.56515,-0.55359,-0.53357,-0.51427,-0.49795,-0.46162,-0.40162,-0.24217,-0.19604,-0.18031,-0.16423,-0.17169
Apr1998,-1.90998,-1.64284,-1.88754,-1.83581,-1.70158,-1.69649,-1.84623,-1.87945,-1.69605,-1.76401,-1.54597,-1.34295,-1.21595,-1.10642,-1.14824,-1.17236,-1.14539,-1.1305,-1.11125,-1.10532,-0.82167,-0.74227,-0.83326,-0.87503,-0.83345,-0.78338,-0.80026,-0.81829,-0.78823,-0.81308,-0.7552,-0.81665,-0.71805,-0.69686,-0.73385,-0.72718,-0.68446,-0.6422,-0.62977,-0.60957,-0.59109,-0.57405,-0.53799,-0.47853,-0.32226,-0.27453,-0.25789,-0.24079
May1998,-1.72288,-1.90858,-1.71657,-1.88787,-1.8517,-1.74343,-1.74135,-1.86011,-1.89571,-1.74805,-1.79966,-1.60591,-1.4238,-1.30736,-1.20209,-1.23706,-1.25698,-1.22878,-1.21216,-1.19488,-1.18711,-0.91887,-0.83736,-0.92083,-0.95733,-0.91507,-0.86339,-0.87756,-0.8932,-0.86455,-0.8863,-0.83008,-0.88618,-0.79108,-0.76796,-0.80221,-0.794,-0.75137,-0.70867,-0.6956,-0.67553,-0.65786,-0.64048,-0.60474,-0.54626,-0.39443,-0.34553,-0.32783
Jun1998,0.03447,-1.03338,-1.49958,-1.48247,-1.68881,-1.6599,-1.57202,-1.58233,-1.70337,-1.72609,-1.61689,-1.68432,-1.51156,-1.34107,-1.23454,-1.14116,-1.17626,-1.19762,-1.17132,-1.15755,-1.14045,-1.13654,-0.88545,-0.80958,-0.89099,-0.92768,-0.88709,-0.83853,-0.85268,-0.86849,-0.83924,-0.86119,-0.8063,-0.85998,-0.76717,-0.7445,-0.77879,-0.77139,-0.73029,-0.68906,-0.67646,-0.65689,-0.63909,-0.62233,-0.58734,-0.52939,-0.38139,-0.33319
Jul1998,-0.5516,-0.34486,-0.95406,-1.33318,-1.37702,-1.59032,-1.57069,-1.48231,-1.49616,-1.61249,-1.61965,-1.5382,-1.61994,-1.4621,-1.30463,-1.2061,-1.12088,-1.15299,-1.17345,-1.14968,-1.13823,-1.12121,-1.11754,-0.88648,-0.81495,-0.89355,-0.92732,-0.88882,-0.84275,-0.85606,-0.87129,-0.84239,-0.8634,-0.81028,-0.86172,-0.77166,-0.74913,-0.78207,-0.77441,-0.73416,-0.69376,-0.68125,-0.66199,-0.64552,-0.62904,-0.59477,-0.538,-0.39317
Aug1998,-1.01252,-0.94001,-0.81054,-1.1556,-1.42517,-1.45462,-1.62566,-1.60865,-1.53942,-1.5546,-1.65792,-1.64337,-1.58872,-1.66865,-1.52585,-1.38597,-1.29321,-1.20874,-1.23699,-1.25338,-1.2292,-1.21551,-1.20142,-1.19548,-0.97697,-0.90385,-0.97687,-1.00716,-0.96796,-0.91998,-0.93092,-0.94414,-0.91246,-0.93095,-0.8814,-0.92934,-0.8414,-0.8163,-0.84712,-0.83817,-0.797,-0.75502,-0.7418,-0.72238,-0.70325,-0.68582,-0.65274,-0.59703
Sep1998,0.75577,-0.33755,-0.4584,-0.39586,-0.72546,-1.03291,-1.12908,-1.33524,-1.33488,-1.27938,-1.31526,-1.44872,-1.43321,-1.42081,-1.52598,-1.3768,-1.23468,-1.14517,-1.06789,-1.10069,-1.1205,-1.09797,-1.08773,-1.07416,-1.07428,-0.85421,-0.78689,-0.86205,-0.89589,-0.86001,-0.8167,-0.82972,-0.84466,-0.81767,-0.83887,-0.79056,-0.84262,-0.75586,-0.73381,-0.76608,-0.75906,-0.71941,-0.68001,-0.6679,-0.64918,-0.62785,-0.61149,-0.57978
Oct1998,-1.34079,-0.03788,-0.69474,-0.73797,-0.66442,-0.92582,-1.17085,-1.23968,-1.41181,-1.40947,-1.35739,-1.38691,-1.51422,-1.49446,-1.48198,-1.58058,-1.43847,-1.29988,-1.2104,-1.13136,-1.16093,-1.17782,-1.15671,-1.14451,-1.13135,-1.12965,-0.9174,-0.84772,-0.91794,-0.94939,-0.91287,-0.86887,-0.88053,-0.89422,-0.86873,-0.88788,-0.84074,-0.89039,-0.80668,-0.7841,-0.81471,-0.80677,-0.76705,-0.72718,-0.71471,-0.69603,-0.67602,-0.65929
Nov1998,-0.48871,-1.27491,-0.15319,-0.725,-0.75755,-0.68724,-0.92732,-1.15395,-1.21874,-1.38304,-1.38207,-1.33393,-1.36235,-1.48201,-1.4663,-1.46198,-1.55927,-1.42235,-1.28782,-1.20105,-1.12522,-1.15391,-1.17058,-1.15064,-1.13919,-1.12612,-1.12473,-0.91916,-0.85145,-0.92006,-0.95046,-0.91479,-0.87172,-0.88307,-0.89647,-0.8712,-0.89009,-0.84384,-0.8923,-0.81001,-0.78766,-0.81764,-0.80987,-0.77075,-0.73147,-0.71909,-0.70066,-0.68067
Dec1998,-0.8375,-0.71605,-1.21563,-0.24901,-0.75583,-0.77999,-0.71023,-0.9343,-1.14432,-1.20468,-1.36026,-1.36009,-1.31502,-1.34275,-1.45622,-1.44384,-1.44594,-1.54164,-1.40861,-1.27801,-1.19405,-1.12038,-1.14822,-1.16459,-1.14501,-1.13402,-1.12121,-1.12091,-0.92047,-0.85405,-0.92119,-0.95082,-0.91564,-0.87331,-0.88437,-0.8975,-0.87246,-0.89109,-0.84593,-0.8932,-0.81236,-0.7903,-0.81972,-0.81202,-0.77365,-0.73498,-0.72287,-0.70479
Jan1999,0.41742,-0.33148,-0.44745,-1.0205,-0.18484,-0.69446,-0.73494,-0.67864,-0.90178,-1.10906,-1.17761,-1.33501,-1.33548,-1.29128,-1.3229,-1.44151,-1.42455,-1.44393,-1.54476,-1.4154,-1.28452,-1.20266,-1.12962,-1.15639,-1.17296,-1.1534,-1.14354,-1.13482,-1.14198,-0.94681,-0.8843,-0.95535,-0.98517,-0.94941,-0.90524,-0.91553,-0.92902,-0.90403,-0.9232,-0.87762,-0.92737,-0.84643,-0.82326,-0.8523,-0.84571,-0.80746,-0.76886,-0.75732
Feb1999,0.78419,0.67657,0.13661,-0.13199,-0.73528,-0.04084,-0.5793,-0.63664,-0.58612,-0.80798,-1.01874,-1.0966,-1.25973,-1.26339,-1.22187,-1.25623,-1.37599,-1.36336,-1.3913,-1.49738,-1.36708,-1.2367,-1.15587,-1.08559,-1.11362,-1.13105,-1.11248,-1.104,-1.09515,-1.10385,-0.91003,-0.84927,-0.92036,-0.95059,-0.91607,-0.87363,-0.88443,-0.89836,-0.87361,-0.89357,-0.8486,-0.89846,-0.818,-0.79545,-0.82489,-0.81883,-0.78145,-0.74389
Mar1999,-0.00729,0.32585,0.37934,0.09912,-0.09312,-0.57819,-0.0173,-0.49827,-0.56446,-0.52292,-0.72709,-0.92426,-1.00603,-1.1648,-1.17289,-1.13557,-1.17147,-1.28457,-1.28,-1.31637,-1.42556,-1.3012,-1.17571,-1.09904,-1.03467,-1.06309,-1.08122,-1.06392,-1.05702,-1.0477,-1.05825,-0.8708,-0.8136,-0.88309,-0.91279,-0.88054,-0.84112,-0.8522,-0.86598,-0.84197,-0.86213,-0.819,-0.86773,-0.78918,-0.76792,-0.79673,-0.79145,-0.75595
Apr1999,-0.03863,-0.01706,0.19429,0.25102,0.07249,-0.08493,-0.5075,-0.02388,-0.45133,-0.5197,-0.48215,-0.67431,-0.86198,-0.94482,-1.10006,-1.11025,-1.0757,-1.11356,-1.22306,-1.22448,-1.26545,-1.37712,-1.25735,-1.13419,-1.06059,-1.00031,-1.02885,-1.04726,-1.03045,-1.02445,-1.0148,-1.02617,-0.8426,-0.78794,-0.85635,-0.88582,-0.85516,-0.81778,-0.82905,-0.8428,-0.81968,-0.83982,-0.79815,-0.84641,-0.76921,-0.74873,-0.77724,-0.77247
May1999,-0.5367,-0.34156,-0.2368,-0.07275,-0.00561,-0.10717,-0.20367,-0.54315,-0.12523,-0.48757,-0.54451,-0.50975,-0.68532,-0.85852,-0.93618,-1.08232,-1.09328,-1.06114,-1.09793,-1.20275,-1.20555,-1.24834,-1.35716,-1.2416,-1.12332,-1.05317,-0.99542,-1.02319,-1.04102,-1.02559,-1.02012,-1.01019,-1.02128,-0.84388,-0.79089,-0.85718,-0.88528,-0.85568,-0.81971,-0.83056,-0.84389,-0.82169,-0.84127,-0.80079,-0.84759,-0.77299,-0.7525,-0.77991
Jun1999,-1.71883,-1.45274,-1.12811,-0.86939,-0.71541,-0.64112,-0.65827,-0.68859,-0.88196,-0.48967,-0.74291,-0.76405,-0.72258,-0.8721,-1.01891,-1.07813,-1.20412,-1.21101,-1.17608,-1.20511,-1.29901,-1.30058,-1.33873,-1.43477,-1.32648,-1.21334,-1.14338,-1.08407,-1.10788,-1.12309,-1.10567,-1.09851,-1.08814,-1.09468,-0.92571,-0.87155,-0.93361,-0.95861,-0.92827,-0.8909,-0.89993,-0.91175,-0.88949,-0.90711,-0.8675,-0.91126,-0.83992,-0.81808
Jul1999,-0.74882,-1.41527,-1.33595,-1.12917,-0.91986,-0.77805,-0.71561,-0.72655,-0.74565,-0.91421,-0.58933,-0.80033,-0.80831,-0.77211,-0.90417,-1.03514,-1.08686,-1.2007,-1.20723,-1.17514,-1.20248,-1.2879,-1.28797,-1.32677,-1.41997,-1.31937,-1.2134,-1.14752,-1.09178,-1.11439,-1.1291,-1.11199,-1.10509,-1.09519,-1.10193,-0.93976,-0.88693,-0.94671,-0.97027,-0.94002,-0.90281,-0.91117,-0.92245,-0.90163,-0.91858,-0.8797,-0.92217,-0.85233
Aug1999,0.94854,0.35506,-0.2259,-0.33427,-0.29826,-0.26325,-0.18571,-0.15952,-0.20761,-0.26238,-0.46905,-0.22891,-0.47185,-0.51173,-0.48345,-0.62302,-0.76517,-0.83561,-0.95991,-0.97287,-0.94547,-0.98134,-1.07139,-1.07999,-1.12847,-1.23706,-1.13749,-1.03519,-0.9743,-0.92582,-0.9524,-0.97039,-0.95246,-0.94938,-0.94224,-0.9534,-0.7871,-0.73685,-0.80032,-0.82815,-0.80117,-0.76826,-0.77902,-0.79207,-0.76896,-0.78825,-0.75059,-0.7961
Sep1999,-0.32473,0.49096,0.13012,-0.34261,-0.40716,-0.3667,-0.32121,-0.24933,-0.22014,-0.24964,-0.2913,-0.47216,-0.25805,-0.48355,-0.52516,-0.50176,-0.63468,-0.76977,-0.83617,-0.95721,-0.96915,-0.94088,-0.97549,-1.0656,-1.07521,-1.12138,-1.22916,-1.1296,-1.02912,-0.96909,-0.92169,-0.9481,-0.96599,-0.95204,-0.94931,-0.94295,-0.95564,-0.79308,-0.74397,-0.80665,-0.83389,-0.80629,-0.77335,-0.7837,-0.79645,-0.77162,-0.7907,-0.75364
Oct1999,1.11199,0.4597,0.77129,0.41509,-0.0177,-0.08796,-0.07281,-0.06095,-0.00898,0.01113,-0.0184,-0.06339,-0.24114,-0.06145,-0.29655,-0.35248,-0.33519,-0.46803,-0.60567,-0.67995,-0.80425,-0.81942,-0.79616,-0.83507,-0.92706,-0.94362,-0.99369,-1.10724,-1.00865,-0.9109,-0.85462,-0.81231,-0.84072,-0.86025,-0.84859,-0.84808,-0.8428,-0.858,-0.69659,-0.65064,-0.71425,-0.7438,-0.71923,-0.68981,-0.70162,-0.71519,-0.6912,-0.71134
Nov1999,-1.30559,0.56644,0.15562,0.56815,0.24437,-0.15953,-0.21816,-0.19584,-0.17386,-0.11846,-0.09617,-0.12291,-0.16132,-0.32562,-0.14482,-0.36227,-0.41212,-0.39359,-0.52008,-0.65115,-0.72026,-0.83915,-0.85315,-0.83096,-0.8676,-0.95541,-0.97028,-1.0186,-1.12764,-1.03178,-0.93617,-0.88067,-0.83844,-0.86565,-0.88436,-0.87245,-0.8716,-0.86613,-0.88036,-0.72231,-0.67654,-0.73845,-0.76692,-0.74218,-0.71258,-0.72373,-0.73682,-0.71299
Dec1999,-0.78771,-1.08516,0.30698,0.04983,0.47128,0.17569,-0.20455,-0.25975,-0.23689,-0.2138,-0.15965,-0.13729,-0.1613,-0.19688,-0.35175,-0.17444,-0.38018,-0.42757,-0.40902,-0.53162,-0.6586,-0.72543,-0.84086,-0.8544,-0.83268,-0.86822,-0.95341,-0.96865,-1.01609,-1.12271,-1.02897,-0.93534,-0.88076,-0.83929,-0.86591,-0.88426,-0.87232,-0.87164,-0.86647,-0.88021,-0.72507,-0.68009,-0.74087,-0.76871,-0.74445,-0.71528,-0.72629,-0.73917
Jan2000,-1.84492,-1.37445,-1.41392,-0.20353,-0.27362,0.24505,-0.0166,-0.3712,-0.41866,-0.38804,-0.35563,-0.2996,-0.27419,-0.29491,-0.3267,-0.47058,-0.28823,-0.48229,-0.5256,-0.50663,-0.62536,-0.74864,-0.81084,-0.92189,-0.93387,-0.91186,-0.94542,-1.03144,-1.05051,-1.1036,-1.21431,-1.12188,-1.02532,-0.96863,-0.9235,-0.94835,-0.9662,-0.95412,-0.95254,-0.9471,-0.96185,-0.80643,-0.75898,-0.81894,-0.84712,-0.8222,-0.79201,-0.80339
Feb2000,-0.78256,-1.36579,-1.24099,-1.32401,-0.33911,-0.3483,0.17212,-0.0681,-0.40252,-0.44574,-0.41251,-0.37784,-0.32262,-0.29745,-0.31581,-0.34581,-0.48508,-0.30583,-0.49455,-0.53768,-0.5197,-0.6361,-0.75701,-0.81768,-0.92685,-0.93847,-0.91661,-0.94964,-1.03431,-1.05336,-1.10607,-1.2151,-1.12334,-1.02779,-0.97173,-0.92706,-0.95143,-0.9691,-0.95696,-0.95557,-0.95019,-0.96465,-0.81128,-0.76396,-0.82322,-0.85082,-0.82599,-0.79596
Mar2000,-1.45731,-1.29992,-1.47135,-1.38633,-1.42256,-0.78194,-0.68937,-0.11796,-0.29648,-0.58297,-0.61232,-0.57449,-0.52996,-0.47265,-0.44527,-0.4584,-0.48189,-0.60259,-0.42722,-0.59327,-0.62757,-0.60759,-0.71562,-0.82685,-0.88005,-0.98083,-0.99071,-0.96854,-0.99802,-1.0764,-1.09395,-1.14288,-1.24446,-1.1569,-1.06498,-1.01043,-0.96639,-0.98875,-1.00486,-0.9926,-0.99068,-0.98532,-0.99851,-0.85191,-0.80529,-0.86117,-0.88667,-0.86204
Apr2000,-1.70842,-1.60379,-1.49458,-1.5934,-1.51952,-1.53282,-1.06368,-0.96196,-0.38311,-0.50609,-0.75046,-0.76921,-0.72661,-0.67315,-0.61518,-0.58541,-0.59269,-0.60965,-0.71772,-0.54646,-0.69432,-0.72071,-0.69911,-0.79974,-0.90278,-0.9496,-1.04357,-1.05168,-1.02867,-1.05479,-1.12834,-1.14372,-1.18989,-1.2842,-1.19994,-1.11054,-1.05695,-1.01278,-1.03339,-1.04819,-1.03605,-1.03322,-1.02804,-1.04038,-0.89904,-0.85254,-0.90584,-0.92941
May2000,-0.21146,-1.14064,-1.30823,-1.26248,-1.37603,-1.33129,-1.36869,-0.96088,-0.88692,-0.38317,-0.49587,-0.7239,-0.74161,-0.7031,-0.65433,-0.60015,-0.57275,-0.5794,-0.59634,-0.69972,-0.53837,-0.68053,-0.70691,-0.68683,-0.7844,-0.88429,-0.93044,-1.02201,-1.03027,-1.0091,-1.03511,-1.10564,-1.12103,-1.16459,-1.25633,-1.17544,-1.0892,-1.03798,-0.99614,-1.01641,-1.03096,-1.01948,-1.01721,-1.01219,-1.02439,-0.88734,-0.842,-0.89374
Jun2000,-0.22241,-0.31684,-0.93897,-1.16211,-1.15126,-1.26582,-1.23158,-1.27504,-0.9101,-0.84052,-0.39798,-0.50491,-0.71456,-0.73244,-0.69778,-0.65358,-0.60329,-0.57681,-0.57948,-0.59543,-0.69327,-0.54133,-0.67952,-0.70469,-0.68549,-0.77978,-0.87537,-0.92036,-1.00888,-1.01728,-0.9956,-1.02138,-1.08965,-1.10318,-1.14594,-1.23713,-1.15789,-1.07366,-1.02407,-0.98362,-1.00356,-1.01795,-1.00648,-1.00468,-0.99994,-1.01197,-0.87766,-0.83307
Jul2000,0.38508,0.14658,0.03367,-0.49519,-0.79193,-0.81603,-0.95937,-0.94595,-1.01358,-0.68907,-0.65366,-0.29454,-0.39761,-0.60061,-0.62044,-0.59332,-0.55854,-0.51345,-0.49162,-0.49444,-0.51243,-0.60604,-0.46936,-0.6032,-0.63025,-0.61632,-0.70737,-0.80135,-0.84846,-0.93595,-0.94575,-0.92502,-0.95211,-1.01935,-1.03501,-1.07772,-1.17094,-1.0938,-1.01156,-0.96371,-0.92555,-0.94607,-0.96101,-0.95113,-0.95048,-0.94587,-0.95847,-0.82508
Aug2000,-0.3573,-0.11762,-0.13922,-0.18485,-0.53272,-0.76791,-0.78868,-0.90645,-0.91263,-0.97824,-0.70538,-0.69281,-0.36189,-0.44332,-0.6208,-0.63912,-0.61331,-0.58128,-0.54011,-0.52017,-0.51975,-0.53694,-0.62214,-0.49619,-0.61761,-0.64028,-0.62782,-0.71522,-0.80569,-0.85041,-0.93525,-0.94477,-0.92146,-0.9481,-1.01628,-1.03254,-1.07515,-1.16741,-1.09142,-1.00909,-0.96113,-0.92306,-0.94329,-0.95825,-0.94632,-0.94546,-0.94091,-0.95427
Sep2000,-1.1388,-0.87357,-0.54687,-0.54318,-0.53815,-0.80482,-0.96796,-0.97123,-1.06207,-1.05056,-1.09822,-0.84452,-0.82713,-0.50632,-0.57438,-0.74017,-0.75424,-0.72434,-0.68591,-0.64407,-0.62219,-0.6177,-0.63039,-0.71148,-0.58913,-0.69702,-0.71562,-0.70065,-0.78327,-0.86902,-0.91023,-0.99192,-1.0003,-0.98067,-1.00547,-1.07234,-1.08875,-1.13388,-1.22474,-1.1488,-1.06571,-1.01587,-0.97599,-0.99468,-1.00867,-0.99529,-0.99368,-0.98915
Oct2000,0.86851,-0.23541,-0.42619,-0.25001,-0.27534,-0.28182,-0.53361,-0.7177,-0.73676,-0.83315,-0.83332,-0.89065,-0.65081,-0.64774,-0.36182,-0.44005,-0.60563,-0.62191,-0.5965,-0.56531,-0.52687,-0.50766,-0.50724,-0.52254,-0.60503,-0.4903,-0.59924,-0.62023,-0.60708,-0.69116,-0.77873,-0.82344,-0.90634,-0.91605,-0.89855,-0.92507,-0.99228,-1.01077,-1.05434,-1.1467,-1.07257,-0.9922,-0.94525,-0.90846,-0.92835,-0.94309,-0.93058,-0.93012
Nov2000,-0.23705,0.64327,-0.28021,-0.44587,-0.27623,-0.29947,-0.30298,-0.53817,-0.71047,-0.72851,-0.8207,-0.82227,-0.87679,-0.6489,-0.64652,-0.37091,-0.44689,-0.6076,-0.62268,-0.59798,-0.56751,-0.53027,-0.51171,-0.5121,-0.52709,-0.60694,-0.49529,-0.60125,-0.62199,-0.60949,-0.69134,-0.77694,-0.82081,-0.90202,-0.91163,-0.89424,-0.92054,-0.98641,-1.0046,-1.04705,-1.13764,-1.0651,-0.9864,-0.94043,-0.90449,-0.92408,-0.93861,-0.92603
Dec2000,-1.32832,-0.91512,0.17191,-0.50067,-0.57729,-0.39099,-0.40212,-0.40115,-0.61689,-0.77091,-0.78482,-0.8692,-0.86829,-0.9176,-0.70052,-0.69405,-0.42304,-0.49297,-0.64674,-0.66032,-0.63518,-0.60392,-0.56719,-0.54838,-0.54838,-0.5619,-0.63822,-0.52835,-0.62996,-0.64902,-0.63628,-0.71563,-0.79835,-0.8403,-0.91923,-0.92839,-0.91096,-0.93639,-1.00073,-1.01807,-1.0594,-1.14719,-1.0761,-0.99888,-0.9536,-0.91801,-0.93694,-0.95108
Jan2001,-1.11372,-1.32582,-1.04798,-0.10467,-0.63458,-0.66256,-0.47739,-0.48735,-0.48585,-0.68861,-0.83352,-0.84686,-0.92588,-0.92221,-0.97047,-0.76224,-0.75066,-0.4848,-0.55357,-0.70649,-0.71853,-0.69313,-0.6606,-0.62359,-0.60443,-0.60484,-0.61784,-0.695,-0.58792,-0.69093,-0.71207,-0.70002,-0.77963,-0.86273,-0.903,-0.98114,-0.99009,-0.97264,-0.99783,-1.06272,-1.08197,-1.12688,-1.21432,-1.1399,-1.06245,-1.01685,-0.98088,-1.001
Feb2001,-1.12458,-1.18604,-1.33209,-1.14465,-0.35206,-0.75102,-0.74179,-0.54688,-0.54912,-0.54378,-0.73435,-0.86932,-0.8806,-0.95612,-0.95044,-0.99564,-0.79243,-0.7796,-0.51694,-0.58352,-0.73365,-0.74459,-0.71872,-0.68542,-0.64853,-0.62924,-0.62926,-0.64153,-0.71707,-0.61127,-0.71212,-0.73215,-0.71984,-0.79757,-0.87874,-0.91767,-0.99419,-1.00293,-0.98543,-1.01016,-1.07401,-1.09278,-1.13765,-1.22317,-1.14997,-1.073,-1.02754,-0.99157
Mar2001,-1.91783,-1.7631,-1.71332,-1.69607,-1.55722,-1.07003,-1.25472,-1.0941,-0.86563,-0.84804,-0.82886,-0.97929,-1.0749,-1.07641,-1.13616,-1.12242,-1.15471,-0.97222,-0.95129,-0.69654,-0.74634,-0.88071,-0.88688,-0.8581,-0.81997,-0.78241,-0.76183,-0.75944,-0.76752,-0.83542,-0.73256,-0.82484,-0.83953,-0.82585,-0.89637,-0.96985,-1.00272,-1.07294,-1.07985,-1.06217,-1.08385,-1.14349,-1.16018,-1.20309,-1.28113,-1.21122,-1.13708,-1.09247
Apr2001,-0.5945,-1.5298,-1.4921,-1.4886,-1.50428,-1.41342,-1.01944,-1.17267,-1.06225,-0.85598,-0.83862,-0.82011,-0.96026,-1.05207,-1.05501,-1.11265,-1.09935,-1.13173,-0.95743,-0.94027,-0.6958,-0.74467,-0.8752,-0.88105,-0.85361,-0.81736,-0.78121,-0.76136,-0.75812,-0.76569,-0.83108,-0.73214,-0.82029,-0.83464,-0.82178,-0.89015,-0.96162,-0.99396,-1.06247,-1.06928,-1.05231,-1.07359,-1.13201,-1.14861,-1.18931,-1.26559,-1.19781,-1.12576
May2001,-1.2353,-1.00913,-1.49877,-1.47637,-1.47875,-1.49252,-1.42128,-1.10118,-1.23315,-1.12844,-0.93401,-0.91543,-0.89513,-1.01926,-1.09927,-1.10069,-1.15328,-1.1392,-1.16805,-1.00602,-0.98874,-0.75546,-0.79796,-0.92084,-0.92487,-0.89713,-0.86022,-0.82479,-0.80507,-0.80239,-0.80875,-0.87012,-0.77446,-0.85778,-0.86995,-0.85719,-0.92154,-0.98905,-1.01909,-1.08426,-1.09045,-1.07397,-1.094,-1.14982,-1.16551,-1.20468,-1.27691,-1.21177
Jun2001,0.5536,-0.33428,-0.43582,-1.11059,-1.15543,-1.18747,-1.22402,-1.17927,-0.88049,-1.00847,-0.96025,-0.80371,-0.7932,-0.7792,-0.90306,-0.98903,-0.99414,-1.04819,-1.03612,-1.0682,-0.91138,-0.89991,-0.68295,-0.72874,-0.85015,-0.85682,-0.83144,-0.79882,-0.76547,-0.74747,-0.74364,-0.75144,-0.8121,-0.71846,-0.80025,-0.8135,-0.80238,-0.86709,-0.93522,-0.96697,-1.03232,-1.03913,-1.02308,-1.04426,-1.10023,-1.11649,-1.15528,-1.2286
Jul2001,-1.1149,-0.47901,-0.84525,-0.82442,-1.2444,-1.26013,-1.27963,-1.29873,-1.25015,-1.00153,-1.11551,-1.05659,-0.90494,-0.89452,-0.8773,-0.98339,-1.05427,-1.05605,-1.10344,-1.09058,-1.11829,-0.97423,-0.9616,-0.76026,-0.79742,-0.91072,-0.9144,-0.88862,-0.85539,-0.82277,-0.80505,-0.79969,-0.80582,-0.8619,-0.77128,-0.84842,-0.85954,-0.84757,-0.90861,-0.97301,-1.0018,-1.06418,-1.07038,-1.05534,-1.07531,-1.12912,-1.14485,-1.18299
Aug2001,-2.44559,-1.99205,-1.73597,-1.8032,-1.70997,-1.83752,-1.80311,-1.78147,-1.76323,-1.70179,-1.51476,-1.58338,-1.4739,-1.31571,-1.29445,-1.27286,-1.3476,-1.38373,-1.37712,-1.40898,-1.39014,-1.40314,-1.28112,-1.25935,-1.07069,-1.0882,-1.18453,-1.18105,-1.14896,-1.10657,-1.07174,-1.05137,-1.0408,-1.04072,-1.09239,-1.00321,-1.07655,-1.08013,-1.06502,-1.11746,-1.17234,-1.19178,-1.24741,-1.25128,-1.2337,-1.24922,-1.29861,-1.31359
Sep2001,0.15245,-1.71773,-1.69402,-1.43269,-1.55874,-1.51672,-1.69116,-1.66872,-1.65602,-1.65195,-1.59711,-1.41217,-1.48261,-1.3982,-1.24729,-1.228,-1.20725,-1.2849,-1.32576,-1.32036,-1.35368,-1.33625,-1.35095,-1.22653,-1.20691,-1.01781,-1.03764,-1.13441,-1.13325,-1.10282,-1.06281,-1.02868,-1.00898,-1.00245,-1.00363,-1.05635,-0.9696,-1.04462,-1.05017,-1.03558,-1.08875,-1.14371,-1.16388,-1.22001,-1.22412,-1.20614,-1.22264,-1.27335
Oct2001,-1.31765,-0.56162,-1.86368,-1.76049,-1.52528,-1.61864,-1.57434,-1.72193,-1.70066,-1.69121,-1.68649,-1.63926,-1.47815,-1.53825,-1.45863,-1.31292,-1.29425,-1.27188,-1.34249,-1.37685,-1.37039,-1.40055,-1.38301,-1.39497,-1.27567,-1.2557,-1.07407,-1.08952,-1.18081,-1.17808,-1.14673,-1.10617,-1.07224,-1.05248,-1.04642,-1.04632,-1.09689,-1.01258,-1.0861,-1.09086,-1.07597,-1.12632,-1.17881,-1.19689,-1.25101,-1.2548,-1.23732,-1.25298
Nov2001,-1.0312,-1.45484,-0.75834,-1.84252,-1.74824,-1.52817,-1.61022,-1.56736,-1.70292,-1.68545,-1.6769,-1.67191,-1.62722,-1.47425,-1.53276,-1.46203,-1.32248,-1.30412,-1.28119,-1.34766,-1.38038,-1.37382,-1.40286,-1.38575,-1.39723,-1.28215,-1.26258,-1.08774,-1.10229,-1.19059,-1.18763,-1.15696,-1.11702,-1.08383,-1.06447,-1.05812,-1.05792,-1.1071,-1.02459,-1.0964,-1.10069,-1.08598,-1.13486,-1.18589,-1.20334,-1.2562,-1.2598,-1.24241
Dec2001,-2.30977,-2.04544,-2.10172,-1.45368,-2.07197,-1.93253,-1.72446,-1.78013,-1.72371,-1.81901,-1.79437,-1.78085,-1.76893,-1.7229,-1.58469,-1.63664,-1.56446,-1.42397,-1.40395,-1.37951,-1.43836,-1.46252,-1.45365,-1.47909,-1.45999,-1.46818,-1.35975,-1.33933,-1.17253,-1.18242,-1.26519,-1.26035,-1.22821,-1.18645,-1.15319,-1.13351,-1.12601,-1.12426,-1.17127,-1.09058,-1.16061,-1.16292,-1.14755,-1.19294,-1.24045,-1.25532,-1.30522,-1.30822
Jan2002,-1.54842,-2.18824,-1.98967,-2.13176,-1.56294,-2.06283,-1.93584,-1.75614,-1.82051,-1.76819,-1.85986,-1.83703,-1.82061,-1.80427,-1.76167,-1.63928,-1.68082,-1.62484,-1.48711,-1.46937,-1.44302,-1.50053,-1.52021,-1.50803,-1.53188,-1.5105,-1.51792,-1.41746,-1.40541,-1.24937,-1.2643,-1.351,-1.34403,-1.31014,-1.26383,-1.22783,-1.20758,-1.20009,-1.19743,-1.24483,-1.16565,-1.24038,-1.24044,-1.22234,-1.26925,-1.31801,-1.33343,-1.38562
Feb2002,-1.03974,-1.34073,-1.98496,-1.83992,-1.99896,-1.56832,-2.06128,-1.9346,-1.76304,-1.82446,-1.77834,-1.86882,-1.84603,-1.82889,-1.81248,-1.76853,-1.64722,-1.68969,-1.63788,-1.49922,-1.48005,-1.45306,-1.50821,-1.52642,-1.51417,-1.53725,-1.51567,-1.52278,-1.42326,-1.4117,-1.2587,-1.27284,-1.35735,-1.34983,-1.31606,-1.26999,-1.23425,-1.2143,-1.2067,-1.20418,-1.25098,-1.17277,-1.24716,-1.24651,-1.22902,-1.2751,-1.32302,-1.33805
Mar2002,-0.56942,-0.77506,-1.00947,-1.51941,-1.49643,-1.64138,-1.35516,-1.89523,-1.80973,-1.65343,-1.70793,-1.6676,-1.76565,-1.75522,-1.74451,-1.73036,-1.69024,-1.57549,-1.62287,-1.58413,-1.45663,-1.43894,-1.41159,-1.46279,-1.48208,-1.47206,-1.49571,-1.47588,-1.48352,-1.38628,-1.3776,-1.22953,-1.24386,-1.32521,-1.31799,-1.28596,-1.243,-1.20908,-1.19002,-1.18273,-1.18104,-1.22634,-1.15111,-1.22114,-1.22011,-1.20394,-1.24922,-1.29645
Apr2002,0.16184,-0.2466,-0.4841,-0.72408,-1.21622,-1.24608,-1.39416,-1.14456,-1.7221,-1.67542,-1.53135,-1.5863,-1.55371,-1.66352,-1.65995,-1.65415,-1.64501,-1.61044,-1.49545,-1.54864,-1.51853,-1.3991,-1.3842,-1.35642,-1.40749,-1.42983,-1.42108,-1.44543,-1.42744,-1.43654,-1.33943,-1.33135,-1.18546,-1.19992,-1.28051,-1.27423,-1.24449,-1.20438,-1.17203,-1.15385,-1.14727,-1.14639,-1.19123,-1.11811,-1.18507,-1.18497,-1.16975,-1.2147
May2002,-0.76751,-0.39198,-0.4735,-0.61482,-0.78062,-1.16706,-1.19757,-1.33313,-1.12896,-1.65139,-1.62279,-1.49325,-1.54486,-1.51765,-1.62486,-1.62447,-1.62159,-1.61463,-1.5835,-1.476,-1.52724,-1.50394,-1.39097,-1.37573,-1.34841,-1.39791,-1.41965,-1.41172,-1.4351,-1.41758,-1.42661,-1.33232,-1.32447,-1.18369,-1.19743,-1.27464,-1.26802,-1.23954,-1.20126,-1.17019,-1.15264,-1.14632,-1.14558,-1.18872,-1.11824,-1.18254,-1.18197,-1.16739
Jun2002,-1.79324,-1.58995,-1.1934,-1.0442,-1.0869,-1.17365,-1.41764,-1.41775,-1.51233,-1.35302,-1.75626,-1.70986,-1.60014,-1.64082,-1.61187,-1.7005,-1.69663,-1.69366,-1.68488,-1.65337,-1.55466,-1.60278,-1.581,-1.47208,-1.45759,-1.42956,-1.4718,-1.48705,-1.47777,-1.49833,-1.48007,-1.48691,-1.39771,-1.38687,-1.25481,-1.26642,-1.33865,-1.33011,-1.30115,-1.26188,-1.23065,-1.2129,-1.20566,-1.20394,-1.24568,-1.17724,-1.24142,-1.23983
Jul2002,-2.33398,-2.56795,-2.28124,-1.96279,-1.70715,-1.66017,-1.67633,-1.80724,-1.76619,-1.82762,-1.72815,-1.968,-1.91041,-1.81451,-1.83956,-1.80177,-1.85859,-1.84945,-1.84152,-1.82891,-1.79673,-1.71356,-1.74908,-1.73081,-1.62811,-1.61259,-1.58356,-1.61618,-1.62307,-1.61189,-1.62828,-1.60874,-1.61131,-1.53198,-1.52134,-1.40544,-1.41394,-1.47919,-1.46677,-1.43438,-1.3906,-1.35841,-1.34008,-1.3317,-1.32762,-1.36652,-1.30152,-1.36546
Aug2002,-1.42441,-2.04496,-2.4113,-2.28296,-2.0558,-1.83786,-1.79645,-1.80174,-1.90107,-1.86798,-1.92385,-1.81406,-2.03278,-1.99281,-1.91076,-1.94102,-1.90404,-1.94612,-1.93556,-1.92357,-1.91161,-1.87554,-1.80691,-1.83324,-1.82534,-1.72836,-1.70939,-1.67973,-1.70714,-1.71062,-1.69958,-1.71467,-1.69599,-1.69565,-1.61907,-1.61114,-1.50328,-1.50931,-1.57484,-1.55793,-1.52137,-1.47435,-1.44035,-1.4216,-1.41218,-1.40653,-1.44255,-1.37916
Sep2002,-0.51045,-1.30634,-1.9482,-2.20562,-2.19595,-2.02602,-1.82991,-1.78912,-1.79557,-1.90576,-1.87531,-1.95117,-1.81974,-2.06326,-2.01764,-1.92627,-1.95468,-1.91907,-1.96376,-1.95186,-1.93906,-1.92993,-1.89215,-1.81844,-1.84047,-1.83774,-1.73658,-1.71707,-1.68971,-1.71801,-1.72188,-1.71021,-1.72558,-1.70471,-1.70455,-1.62894,-1.62165,-1.51769,-1.52521,-1.59079,-1.57316,-1.53478,-1.48638,-1.45192,-1.43294,-1.42372,-1.41827,-1.45511
Oct2002,-0.01696,-0.38551,-1.143,-1.74295,-1.96328,-1.95844,-1.81831,-1.67999,-1.65531,-1.67313,-1.7874,-1.77276,-1.86061,-1.73225,-1.99557,-1.96429,-1.87789,-1.90707,-1.87125,-1.91899,-1.90987,-1.8978,-1.88568,-1.84967,-1.77444,-1.79971,-1.80178,-1.70424,-1.68313,-1.65503,-1.68355,-1.69,-1.6792,-1.69567,-1.67456,-1.67532,-1.59832,-1.593,-1.48783,-1.49648,-1.56146,-1.54398,-1.50731,-1.46051,-1.42722,-1.40905,-1.40013,-1.39553
Nov2002,-1.05038,-0.46698,-0.60215,-1.203,-1.73383,-1.92893,-1.92266,-1.7933,-1.66504,-1.64401,-1.66093,-1.76765,-1.75393,-1.8343,-1.71659,-1.97519,-1.94704,-1.86387,-1.89055,-1.85492,-1.90203,-1.89312,-1.88193,-1.86916,-1.83505,-1.7627,-1.78701,-1.79145,-1.69759,-1.67694,-1.65024,-1.67837,-1.68467,-1.67455,-1.69078,-1.67028,-1.67123,-1.59618,-1.59149,-1.48899,-1.49721,-1.5607,-1.54319,-1.50731,-1.46158,-1.42902,-1.41114,-1.4022
Dec2002,-1.39554,-1.31302,-0.81526,-0.82167,-1.27857,-1.75406,-1.93386,-1.91789,-1.79035,-1.66608,-1.64534,-1.66057,-1.76014,-1.74692,-1.82243,-1.71438,-1.96846,-1.94146,-1.86062,-1.88535,-1.85067,-1.89478,-1.88559,-1.87522,-1.86186,-1.82907,-1.75961,-1.78498,-1.79221,-1.69996,-1.67934,-1.6529,-1.67978,-1.68541,-1.67546,-1.69122,-1.67081,-1.67147,-1.59805,-1.59346,-1.49294,-1.50003,-1.56131,-1.5441,-1.5089,-1.4645,-1.43228,-1.41488
Jan2003,-1.45364,-1.50534,-1.43329,-1.05516,-0.98958,-1.34129,-1.76584,-1.94244,-1.94294,-1.8248,-1.70899,-1.68985,-1.70116,-1.79151,-1.78038,-1.86427,-1.75121,-2.01666,-1.99065,-1.91386,-1.93535,-1.90193,-1.94062,-1.92666,-1.91568,-1.89826,-1.86606,-1.80503,-1.84203,-1.8673,-1.78411,-1.76863,-1.73915,-1.76494,-1.76457,-1.75052,-1.76584,-1.74579,-1.74499,-1.67189,-1.67148,-1.57637,-1.5807,-1.63945,-1.62371,-1.58897,-1.54443,-1.5133
Feb2003,-0.10717,-0.81568,-1.13768,-1.18835,-0.91751,-0.88608,-1.27977,-1.70522,-1.88506,-1.88698,-1.77872,-1.6699,-1.65354,-1.66637,-1.75985,-1.74905,-1.8321,-1.7211,-1.99592,-1.96981,-1.88982,-1.91078,-1.87636,-1.91599,-1.90292,-1.89225,-1.87551,-1.84417,-1.78159,-1.81928,-1.84448,-1.76212,-1.74575,-1.71641,-1.74246,-1.74295,-1.72922,-1.74482,-1.72561,-1.72581,-1.65334,-1.65286,-1.55855,-1.56253,-1.62214,-1.60701,-1.57281,-1.52918
Mar2003,-1.62549,-1.28337,-1.36963,-1.42899,-1.42276,-1.24583,-1.19184,-1.43356,-1.76477,-1.91283,-1.90777,-1.80715,-1.70904,-1.69651,-1.70714,-1.78509,-1.77117,-1.8479,-1.75308,-2.01298,-1.98677,-1.91151,-1.92519,-1.88695,-1.92086,-1.90895,-1.89961,-1.88283,-1.85216,-1.79184,-1.82985,-1.85296,-1.77466,-1.75819,-1.72878,-1.75133,-1.75068,-1.73693,-1.75083,-1.73196,-1.73195,-1.66413,-1.6631,-1.57401,-1.57571,-1.63219,-1.61838,-1.58618
Apr2003,-1.38532,-1.56697,-1.36099,-1.42027,-1.45756,-1.45379,-1.32079,-1.27912,-1.47951,-1.76906,-1.90378,-1.89771,-1.80516,-1.71761,-1.70716,-1.71731,-1.78969,-1.77692,-1.84814,-1.76432,-2.01877,-1.99274,-1.92216,-1.92927,-1.88898,-1.92049,-1.90795,-1.89886,-1.88324,-1.85377,-1.79391,-1.82867,-1.85192,-1.77316,-1.75767,-1.7285,-1.75063,-1.74996,-1.73677,-1.75006,-1.73122,-1.73106,-1.66592,-1.66501,-1.57814,-1.58002,-1.63452,-1.62074
May2003,-1.51519,-1.53134,-1.60351,-1.44863,-1.48906,-1.51148,-1.50581,-1.39781,-1.37389,-1.53159,-1.78036,-1.89998,-1.89518,-1.81313,-1.73463,-1.72588,-1.73583,-1.80165,-1.78936,-1.85832,-1.78039,-2.0252,-2.00019,-1.93052,-1.9343,-1.89658,-1.92522,-1.91335,-1.90395,-1.8861,-1.85769,-1.79959,-1.83176,-1.85296,-1.77816,-1.76228,-1.73313,-1.75367,-1.75265,-1.73999,-1.75223,-1.73341,-1.7331,-1.67133,-1.67024,-1.58759,-1.58879,-1.64097
Jun2003,0.49621,-0.57431,-0.93783,-1.23888,-1.14289,-1.2117,-1.25573,-1.27473,-1.1799,-1.15287,-1.35168,-1.61881,-1.74687,-1.74432,-1.6707,-1.60729,-1.60287,-1.61857,-1.69038,-1.68321,-1.74596,-1.67383,-1.91778,-1.90592,-1.84156,-1.84886,-1.81457,-1.84756,-1.83851,-1.83111,-1.81873,-1.7931,-1.73428,-1.76518,-1.78619,-1.71786,-1.70204,-1.67386,-1.6967,-1.69918,-1.68763,-1.70095,-1.68371,-1.68546,-1.62386,-1.62419,-1.53972,-1.54273
Jul2003,0.87656,0.85041,0.14189,-0.26766,-0.69921,-0.65574,-0.76836,-0.84818,-0.90447,-0.84254,-0.83805,-1.09339,-1.39395,-1.52594,-1.52848,-1.46204,-1.41388,-1.41557,-1.4358,-1.51402,-1.51469,-1.5729,-1.50136,-1.74847,-1.75479,-1.69318,-1.70715,-1.67992,-1.72383,-1.71943,-1.71568,-1.7086,-1.68675,-1.62798,-1.66295,-1.68541,-1.62292,-1.60968,-1.58351,-1.60813,-1.61358,-1.60355,-1.61877,-1.60369,-1.60791,-1.54458,-1.54537,-1.45767
Aug2003,1.81459,1.76543,1.62473,1.30502,0.99611,0.54774,0.51006,0.35918,0.22546,0.0935,0.06329,-0.04975,-0.42706,-0.82423,-0.98463,-1.00971,-0.96121,-0.94558,-0.96386,-0.99853,-1.09826,-1.11424,-1.17955,-1.11415,-1.39616,-1.42916,-1.36798,-1.39405,-1.37658,-1.44368,-1.44747,-1.45023,-1.45048,-1.43448,-1.36775,-1.41235,-1.42811,-1.36715,-1.36064,-1.33875,-1.37192,-1.38926,-1.38277,-1.40276,-1.39256,-1.40245,-1.33092,-1.33288
Sep2003,0.48833,1.56032,1.5393,1.4798,1.20788,0.96934,0.60478,0.57041,0.44325,0.33665,0.22262,0.19274,0.0707,-0.29749,-0.70127,-0.86805,-0.8958,-0.85074,-0.84049,-0.86138,-0.8979,-0.99949,-1.01833,-1.08599,-1.02492,-1.31147,-1.34848,-1.28746,-1.31782,-1.30311,-1.37621,-1.38142,-1.38561,-1.38824,-1.37413,-1.30713,-1.35444,-1.37139,-1.3126,-1.30703,-1.28636,-1.32057,-1.33972,-1.33396,-1.35472,-1.34504,-1.35653,-1.28469
Oct2003,1.15682,0.9448,1.59038,1.59152,1.5348,1.29088,1.08011,0.76328,0.72832,0.61441,0.52517,0.41905,0.38262,0.25023,-0.11096,-0.51622,-0.68663,-0.71787,-0.67861,-0.67765,-0.70229,-0.74202,-0.84888,-0.87232,-0.94188,-0.88794,-1.17957,-1.22298,-1.16271,-1.19582,-1.18474,-1.26453,-1.27216,-1.27857,-1.28376,-1.27224,-1.20393,-1.25409,-1.2675,-1.21152,-1.20755,-1.18949,-1.22696,-1.24995,-1.24616,-1.26821,-1.25943,-1.27281
Nov2003,-1.00458,0.71558,0.71496,1.44596,1.45458,1.41195,1.16567,0.95725,0.64684,0.61707,0.50846,0.42308,0.32356,0.29506,0.17603,-0.16643,-0.55564,-0.71905,-0.74758,-0.70853,-0.70589,-0.72914,-0.76713,-0.87067,-0.89284,-0.95937,-0.90657,-1.18909,-1.23087,-1.17231,-1.20412,-1.1932,-1.27036,-1.2778,-1.28403,-1.28877,-1.27757,-1.21088,-1.25986,-1.27297,-1.218,-1.21405,-1.19603,-1.23242,-1.25474,-1.25094,-1.27241,-1.26356
Dec2003,-1.03215,-1.0722,0.36341,0.53954,1.32231,1.34173,1.30896,1.06449,0.8587,0.55561,0.52919,0.42528,0.34343,0.2497,0.22797,0.1204,-0.20447,-0.57954,-0.73688,-0.764,-0.72561,-0.72219,-0.74444,-0.7809,-0.88098,-0.90213,-0.96638,-0.91534,-1.19107,-1.23148,-1.17413,-1.20499,-1.19397,-1.26919,-1.27644,-1.28255,-1.28692,-1.27598,-1.21072,-1.25853,-1.27084,-1.21659,-1.21254,-1.1949,-1.23045,-1.25256,-1.24866,-1.26979
Jan2004,-0.65803,-0.94484,-1.02792,0.18081,0.41507,1.2316,1.25694,1.23087,0.98837,0.78605,0.48808,0.46307,0.36117,0.28018,0.18819,0.17197,0.06896,-0.24876,-0.62151,-0.77896,-0.80482,-0.7669,-0.76262,-0.78399,-0.81971,-0.91837,-0.93935,-1.00594,-0.9606,-1.24331,-1.29033,-1.23548,-1.26552,-1.25369,-1.32682,-1.33177,-1.33776,-1.3427,-1.33109,-1.26553,-1.31665,-1.33338,-1.27607,-1.26963,-1.2532,-1.29047,-1.314,-1.31159
Feb2004,-1.11986,-0.98705,-1.07057,-1.12856,-0.1032,0.23424,1.09996,1.13319,1.11874,0.8845,0.69321,0.40851,0.38688,0.28983,0.2131,0.12618,0.11499,0.02084,-0.285,-0.64996,-0.80452,-0.82903,-0.79083,-0.78524,-0.80563,-0.84018,-0.93653,-0.9567,-1.02193,-0.9772,-1.2557,-1.30132,-1.24642,-1.27526,-1.26313,-1.33446,-1.33898,-1.34485,-1.34948,-1.33817,-1.27367,-1.32393,-1.3413,-1.28396,-1.27801,-1.26141,-1.29788,-1.32083
Mar2004,-0.8851,-1.00291,-0.97514,-1.01889,-1.07974,-0.3558,0.0198,0.91635,0.96603,0.96605,0.74068,0.56049,0.29694,0.28243,0.19372,0.12208,0.04181,0.03749,-0.04301,-0.32627,-0.67112,-0.81716,-0.84015,-0.80362,-0.79771,-0.81674,-0.84939,-0.94031,-0.95934,-1.02056,-0.9786,-1.24327,-1.28697,-1.23469,-1.26178,-1.25,-1.3186,-1.32301,-1.32849,-1.33284,-1.32256,-1.26105,-1.30898,-1.3243,-1.26873,-1.26348,-1.24834,-1.28409
Apr2004,-0.8149,-0.87722,-0.97286,-0.96531,-0.99588,-1.0579,-0.4876,-0.12889,0.76499,0.82859,0.83983,0.62716,0.45952,0.21629,0.2058,0.124,0.05798,-0.01574,-0.01728,-0.08832,-0.35509,-0.68614,-0.82699,-0.84879,-0.81351,-0.8077,-0.82591,-0.85727,-0.94417,-0.96222,-1.02076,-0.98038,-1.2356,-1.27688,-1.22684,-1.25288,-1.24188,-1.30885,-1.3134,-1.31878,-1.3231,-1.31326,-1.2538,-1.30064,-1.3144,-1.26074,-1.25578,-1.24106
May2004,-0.53598,-0.72841,-0.81196,-0.9053,-0.90788,-0.93845,-0.99465,-0.5264,-0.21792,0.63944,0.71506,0.73535,0.53466,0.37864,0.15251,0.14523,0.06931,0.00857,-0.06005,-0.05861,-0.12448,-0.37658,-0.69341,-0.82877,-0.84969,-0.81573,-0.80996,-0.82758,-0.85783,-0.94247,-0.96013,-1.0159,-0.97717,-1.22176,-1.26178,-1.21377,-1.23845,-1.22818,-1.29337,-1.29806,-1.30336,-1.30765,-1.29858,-1.24119,-1.28642,-1.29904,-1.24719,-1.24269
Jun2004,0.21046,-0.1728,-0.40356,-0.57445,-0.70756,-0.73768,-0.77381,-0.84545,-0.42785,-0.15476,0.60595,0.67779,0.70325,0.5146,0.36779,0.15478,0.14729,0.07691,0.02251,-0.04271,-0.04318,-0.10654,-0.35111,-0.65679,-0.78851,-0.81051,-0.77824,-0.77463,-0.79238,-0.82263,-0.90396,-0.92237,-0.97691,-0.93833,-1.17811,-1.21985,-1.17306,-1.19814,-1.18937,-1.25559,-1.26082,-1.26664,-1.27137,-1.26355,-1.20695,-1.25255,-1.26489,-1.21448
Jul2004,0.74713,0.61619,0.33452,0.09236,-0.12493,-0.27359,-0.33351,-0.40167,-0.50165,-0.1591,0.03155,0.67417,0.73802,0.75762,0.58179,0.44205,0.24058,0.23171,0.16389,0.11457,0.05114,0.04652,-0.02232,-0.2565,-0.55103,-0.68265,-0.70589,-0.67792,-0.67889,-0.69803,-0.72932,-0.80906,-0.82957,-0.88385,-0.84869,-1.08602,-1.13123,-1.08653,-1.11339,-1.1064,-1.17516,-1.1817,-1.18873,-1.19546,-1.18944,-1.13258,-1.17893,-1.18958
Aug2004,-0.1718,0.16588,0.24385,0.10386,-0.03776,-0.19177,-0.29633,-0.34039,-0.40213,-0.48687,-0.20121,-0.05762,0.54407,0.61995,0.64625,0.49456,0.37127,0.18835,0.18108,0.11841,0.07719,0.01785,0.01892,-0.04765,-0.26129,-0.53865,-0.66678,-0.68991,-0.66352,-0.66405,-0.68229,-0.71268,-0.78712,-0.80775,-0.86362,-0.82956,-1.06469,-1.10966,-1.06623,-1.09327,-1.08614,-1.15562,-1.1622,-1.16974,-1.1758,-1.17001,-1.1119,-1.15945
Sep2004,-0.98836,-0.67676,-0.26697,-0.17588,-0.24933,-0.33877,-0.43242,-0.50815,-0.53299,-0.56853,-0.62932,-0.36311,-0.22342,0.35018,0.43417,0.46693,0.32929,0.21996,0.05566,0.0515,-0.00476,-0.0388,-0.09139,-0.08773,-0.14731,-0.34051,-0.6043,-0.72528,-0.74613,-0.71872,-0.7173,-0.73415,-0.7629,-0.83906,-0.85824,-0.91282,-0.88009,-1.11355,-1.15801,-1.1143,-1.13945,-1.13004,-1.19643,-1.20188,-1.20872,-1.2137,-1.20751,-1.15015
Oct2004,-1.37133,-1.51036,-0.98846,-0.58402,-0.48255,-0.52824,-0.58879,-0.64627,-0.70038,-0.71294,-0.73731,-0.78051,-0.5292,-0.38399,0.17663,0.27034,0.31094,0.18386,0.08372,-0.06736,-0.0681,-0.11946,-0.15198,-0.19928,-0.1923,-0.24318,-0.42341,-0.67283,-0.78734,-0.8063,-0.77797,-0.7743,-0.78959,-0.81656,-0.89094,-0.90811,-0.96047,-0.92818,-1.1555,-1.19817,-1.15493,-1.17788,-1.1677,-1.23062,-1.23539,-1.24181,-1.24666,-1.24021
Nov2004,-1.21307,-1.55987,-1.6412,-1.08556,-0.68926,-0.58683,-0.62209,-0.67165,-0.71568,-0.7621,-0.77183,-0.79353,-0.83091,-0.59248,-0.44901,0.10288,0.19962,0.24225,0.11895,0.02226,-0.12266,-0.12246,-0.17174,-0.20386,-0.24887,-0.24014,-0.28768,-0.46138,-0.70322,-0.8142,-0.83172,-0.80334,-0.7988,-0.81325,-0.83924,-0.91123,-0.9277,-0.97851,-0.94657,-1.16855,-1.20976,-1.16738,-1.18929,-1.17893,-1.24006,-1.24454,-1.25066,-1.2551
Dec2004,-1.55335,-1.4835,-1.69687,-1.81477,-1.20425,-0.81406,-0.70718,-0.73336,-0.77159,-0.80223,-0.84109,-0.84722,-0.86415,-0.89606,-0.66913,-0.52623,0.01769,0.11782,0.16281,0.04376,-0.04861,-0.18746,-0.1862,-0.23289,-0.26389,-0.3061,-0.29545,-0.33891,-0.50559,-0.73976,-0.84708,-0.86332,-0.8345,-0.82878,-0.84233,-0.86729,-0.9369,-0.95249,-1.00192,-0.97017,-1.18658,-1.22586,-1.18412,-1.20489,-1.19426,-1.25344,-1.25734,-1.26325
Jan2005,-1.13695,-1.48649,-1.46621,-1.71294,-1.79117,-1.24052,-0.87495,-0.77763,-0.80464,-0.8381,-0.86506,-0.90234,-0.90609,-0.91951,-0.95098,-0.73297,-0.5886,-0.04902,0.05244,0.09822,-0.01993,-0.11108,-0.24845,-0.24714,-0.29293,-0.32455,-0.36596,-0.35602,-0.39943,-0.56638,-0.8046,-0.91484,-0.93012,-0.90001,-0.89195,-0.90416,-0.92905,-0.99935,-1.01457,-1.06444,-1.03401,-1.25698,-1.29483,-1.24996,-1.27229,-1.26223,-1.32313,-1.32855
Feb2005,-0.59402,-0.88701,-1.26715,-1.32093,-1.56705,-1.6868,-1.22779,-0.87306,-0.77742,-0.80227,-0.83419,-0.85996,-0.89689,-0.90078,-0.91323,-0.94388,-0.73018,-0.58922,-0.05922,0.03954,0.08355,-0.03241,-0.12217,-0.25702,-0.25559,-0.30058,-0.33152,-0.37227,-0.36276,-0.40535,-0.56972,-0.80481,-0.91346,-0.92834,-0.89862,-0.8907,-0.90273,-0.92743,-0.99666,-1.01201,-1.06136,-1.03125,-1.25209,-1.28912,-1.24535,-1.26748,-1.2575,-1.31804
Mar2005,-1.65007,-1.41298,-1.413,-1.5051,-1.50783,-1.66311,-1.7909,-1.39779,-1.05731,-0.96275,-0.974,-0.99227,-1.00094,-1.0281,-1.02747,-1.03233,-1.05484,-0.85996,-0.72331,-0.21339,-0.1097,-0.06195,-0.17114,-0.25442,-0.37732,-0.37318,-0.41351,-0.4414,-0.47749,-0.46599,-0.50196,-0.65537,-0.87517,-0.97665,-0.98879,-0.95873,-0.94877,-0.95904,-0.9815,-1.04605,-1.05963,-1.10611,-1.07688,-1.28618,-1.31925,-1.27746,-1.29803,-1.28806
Apr2005,-1.72948,-1.72161,-1.57115,-1.56223,-1.60951,-1.60054,-1.71698,-1.8387,-1.51111,-1.18718,-1.09471,-1.09836,-1.10806,-1.10626,-1.12749,-1.1235,-1.12293,-1.14035,-0.9589,-0.82762,-0.33492,-0.22849,-0.17805,-0.2817,-0.3593,-0.47295,-0.46724,-0.50421,-0.52902,-0.56102,-0.54803,-0.5804,-0.72452,-0.93277,-1.02899,-1.03909,-1.00883,-0.99725,-1.00622,-1.02709,-1.08862,-1.10067,-1.14536,-1.11702,-1.31832,-1.34947,-1.30872,-1.32755
May2005,-1.25362,-1.59454,-1.6499,-1.54148,-1.54082,-1.58152,-1.58209,-1.68041,-1.78231,-1.52281,-1.23216,-1.14782,-1.14869,-1.15553,-1.15077,-1.1692,-1.165,-1.16267,-1.17761,-1.00902,-0.8847,-0.41355,-0.30661,-0.25664,-0.35475,-0.42659,-0.53257,-0.52585,-0.56042,-0.58483,-0.61441,-0.60073,-0.63025,-0.76715,-0.9649,-1.0564,-1.06488,-1.03512,-1.02311,-1.0312,-1.05086,-1.10955,-1.12073,-1.16339,-1.13599,-1.32888,-1.35797,-1.31892
Jun2005,-0.4053,-0.9998,-1.38511,-1.52544,-1.44489,-1.44987,-1.49334,-1.49907,-1.59395,-1.68703,-1.4618,-1.20269,-1.12932,-1.13072,-1.13801,-1.13566,-1.15328,-1.15029,-1.14683,-1.16156,-1.00171,-0.88565,-0.44126,-0.3368,-0.28751,-0.38122,-0.44889,-0.55006,-0.54302,-0.57617,-0.59722,-0.62553,-0.61159,-0.63826,-0.76991,-0.96163,-1.051,-1.05923,-1.03044,-1.01887,-1.02671,-1.04596,-1.10325,-1.1146,-1.15678,-1.13002,-1.32078,-1.35016
Jul2005,0.2055,-0.07271,-0.53709,-0.94435,-1.2013,-1.16147,-1.19203,-1.25035,-1.27627,-1.38312,-1.45683,-1.29372,-1.07594,-1.01334,-1.01707,-1.02752,-1.03178,-1.05089,-1.05101,-1.05033,-1.0683,-0.91621,-0.81078,-0.39598,-0.29749,-0.25446,-0.3429,-0.40811,-0.50601,-0.49982,-0.53245,-0.55158,-0.58001,-0.56648,-0.59331,-0.72081,-0.91007,-0.99912,-1.00814,-0.98063,-0.97061,-0.97899,-0.9986,-1.0567,-1.06898,-1.11064,-1.08472,-1.27271
Aug2005,0.08277,0.10792,0.00118,-0.30223,-0.643,-0.92246,-0.91375,-0.95687,-1.04048,-1.08798,-1.20329,-1.26741,-1.16013,-0.97435,-0.91556,-0.92508,-0.93944,-0.94982,-0.97201,-0.97424,-0.9745,-0.99454,-0.84849,-0.75254,-0.35482,-0.25913,-0.22063,-0.3061,-0.37004,-0.46471,-0.45855,-0.49036,-0.50507,-0.53387,-0.524,-0.55048,-0.67499,-0.86278,-0.95309,-0.9632,-0.93647,-0.92782,-0.9368,-0.95705,-1.01392,-1.02692,-1.06869,-1.04382
Sep2005,1.08292,0.62151,0.56752,0.4182,0.17553,-0.14617,-0.46571,-0.4865,-0.54687,-0.64339,-0.71459,-0.86234,-0.95521,-0.89841,-0.73612,-0.68729,-0.70287,-0.7246,-0.74679,-0.7748,-0.78111,-0.78326,-0.80938,-0.66449,-0.57967,-0.19092,-0.10685,-0.07275,-0.1577,-0.22372,-0.32199,-0.31849,-0.35174,-0.37041,-0.40202,-0.395,-0.42688,-0.5534,-0.7456,-0.83864,-0.85179,-0.82732,-0.82239,-0.83317,-0.85471,-0.91121,-0.92639,-0.97054
Oct2005,-0.09119,0.76442,0.47406,0.4296,0.30428,0.09388,-0.18552,-0.46598,-0.48463,-0.53743,-0.62478,-0.68867,-0.82447,-0.91286,-0.86633,-0.71506,-0.66845,-0.6829,-0.70371,-0.72567,-0.75295,-0.75914,-0.76417,-0.78973,-0.64993,-0.56843,-0.19067,-0.10715,-0.07416,-0.15734,-0.22172,-0.31713,-0.3138,-0.34599,-0.36525,-0.396,-0.39,-0.42099,-0.54551,-0.73393,-0.82539,-0.83874,-0.81532,-0.81101,-0.82191,-0.84325,-0.89937,-0.91451
Nov2005,-1.70263,-0.79957,0.39027,0.21543,0.21246,0.10774,-0.08542,-0.34049,-0.5884,-0.59891,-0.64435,-0.72333,-0.77787,-0.90159,-0.97998,-0.9301,-0.78096,-0.73441,-0.74582,-0.76343,-0.78118,-0.80611,-0.81106,-0.81587,-0.83908,-0.70332,-0.62225,-0.2516,-0.16722,-0.13366,-0.21377,-0.27535,-0.36723,-0.36304,-0.39396,-0.41251,-0.44188,-0.43509,-0.4639,-0.58521,-0.76868,-0.85756,-0.86982,-0.84601,-0.84075,-0.85086,-0.87142,-0.92597
Dec2005,-2.03765,-2.00888,-1.4499,-0.14087,-0.135,-0.07574,-0.15072,-0.32443,-0.55105,-0.76121,-0.76238,-0.79829,-0.86501,-0.90901,-1.01852,-1.08478,-1.02809,-0.8785,-0.83103,-0.83939,-0.85294,-0.86495,-0.88674,-0.88966,-0.8928,-0.91265,-0.78138,-0.70011,-0.33637,-0.25028,-0.21548,-0.29237,-0.35055,-0.4379,-0.43269,-0.46203,-0.47988,-0.50745,-0.49991,-0.52609,-0.64391,-0.82135,-0.90704,-0.91759,-0.89311,-0.88635,-0.89544,-0.91504
Jan2006,0.26498,-1.48712,-1.60914,-1.25462,-0.10634,-0.12273,-0.07413,-0.15138,-0.32149,-0.54202,-0.75143,-0.75618,-0.79189,-0.85681,-0.90348,-1.0151,-1.07768,-1.03302,-0.88886,-0.84426,-0.85224,-0.8669,-0.8793,-0.90065,-0.90378,-0.90725,-0.92774,-0.80072,-0.72419,-0.35948,-0.27358,-0.23852,-0.31704,-0.37645,-0.46547,-0.46009,-0.49,-0.50826,-0.53663,-0.5291,-0.55637,-0.67689,-0.85746,-0.94365,-0.95577,-0.93179,-0.9259,-0.93631
Feb2006,-0.13699,0.07064,-1.13018,-1.34533,-1.09461,-0.08894,-0.11105,-0.06447,-0.13699,-0.30083,-0.51377,-0.72022,-0.72651,-0.76284,-0.82694,-0.87386,-0.98523,-1.05014,-1.01012,-0.86941,-0.82622,-0.8344,-0.8493,-0.86243,-0.88404,-0.88745,-0.89112,-0.91201,-0.78657,-0.71169,-0.35158,-0.26719,-0.2331,-0.31083,-0.3697,-0.45799,-0.45286,-0.48262,-0.50035,-0.52869,-0.52133,-0.54844,-0.6677,-0.84645,-0.93222,-0.94436,-0.9208,-0.91529
Mar2006,-1.30512,-1.00322,-0.79621,-1.24956,-1.37305,-1.21801,-0.40748,-0.32825,-0.25376,-0.3078,-0.44828,-0.63326,-0.80909,-0.81089,-0.84149,-0.89591,-0.93614,-1.0356,-1.09465,-1.05586,-0.92057,-0.87813,-0.88433,-0.89648,-0.90619,-0.92543,-0.92786,-0.92996,-0.94852,-0.82904,-0.75683,-0.41174,-0.32848,-0.2948,-0.36848,-0.42401,-0.50706,-0.50149,-0.5295,-0.54604,-0.57252,-0.56465,-0.58992,-0.70357,-0.87356,-0.95507,-0.9662,-0.94317
Apr2006,-0.67621,-1.08364,-0.926,-0.79354,-1.14403,-1.27027,-1.15557,-0.47386,-0.37827,-0.30168,-0.34724,-0.47547,-0.64574,-0.8087,-0.81059,-0.83939,-0.88983,-0.92875,-1.02362,-1.0833,-1.04774,-0.91807,-0.87748,-0.88321,-0.89509,-0.9049,-0.92356,-0.92597,-0.92726,-0.94508,-0.82874,-0.7594,-0.42363,-0.34332,-0.31048,-0.38187,-0.43527,-0.51565,-0.5101,-0.53723,-0.55345,-0.57908,-0.57152,-0.59629,-0.70659,-0.8717,-0.95114,-0.96197
May2006,-0.20012,-0.47328,-0.86584,-0.78082,-0.6884,-0.99605,-1.12472,-1.04005,-0.46276,-0.37733,-0.30603,-0.34935,-0.46777,-0.62667,-0.78075,-0.78351,-0.81208,-0.86053,-0.89909,-0.99061,-1.04992,-1.01945,-0.89654,-0.85798,-0.86413,-0.87629,-0.88669,-0.90532,-0.90803,-0.91048,-0.9284,-0.8155,-0.74901,-0.42366,-0.34548,-0.31422,-0.38369,-0.43556,-0.51383,-0.50844,-0.53496,-0.55092,-0.57603,-0.56858,-0.59296,-0.7004,-0.8602,-0.93731
Jun2006,-0.24758,-0.32899,-0.46266,-0.78622,-0.74242,-0.68085,-0.93889,-1.06087,-0.98561,-0.46722,-0.39678,-0.33467,-0.37132,-0.48187,-0.62976,-0.77435,-0.77738,-0.804,-0.8469,-0.88387,-0.97047,-1.02895,-1.00432,-0.88821,-0.85169,-0.85828,-0.86943,-0.87984,-0.89782,-0.90075,-0.90153,-0.91927,-0.80945,-0.74355,-0.42752,-0.34966,-0.31986,-0.38758,-0.43781,-0.51369,-0.50832,-0.53402,-0.54899,-0.57346,-0.56601,-0.58904,-0.69517,-0.85214
Jul2006,-1.938,-1.60645,-1.40159,-1.31442,-1.35109,-1.25595,-1.18003,-1.32697,-1.38162,-1.31227,-0.90615,-0.77568,-0.67454,-0.69425,-0.77749,-0.89342,-1.0013,-0.99649,-1.01483,-1.0458,-1.07189,-1.14369,-1.18859,-1.16151,-1.04813,-1.01352,-1.01416,-1.01901,-1.02151,-1.03495,-1.03544,-1.03343,-1.0466,-0.94368,-0.87845,-0.57774,-0.49757,-0.46551,-0.52681,-0.57158,-0.63971,-0.63242,-0.65531,-0.67028,-0.69152,-0.68275,-0.70249,-0.80349
Aug2006,-0.46667,-1.32225,-1.26751,-1.19969,-1.18238,-1.25073,-1.18411,-1.12529,-1.268,-1.32834,-1.27447,-0.93265,-0.81073,-0.71582,-0.72798,-0.80488,-0.91165,-1.01197,-1.00853,-1.02557,-1.05366,-1.07799,-1.14757,-1.19065,-1.16663,-1.05736,-1.02388,-1.02473,-1.02908,-1.03082,-1.04377,-1.04415,-1.03957,-1.05228,-0.95333,-0.88949,-0.59436,-0.51426,-0.48172,-0.542,-0.5856,-0.65141,-0.64414,-0.66641,-0.67803,-0.69838,-0.69058,-0.71047
Sep2006,-0.15204,-0.47972,-1.18356,-1.13659,-1.09768,-1.10135,-1.17702,-1.11709,-1.06049,-1.19751,-1.26087,-1.21703,-0.88494,-0.78064,-0.69595,-0.71195,-0.78671,-0.89026,-0.98877,-0.98563,-1.00221,-1.02937,-1.05357,-1.12387,-1.16813,-1.14342,-1.03553,-1.00195,-1.00396,-1.0091,-1.01214,-1.0254,-1.02609,-1.02524,-1.03854,-0.94114,-0.87982,-0.58965,-0.51118,-0.479,-0.53846,-0.58119,-0.64637,-0.63908,-0.66105,-0.67041,-0.69064,-0.68332
Oct2006,0.10289,-0.06048,-0.38685,-1.03652,-1.00182,-0.96893,-0.97885,-1.06701,-1.02024,-0.97321,-1.10564,-1.17125,-1.13447,-0.82157,-0.73147,-0.6558,-0.6722,-0.74453,-0.84559,-0.94355,-0.9415,-0.95832,-0.98793,-1.01259,-1.08187,-1.12792,-1.10584,-1.00013,-0.96658,-0.96931,-0.97526,-0.9799,-0.99361,-0.99484,-0.99537,-1.00903,-0.91322,-0.85386,-0.56971,-0.49343,-0.46234,-0.52142,-0.56393,-0.62863,-0.62188,-0.64366,-0.65351,-0.67357
Nov2006,-1.20712,-0.4241,-0.33523,-0.53739,-1.1037,-1.06499,-1.02869,-1.03227,-1.10616,-1.06027,-1.01483,-1.13748,-1.19667,-1.16115,-0.86484,-0.77522,-0.69969,-0.71428,-0.78207,-0.87771,-0.97009,-0.96744,-0.9832,-1.01181,-1.03497,-1.10115,-1.14478,-1.12396,-1.02089,-0.98803,-0.98997,-0.99513,-0.99882,-1.01184,-1.01282,-1.01282,-1.02591,-0.93227,-0.87382,-0.59535,-0.51972,-0.48867,-0.54635,-0.58746,-0.65027,-0.64323,-0.66441,-0.67379
Dec2006,0.00479,-0.69898,-0.32508,-0.26168,-0.49022,-1.03705,-1.00347,-0.96933,-0.97387,-1.04988,-1.00903,-0.96758,-1.08691,-1.14628,-1.11233,-0.82991,-0.74688,-0.67581,-0.69061,-0.75727,-0.85142,-0.94295,-0.94104,-0.95705,-0.98534,-1.00879,-1.07357,-1.1183,-1.09868,-0.99831,-0.96661,-0.96891,-0.97437,-0.97872,-0.99186,-0.99313,-0.99313,-1.00657,-0.91471,-0.8573,-0.58342,-0.50947,-0.47938,-0.5363,-0.57707,-0.63912,-0.63252,-0.65351
Jan2007,-1.03263,-0.56555,-0.86947,-0.52783,-0.40158,-0.57299,-1.07351,-1.04781,-1.02095,-1.02381,-1.09626,-1.05777,-1.01598,-1.12775,-1.18624,-1.15809,-0.87867,-0.80058,-0.73091,-0.74669,-0.81123,-0.90398,-0.99248,-0.98913,-1.00432,-1.03151,-1.05436,-1.12158,-1.17192,-1.15985,-1.06332,-1.03344,-1.03449,-1.03921,-1.04096,-1.05245,-1.05347,-1.05365,-1.06673,-0.97415,-0.91742,-0.64018,-0.56394,-0.53253,-0.59051,-0.63196,-0.69512,-0.68872
Feb2007,-1.30829,-1.26981,-0.93035,-1.08208,-0.76438,-0.58226,-0.68489,-1.13522,-1.10613,-1.07655,-1.07645,-1.14035,-1.10078,-1.05836,-1.1644,-1.21894,-1.19147,-0.91754,-0.83905,-0.76872,-0.78374,-0.84581,-0.93524,-1.01992,-1.01587,-1.03004,-1.05599,-1.07771,-1.14336,-1.19246,-1.1812,-1.08531,-1.05507,-1.05526,-1.05914,-1.05989,-1.07069,-1.07154,-1.07131,-1.084,-0.99287,-0.93669,-0.6636,-0.58746,-0.55587,-0.61247,-0.65287,-0.71463
Mar2007,-1.55254,-1.52459,-1.49051,-1.28763,-1.32823,-1.11175,-0.92157,-0.90746,-1.25723,-1.22338,-1.18921,-1.18148,-1.22835,-1.19054,-1.14986,-1.23922,-1.28428,-1.25891,-1.00795,-0.92944,-0.85749,-0.86874,-0.92447,-1.00489,-1.07973,-1.07443,-1.08659,-1.109,-1.12759,-1.1879,-1.23396,-1.22269,-1.13039,-1.10084,-1.09934,-1.10132,-1.10014,-1.10946,-1.10948,-1.10842,-1.11975,-1.03319,-0.97916,-0.71834,-0.64383,-0.61241,-0.66531,-0.70282
Apr2007,-0.8962,-1.33713,-1.37547,-1.37434,-1.22577,-1.27497,-1.11062,-0.95087,-0.93441,-1.24945,-1.2173,-1.18455,-1.17701,-1.22223,-1.18765,-1.14938,-1.23308,-1.2768,-1.25213,-1.01598,-0.94075,-0.8712,-0.8821,-0.93511,-1.01212,-1.08411,-1.07876,-1.0904,-1.11137,-1.1291,-1.18658,-1.23095,-1.21937,-1.12916,-1.10094,-1.09922,-1.10121,-1.1001,-1.10919,-1.10916,-1.1082,-1.11916,-1.03541,-0.98314,-0.72937,-0.65629,-0.62555,-0.67679
May2007,-1.36485,-1.21819,-1.39714,-1.42025,-1.41928,-1.30059,-1.33236,-1.20014,-1.07574,-1.0367,-1.30115,-1.27076,-1.23904,-1.23017,-1.268,-1.23524,-1.19933,-1.27445,-1.31359,-1.29178,-1.07074,-0.99819,-0.92827,-0.93714,-0.98549,-1.05671,-1.12249,-1.11655,-1.12678,-1.14633,-1.16232,-1.21594,-1.25724,-1.24559,-1.15845,-1.1309,-1.12793,-1.1289,-1.1268,-1.13497,-1.13452,-1.13327,-1.14329,-1.06293,-1.01249,-0.76891,-0.69682,-0.66623
Jun2007,-1.2772,-1.55985,-1.44908,-1.52576,-1.52819,-1.51699,-1.41252,-1.42667,-1.31132,-1.2055,-1.14575,-1.3661,-1.34107,-1.30954,-1.29849,-1.32836,-1.29625,-1.26247,-1.32779,-1.36182,-1.34063,-1.13591,-1.06813,-0.99834,-1.00545,-1.04937,-1.11357,-1.17253,-1.16555,-1.17439,-1.19094,-1.20509,-1.25582,-1.29245,-1.28262,-1.19808,-1.17033,-1.16614,-1.16615,-1.16266,-1.16973,-1.16879,-1.16682,-1.17608,-1.09812,-1.04858,-0.8123,-0.74058
Jul2007,-0.64387,-1.11071,-1.36008,-1.32932,-1.44299,-1.45782,-1.45334,-1.35225,-1.36684,-1.26809,-1.1811,-1.13484,-1.33789,-1.31727,-1.28723,-1.27568,-1.30283,-1.2734,-1.24295,-1.30389,-1.33695,-1.31607,-1.12607,-1.06544,-1.00079,-1.00933,-1.05004,-1.11063,-1.16743,-1.16117,-1.17007,-1.18576,-1.19959,-1.24873,-1.28539,-1.27827,-1.19729,-1.17023,-1.16567,-1.165,-1.16089,-1.1676,-1.16679,-1.16567,-1.1749,-1.09831,-1.05002,-0.81893
Aug2007,0.10792,-0.25343,-0.60494,-0.87671,-0.93532,-1.12209,-1.16987,-1.18747,-1.12636,-1.16594,-1.08886,-1.02024,-1.00755,-1.21842,-1.201,-1.18037,-1.17476,-1.20825,-1.18377,-1.15621,-1.21816,-1.25306,-1.23502,-1.05268,-0.99691,-0.93687,-0.94722,-0.98947,-1.05126,-1.11048,-1.10577,-1.11583,-1.13052,-1.14582,-1.19686,-1.2365,-1.22931,-1.14821,-1.123,-1.11913,-1.11904,-1.11659,-1.12387,-1.12382,-1.12202,-1.13213,-1.05414,-1.00681
Sep2007,0.48743,0.26548,-0.0168,-0.34526,-0.58462,-0.66453,-0.87804,-0.94185,-0.96848,-0.91158,-0.96285,-0.89842,-0.84635,-0.8667,-1.09864,-1.08558,-1.0671,-1.06531,-1.10577,-1.08348,-1.05735,-1.12198,-1.16046,-1.14245,-0.96339,-0.90737,-0.85171,-0.86315,-0.90797,-0.97287,-1.03667,-1.03334,-1.04477,-1.06383,-1.08133,-1.13404,-1.17664,-1.17061,-1.09166,-1.06729,-1.0648,-1.06548,-1.06473,-1.07282,-1.07328,-1.07074,-1.08213,-1.00434
Oct2007,-1.72278,-0.46931,-0.28015,-0.4469,-0.69527,-0.8759,-0.9241,-1.07847,-1.12092,-1.13592,-1.07967,-1.11532,-1.0533,-0.9931,-0.99642,-1.2046,-1.19036,-1.16932,-1.16262,-1.19396,-1.17029,-1.14268,-1.20395,-1.23721,-1.21994,-1.04655,-0.99181,-0.93275,-0.94063,-0.98201,-1.04209,-1.10089,-1.09646,-1.10659,-1.12481,-1.14001,-1.1902,-1.23135,-1.22655,-1.14912,-1.12448,-1.12017,-1.11931,-1.11638,-1.12339,-1.12337,-1.12107,-1.13135
Nov2007,1.41088,-0.76715,-0.07743,-0.06825,-0.26596,-0.51828,-0.69746,-0.75349,-0.92105,-0.97199,-0.99338,-0.94528,-0.98626,-0.92834,-0.87886,-0.89718,-1.11144,-1.09968,-1.08009,-1.07612,-1.11239,-1.09119,-1.06613,-1.12871,-1.16426,-1.14708,-0.97942,-0.92723,-0.87226,-0.88183,-0.9238,-0.98491,-1.04542,-1.04214,-1.05305,-1.07173,-1.08829,-1.13824,-1.17982,-1.17376,-1.09827,-1.0748,-1.07193,-1.07251,-1.07152,-1.07928,-1.07973,-1.07745
Dec2007,-0.46925,0.76651,-0.71632,-0.10545,-0.0998,-0.27931,-0.51689,-0.68688,-0.73935,-0.89948,-0.94902,-0.9703,-0.92479,-0.96499,-0.9095,-0.86327,-0.88322,-1.09285,-1.08149,-1.06261,-1.05927,-1.09522,-1.07492,-1.05092,-1.11196,-1.14714,-1.13033,-0.96796,-0.91716,-0.86361,-0.87328,-0.91456,-0.97452,-1.0342,-1.03115,-1.04204,-1.06028,-1.07689,-1.12613,-1.16699,-1.16037,-1.08622,-1.0633,-1.06078,-1.06166,-1.0612,-1.06892,-1.06955
Jan2008,0.34693,-0.10163,0.68327,-0.58843,-0.06407,-0.08283,-0.26314,-0.49779,-0.6669,-0.72014,-0.88255,-0.93516,-0.95667,-0.91198,-0.95519,-0.90469,-0.85782,-0.88656,-1.09981,-1.0914,-1.07206,-1.0702,-1.10626,-1.08532,-1.06182,-1.12224,-1.15801,-1.14534,-0.99049,-0.94496,-0.89549,-0.90782,-0.94954,-1.01081,-1.07013,-1.06568,-1.07685,-1.09594,-1.1129,-1.16319,-1.20729,-1.20366,-1.12652,-1.10151,-1.10062,-1.10279,-1.10362,-1.11298
Feb2008,-1.21619,-0.65491,-0.6128,0.05341,-0.78495,-0.24506,-0.20351,-0.35415,-0.56959,-0.72729,-0.77397,-0.92491,-0.97394,-0.99325,-0.94746,-0.98735,-0.9378,-0.89063,-0.91753,-1.12566,-1.11655,-1.09649,-1.09325,-1.1269,-1.10576,-1.08209,-1.14075,-1.17533,-1.16269,-1.01051,-0.96596,-0.91641,-0.92787,-0.96815,-1.02772,-1.08521,-1.08042,-1.0913,-1.10972,-1.12632,-1.17582,-1.21905,-1.21626,-1.13935,-1.11481,-1.11343,-1.1151,-1.11545
Mar2008,-1.55969,-1.50212,-1.26341,-1.14706,-0.73197,-1.12856,-0.65308,-0.49178,-0.58059,-0.75701,-0.8858,-0.91821,-1.03927,-1.07867,-1.0928,-1.04619,-1.07787,-1.0311,-0.98442,-1.0035,-1.19162,-1.18113,-1.15938,-1.15283,-1.18021,-1.15913,-1.13604,-1.18904,-1.21969,-1.20671,-1.0634,-1.02042,-0.9714,-0.98121,-1.01762,-1.07226,-1.1247,-1.11926,-1.12877,-1.14533,-1.16039,-1.20729,-1.24774,-1.24505,-1.17035,-1.14661,-1.14473,-1.14575
Apr2008,-1.37015,-1.51919,-1.50155,-1.34214,-1.24714,-0.94266,-1.22749,-0.83579,-0.64313,-0.69929,-0.85096,-0.96338,-0.98855,-1.09435,-1.12929,-1.14073,-1.09407,-1.12213,-1.07767,-1.03397,-1.04971,-1.22689,-1.21692,-1.19329,-1.18502,-1.20938,-1.18818,-1.16544,-1.21502,-1.24351,-1.23006,-1.09179,-1.04958,-1.00079,-1.0099,-1.04401,-1.09587,-1.14546,-1.13984,-1.14866,-1.1644,-1.17843,-1.22396,-1.26307,-1.26006,-1.18748,-1.16425,-1.16185
May2008,-1.24073,-1.38586,-1.49234,-1.48487,-1.36612,-1.28959,-1.04283,-1.27119,-0.95561,-0.7618,-0.79453,-0.92721,-1.02533,-1.04557,-1.13857,-1.16963,-1.17973,-1.13479,-1.15959,-1.11867,-1.07697,-1.09109,-1.25636,-1.24549,-1.22139,-1.21259,-1.23394,-1.21325,-1.19091,-1.23773,-1.26429,-1.25051,-1.11811,-1.07712,-1.02926,-1.03749,-1.06893,-1.11772,-1.16436,-1.15861,-1.16672,-1.1815,-1.19464,-1.23814,-1.27541,-1.27262,-1.20226,-1.17976
Jun2008,0.53541,-0.35217,-0.78043,-1.10984,-1.16911,-1.08009,-1.02519,-0.81292,-1.04874,-0.75263,-0.61946,-0.67471,-0.80691,-0.90546,-0.93039,-1.0288,-1.06238,-1.07562,-1.03365,-1.06168,-1.02216,-0.98695,-1.00871,-1.17615,-1.16819,-1.14769,-1.14101,-1.16582,-1.1472,-1.12677,-1.17355,-1.20185,-1.18805,-1.05714,-1.01688,-0.97175,-0.98112,-1.01345,-1.06335,-1.11183,-1.10697,-1.11572,-1.13089,-1.14534,-1.1891,-1.22704,-1.22377,-1.15506
Jul2008,0.12352,0.4026,-0.13617,-0.48589,-0.82923,-0.90943,-0.8456,-0.8105,-0.6304,-0.87439,-0.62889,-0.53942,-0.59412,-0.72314,-0.81665,-0.84337,-0.94055,-0.974,-0.98911,-0.95143,-0.98132,-0.94364,-0.91378,-0.9389,-1.10331,-1.09885,-1.08111,-1.07705,-1.10503,-1.08866,-1.07034,-1.11652,-1.14579,-1.13268,-1.00678,-0.96786,-0.92531,-0.93537,-0.96796,-1.01791,-1.06694,-1.06274,-1.072,-1.08841,-1.10371,-1.14683,-1.18496,-1.18078
Aug2008,0.06281,0.05862,0.25816,-0.05604,-0.31579,-0.62396,-0.70593,-0.66293,-0.65703,-0.51464,-0.74197,-0.55509,-0.47642,-0.52974,-0.64721,-0.73876,-0.76742,-0.86579,-0.90139,-0.91794,-0.88208,-0.91348,-0.87815,-0.85439,-0.88001,-1.04389,-1.04105,-1.02574,-1.02361,-1.05372,-1.0387,-1.02146,-1.06586,-1.09644,-1.08528,-0.9615,-0.9223,-0.88008,-0.89125,-0.92497,-0.97568,-1.02618,-1.02247,-1.03243,-1.04771,-1.06377,-1.10685,-1.14647
Sep2008,0.16722,0.05739,0.08927,0.22916,-0.00669,-0.22492,-0.50397,-0.5859,-0.54703,-0.53509,-0.40412,-0.62522,-0.46372,-0.40507,-0.46731,-0.58712,-0.67764,-0.70653,-0.80512,-0.84164,-0.85864,-0.8224,-0.85468,-0.82204,-0.80314,-0.82655,-0.992,-0.98951,-0.97614,-0.97575,-1.00848,-0.9943,-0.97777,-1.02629,-1.05822,-1.04806,-0.92684,-0.8895,-0.8492,-0.86085,-0.89512,-0.94585,-0.9971,-0.99372,-1.00389,-1.01806,-1.03489,-1.07905
Oct2008,0.01194,0.11912,0.03255,0.03926,0.16041,-0.043,-0.23296,-0.48098,-0.55576,-0.52049,-0.50979,-0.38796,-0.58804,-0.43855,-0.38539,-0.44679,-0.56154,-0.64834,-0.67644,-0.77294,-0.80892,-0.82579,-0.79359,-0.82553,-0.79449,-0.77765,-0.80134,-0.96355,-0.96052,-0.948,-0.94833,-0.98186,-0.96843,-0.95258,-1.00168,-1.03357,-1.02352,-0.90526,-0.86871,-0.82987,-0.84167,-0.87589,-0.92645,-0.97759,-0.97475,-0.98507,-0.99961,-1.01656
Nov2008,-0.92711,-0.39451,-0.09907,-0.10657,-0.07522,0.04871,-0.1394,-0.31336,-0.53895,-0.6057,-0.57103,-0.56044,-0.44259,-0.6302,-0.48444,-0.42808,-0.48493,-0.59489,-0.67719,-0.70321,-0.79489,-0.82917,-0.8452,-0.81455,-0.84499,-0.81428,-0.79726,-0.81986,-0.97697,-0.97392,-0.96122,-0.96114,-0.99329,-0.98001,-0.96442,-1.01191,-1.04298,-1.03303,-0.91719,-0.88127,-0.84281,-0.85415,-0.88742,-0.93662,-0.98642,-0.98345,-0.99345,-1.0074
Dec2008,-0.80568,-0.91314,-0.52097,-0.1918,-0.17685,-0.13187,-0.00733,-0.18651,-0.34999,-0.5614,-0.62377,-0.5904,-0.57909,-0.46642,-0.64369,-0.50239,-0.44488,-0.4991,-0.60526,-0.68489,-0.70991,-0.79861,-0.83187,-0.84735,-0.81741,-0.84689,-0.8167,-0.80048,-0.82227,-0.97584,-0.9729,-0.96038,-0.96008,-0.9915,-0.97848,-0.96323,-1.00954,-1.04015,-1.03054,-0.91678,-0.88137,-0.84351,-0.85467,-0.88723,-0.93546,-0.9844,-0.98149,-0.99139
Jan2009,1.28419,0.15048,-0.35598,-0.23514,-0.02381,-0.07897,-0.0583,0.05061,-0.12714,-0.29006,-0.50578,-0.57286,-0.5423,-0.53231,-0.42594,-0.60503,-0.46831,-0.41883,-0.47902,-0.58855,-0.66893,-0.69598,-0.78686,-0.82066,-0.83692,-0.80797,-0.83889,-0.8122,-0.80187,-0.82835,-0.99037,-0.99067,-0.97781,-0.97816,-1.00969,-0.99554,-0.9804,-1.02828,-1.06,-1.05064,-0.93683,-0.90221,-0.8631,-0.87373,-0.90868,-0.9595,-1.01131,-1.00984
Feb2009,0.33904,0.88022,0.3009,-0.17582,-0.12528,0.04947,-0.02591,-0.01294,0.09057,-0.08157,-0.23898,-0.45257,-0.52093,-0.49285,-0.48317,-0.38027,-0.55871,-0.42803,-0.38285,-0.44635,-0.55686,-0.63722,-0.66509,-0.75675,-0.7911,-0.80783,-0.77954,-0.81118,-0.78517,-0.77616,-0.80284,-0.96443,-0.96499,-0.95265,-0.95367,-0.98595,-0.97233,-0.95776,-1.00533,-1.03762,-1.02855,-0.91583,-0.88146,-0.84288,-0.85392,-0.88895,-0.93986,-0.992
Mar2009,-0.10938,0.07927,0.4377,0.15574,-0.15944,-0.12959,0.04021,-0.01386,-0.00528,0.08779,-0.07138,-0.21829,-0.4169,-0.48079,-0.4561,-0.44747,-0.35373,-0.52133,-0.40046,-0.35824,-0.4212,-0.52771,-0.60641,-0.63487,-0.7244,-0.75811,-0.77485,-0.74756,-0.77893,-0.75382,-0.74642,-0.77183,-0.92838,-0.92986,-0.91848,-0.92034,-0.95287,-0.94037,-0.92662,-0.97248,-1.00459,-0.99617,-0.88768,-0.85358,-0.81677,-0.82781,-0.8622,-0.9122
Apr2009,-0.90897,-0.53399,-0.35041,-0.07539,-0.19155,-0.38652,-0.3295,-0.13051,-0.12659,-0.10268,-0.00784,-0.15229,-0.28508,-0.46426,-0.52219,-0.49745,-0.48706,-0.39754,-0.55468,-0.43768,-0.39301,-0.45205,-0.55372,-0.62962,-0.65689,-0.74251,-0.77471,-0.79055,-0.76308,-0.79266,-0.76777,-0.7608,-0.78388,-0.93469,-0.93628,-0.92498,-0.92658,-0.9579,-0.94572,-0.93228,-0.97685,-1.00788,-0.99996,-0.89478,-0.86121,-0.82501,-0.83567,-0.86889
May2009,-0.56001,-0.79228,-0.58039,-0.45424,-0.2456,-0.31246,-0.44634,-0.39982,-0.22362,-0.19639,-0.16411,-0.07305,-0.20445,-0.32551,-0.48962,-0.5427,-0.51914,-0.5082,-0.42329,-0.57103,-0.45986,-0.41467,-0.47002,-0.56793,-0.64085,-0.66654,-0.7485,-0.77948,-0.79473,-0.76925,-0.79787,-0.77341,-0.76672,-0.78838,-0.93342,-0.93519,-0.92398,-0.9255,-0.95592,-0.94419,-0.93124,-0.97442,-1.00457,-0.99683,-0.89522,-0.86284,-0.82719,-0.83734
Jun2009,0.2238,-0.17605,-0.44513,-0.37089,-0.30893,-0.15898,-0.21615,-0.34909,-0.31199,-0.15695,-0.15372,-0.13482,-0.04928,-0.17472,-0.29036,-0.44788,-0.49971,-0.47761,-0.46454,-0.38524,-0.52761,-0.42448,-0.38635,-0.44062,-0.53555,-0.60745,-0.63281,-0.71406,-0.74475,-0.76039,-0.73403,-0.76292,-0.73912,-0.7321,-0.75309,-0.8957,-0.89836,-0.88824,-0.89075,-0.92193,-0.91084,-0.89844,-0.94094,-0.97155,-0.96422,-0.86388,-0.83251,-0.79785
Jul2009,-0.68127,-0.33265,-0.48435,-0.61097,-0.50706,-0.43425,-0.31455,-0.35457,-0.45155,-0.41973,-0.28742,-0.27081,-0.23331,-0.15366,-0.26375,-0.36713,-0.50677,-0.55147,-0.53117,-0.51677,-0.443,-0.57064,-0.47533,-0.43585,-0.48204,-0.57264,-0.63792,-0.66051,-0.73583,-0.76429,-0.77898,-0.75258,-0.77975,-0.75613,-0.74863,-0.76785,-0.9054,-0.90759,-0.89709,-0.89895,-0.92857,-0.91743,-0.90521,-0.94747,-0.97724,-0.96979,-0.87187,-0.84095
Aug2009,0.90973,0.35347,0.40679,0.2546,0.08157,0.0581,0.08339,0.16027,0.10704,-0.00633,-0.02073,0.02319,0.00663,0.02097,0.08721,-0.02015,-0.12547,-0.27301,-0.32344,-0.30958,-0.2962,-0.23203,-0.36063,-0.28384,-0.25099,-0.30127,-0.3958,-0.46472,-0.49248,-0.5731,-0.60401,-0.62095,-0.59179,-0.62283,-0.60396,-0.60022,-0.61952,-0.76075,-0.76579,-0.75901,-0.7645,-0.79904,-0.78997,-0.77915,-0.82029,-0.85272,-0.84649,-0.74955
Sep2009,0.617,0.90296,0.51468,0.52202,0.41463,0.27193,0.24085,0.25348,0.31537,0.27563,0.17403,0.15323,0.16599,0.13404,0.13366,0.18635,0.08285,-0.01807,-0.16162,-0.21263,-0.20086,-0.18588,-0.12635,-0.2563,-0.19092,-0.15856,-0.2122,-0.305,-0.37356,-0.40316,-0.48607,-0.51825,-0.5362,-0.51176,-0.54451,-0.52746,-0.5276,-0.54852,-0.69163,-0.69781,-0.69262,-0.69934,-0.736,-0.72784,-0.7176,-0.75687,-0.7905,-0.78544
Oct2009,-0.53761,0.20166,0.60068,0.28003,0.30429,0.21605,0.09694,0.08323,0.1018,0.16505,0.13587,0.05291,0.05129,0.07523,0.05903,0.06505,0.1196,0.02377,-0.07027,-0.20447,-0.25148,-0.2394,-0.22631,-0.16817,-0.2918,-0.22646,-0.19155,-0.24005,-0.32911,-0.39584,-0.42419,-0.50392,-0.5349,-0.55197,-0.52939,-0.56072,-0.54439,-0.54394,-0.56487,-0.7043,-0.71019,-0.70507,-0.71149,-0.74706,-0.73901,-0.72891,-0.76802,-0.80072
Nov2009,-0.23907,-0.5871,0.1211,0.52383,0.22561,0.2513,0.16923,0.05786,0.0478,0.06799,0.1292,0.10173,0.02344,0.02273,0.04907,0.03769,0.04459,0.09837,0.0052,-0.08651,-0.21654,-0.26235,-0.25054,-0.23839,-0.18146,-0.30161,-0.23756,-0.20225,-0.24971,-0.33736,-0.40222,-0.4297,-0.5078,-0.53804,-0.55475,-0.53223,-0.56312,-0.54703,-0.54624,-0.56659,-0.70353,-0.70931,-0.70445,-0.71077,-0.74582,-0.73786,-0.72794,-0.76611
Dec2009,-1.00786,-0.69459,-0.74494,-0.03174,0.39892,0.13206,0.16595,0.0883,-0.01596,-0.02161,0.00014,0.0607,0.03598,-0.03694,-0.03328,-0.00117,-0.00454,0.0048,0.05871,-0.03154,-0.12003,-0.24578,-0.29004,-0.27791,-0.26595,-0.20979,-0.32568,-0.2618,-0.22501,-0.27084,-0.35655,-0.4198,-0.44614,-0.52216,-0.55155,-0.56779,-0.54542,-0.57566,-0.55997,-0.55864,-0.57854,-0.71255,-0.71821,-0.7132,-0.71922,-0.75329,-0.74546,-0.73569
Jan2010,-1.54426,-1.32724,-1.04979,-1.02176,-0.28382,0.21511,-0.0229,0.01876,-0.05079,-0.14484,-0.14233,-0.11833,-0.05635,-0.07916,-0.14823,-0.13761,-0.09776,-0.09233,-0.08016,-0.02506,-0.11364,-0.20021,-0.32336,-0.36666,-0.35375,-0.34268,-0.28629,-0.40122,-0.33682,-0.29736,-0.34294,-0.42941,-0.49264,-0.51829,-0.59357,-0.62221,-0.63819,-0.61571,-0.64574,-0.6294,-0.62797,-0.6483,-0.78309,-0.78734,-0.78239,-0.78836,-0.82272,-0.81509
Feb2010,-1.98714,-1.93984,-1.73353,-1.48446,-1.40768,-0.69123,-0.07031,-0.25388,-0.1934,-0.24986,-0.32692,-0.309,-0.27924,-0.21505,-0.23297,-0.29328,-0.27517,-0.22372,-0.20594,-0.188,-0.13144,-0.21556,-0.29757,-0.41359,-0.45374,-0.43961,-0.42813,-0.37137,-0.4816,-0.41538,-0.37383,-0.41589,-0.49946,-0.55987,-0.58317,-0.65456,-0.6815,-0.69647,-0.67401,-0.70236,-0.68546,-0.68283,-0.70259,-0.83343,-0.83675,-0.83051,-0.83508,-0.86735
Mar2010,-1.69944,-1.85442,-1.85861,-1.7661,-1.62219,-1.5862,-1.08125,-0.42568,-0.53511,-0.46301,-0.50106,-0.55818,-0.52368,-0.48724,-0.42285,-0.43455,-0.48319,-0.45722,-0.39441,-0.36155,-0.33487,-0.27595,-0.35355,-0.42832,-0.53211,-0.56704,-0.55151,-0.53909,-0.48323,-0.58446,-0.51764,-0.47488,-0.51136,-0.58942,-0.64487,-0.66496,-0.72989,-0.75421,-0.76745,-0.74543,-0.77111,-0.75411,-0.7504,-0.76861,-0.8913,-0.89343,-0.88613,-0.88919
Apr2010,-1.66477,-1.72414,-1.83952,-1.84992,-1.78345,-1.67003,-1.64415,-1.26395,-0.64805,-0.71133,-0.63399,-0.66066,-0.70437,-0.66049,-0.62189,-0.55814,-0.56433,-0.60474,-0.57678,-0.50988,-0.46863,-0.43685,-0.3769,-0.44976,-0.51908,-0.61452,-0.6462,-0.62999,-0.61628,-0.56075,-0.65567,-0.59002,-0.54576,-0.57891,-0.65281,-0.70469,-0.72227,-0.78268,-0.80515,-0.81721,-0.79592,-0.8196,-0.80292,-0.79874,-0.81597,-0.93307,-0.9345,-0.92642
May2010,-1.6586,-1.74566,-1.75661,-1.83722,-1.84999,-1.79587,-1.70835,-1.68456,-1.39112,-0.83886,-0.86657,-0.79062,-0.80783,-0.84052,-0.79083,-0.75117,-0.68954,-0.69124,-0.72422,-0.69502,-0.62678,-0.57945,-0.54215,-0.48268,-0.54949,-0.61189,-0.69822,-0.72648,-0.70973,-0.69692,-0.64252,-0.73097,-0.66616,-0.62193,-0.65074,-0.72051,-0.76839,-0.78348,-0.83918,-0.85964,-0.87051,-0.84996,-0.87167,-0.85506,-0.85028,-0.86707,-0.97755,-0.97813
Jun2010,0.30167,-0.81615,-1.23482,-1.45502,-1.5858,-1.61156,-1.57893,-1.50929,-1.4939,-1.20572,-0.73004,-0.77558,-0.70913,-0.72939,-0.76429,-0.72335,-0.68814,-0.63064,-0.63036,-0.66402,-0.63784,-0.57625,-0.53706,-0.50335,-0.44681,-0.51289,-0.57392,-0.65968,-0.68781,-0.67241,-0.6582,-0.60614,-0.69263,-0.62915,-0.58588,-0.61392,-0.68342,-0.73132,-0.74709,-0.803,-0.82362,-0.83468,-0.81424,-0.83641,-0.82032,-0.81567,-0.8329,-0.94287
Jul2010,-0.20692,0.04772,-0.62652,-0.98519,-1.25171,-1.40672,-1.44904,-1.41997,-1.36257,-1.35629,-1.09586,-0.69427,-0.73572,-0.67933,-0.69797,-0.73173,-0.69596,-0.66349,-0.61181,-0.61071,-0.64299,-0.61793,-0.56344,-0.52683,-0.49395,-0.44343,-0.5047,-0.56249,-0.6443,-0.67128,-0.65694,-0.64215,-0.5926,-0.67515,-0.61408,-0.57092,-0.59774,-0.6654,-0.71221,-0.72794,-0.78298,-0.80327,-0.81422,-0.79525,-0.8173,-0.80151,-0.79717,-0.81363
Aug2010,-0.36914,-0.38017,-0.20329,-0.61079,-0.89007,-1.13531,-1.28067,-1.32792,-1.32278,-1.28725,-1.29037,-1.06717,-0.71695,-0.75118,-0.69499,-0.71288,-0.74371,-0.7108,-0.68148,-0.63371,-0.63005,-0.66058,-0.63519,-0.58635,-0.54677,-0.51151,-0.46419,-0.52236,-0.5774,-0.6544,-0.67961,-0.66526,-0.64692,-0.59885,-0.68124,-0.62088,-0.57722,-0.60186,-0.6676,-0.71407,-0.72946,-0.78321,-0.80317,-0.81401,-0.79257,-0.81409,-0.79903,-0.79547
Sep2010,-0.94622,-0.79332,-0.68524,-0.5323,-0.83379,-1.05981,-1.25141,-1.37487,-1.41038,-1.39613,-1.35536,-1.36474,-1.14583,-0.80993,-0.83847,-0.78554,-0.80002,-0.82495,-0.78703,-0.75678,-0.70874,-0.70172,-0.72792,-0.70434,-0.65635,-0.6107,-0.57436,-0.5261,-0.58026,-0.63172,-0.70461,-0.7283,-0.71358,-0.69958,-0.65199,-0.73181,-0.67328,-0.63127,-0.65454,-0.71826,-0.76256,-0.77574,-0.82685,-0.84551,-0.85559,-0.83257,-0.85313,-0.83817
Oct2010,-0.25717,-0.84877,-0.76959,-0.6912,-0.56038,-0.81505,-1.01127,-1.19229,-1.30859,-1.34634,-1.3382,-1.30558,-1.32044,-1.11281,-0.79994,-0.83,-0.77929,-0.79235,-0.81571,-0.77889,-0.74949,-0.70285,-0.6988,-0.72385,-0.70146,-0.6552,-0.61034,-0.57301,-0.52541,-0.5787,-0.62896,-0.70019,-0.72342,-0.70901,-0.69661,-0.64993,-0.72836,-0.67128,-0.6308,-0.65364,-0.7161,-0.75975,-0.77293,-0.82322,-0.8417,-0.8517,-0.82977,-0.84997
Nov2010,-0.89701,-0.60881,-0.983,-0.84591,-0.75506,-0.62836,-0.85935,-1.03709,-1.20115,-1.30994,-1.34537,-1.3376,-1.30605,-1.31914,-1.12396,-0.8255,-0.85309,-0.80365,-0.81479,-0.83624,-0.79948,-0.77066,-0.72528,-0.72187,-0.74565,-0.72318,-0.67752,-0.63304,-0.59592,-0.54927,-0.60042,-0.64881,-0.71772,-0.74007,-0.72577,-0.7132,-0.66738,-0.74384,-0.68737,-0.64736,-0.66929,-0.7303,-0.7729,-0.78545,-0.8344,-0.8523,-0.86199,-0.84016
Dec2010,-1.5866,-1.38439,-1.02259,-1.24113,-0.99599,-0.88076,-0.75152,-0.95891,-1.11467,-1.25584,-1.35301,-1.38376,-1.37395,-1.3425,-1.3539,-1.16938,-0.8813,-0.90349,-0.85428,-0.8636,-0.8825,-0.84444,-0.81563,-0.77088,-0.76685,-0.78845,-0.76576,-0.71997,-0.67503,-0.63703,-0.59063,-0.63963,-0.68557,-0.75138,-0.77258,-0.75821,-0.74548,-0.70031,-0.77466,-0.71863,-0.67935,-0.69999,-0.75926,-0.80011,-0.81168,-0.85862,-0.87574,-0.88502
Jan2011,-0.88563,-1.42183,-1.32607,-1.09328,-1.25266,-1.02566,-0.91684,-0.80019,-1.00097,-1.14876,-1.28595,-1.38118,-1.40902,-1.39677,-1.36866,-1.38639,-1.20137,-0.92694,-0.95005,-0.90309,-0.91099,-0.92966,-0.89055,-0.86107,-0.81652,-0.81259,-0.83378,-0.81406,-0.77212,-0.7297,-0.69355,-0.64735,-0.6964,-0.74244,-0.80752,-0.82778,-0.81308,-0.80035,-0.75454,-0.82953,-0.77371,-0.73466,-0.7546,-0.81362,-0.85574,-0.86787,-0.91599,-0.93423
Feb2011,0.28775,-0.28474,-0.94997,-1.01427,-0.8814,-1.06794,-0.94079,-0.84722,-0.73596,-0.9342,-1.08438,-1.22788,-1.32686,-1.35706,-1.34716,-1.32028,-1.33804,-1.15673,-0.88877,-0.9157,-0.87031,-0.87878,-0.89814,-0.861,-0.8326,-0.78899,-0.7855,-0.80743,-0.78832,-0.74794,-0.70636,-0.67147,-0.6263,-0.67524,-0.72138,-0.7867,-0.80714,-0.79298,-0.78026,-0.73545,-0.81007,-0.755,-0.71631,-0.73631,-0.79521,-0.83729,-0.84973,-0.89812
Mar2011,-0.6445,-0.33329,-0.49874,-0.84471,-0.92187,-0.84863,-0.98747,-0.91557,-0.83423,-0.73357,-0.91057,-1.04672,-1.18249,-1.27822,-1.30923,-1.29985,-1.2759,-1.29209,-1.12725,-0.87751,-0.90463,-0.86134,-0.86955,-0.88813,-0.85331,-0.82646,-0.785,-0.78111,-0.80223,-0.7835,-0.7452,-0.70478,-0.67131,-0.62831,-0.6752,-0.71965,-0.78256,-0.80235,-0.78874,-0.77617,-0.73334,-0.80517,-0.75231,-0.71444,-0.73355,-0.7902,-0.83077,-0.84298
Apr2011,-1.03012,-0.85216,-0.64078,-0.71515,-0.92683,-0.98581,-0.93036,-1.03275,-0.9619,-0.87914,-0.78271,-0.94247,-1.06602,-1.19152,-1.28194,-1.31128,-1.30123,-1.27893,-1.29375,-1.1401,-0.90082,-0.92585,-0.88401,-0.89095,-0.90812,-0.8739,-0.84763,-0.80736,-0.80238,-0.82188,-0.80306,-0.76611,-0.72545,-0.6926,-0.65084,-0.69569,-0.73803,-0.79831,-0.81721,-0.80381,-0.79171,-0.74988,-0.81958,-0.76829,-0.73114,-0.74899,-0.80386,-0.84296
May2011,-0.46024,-0.8098,-0.76924,-0.63279,-0.69238,-0.86549,-0.91871,-0.88607,-0.98561,-0.93697,-0.86521,-0.77832,-0.92524,-1.04075,-1.16072,-1.24757,-1.2774,-1.26928,-1.24975,-1.26495,-1.12049,-0.89451,-0.91909,-0.87903,-0.88583,-0.90253,-0.86977,-0.84465,-0.80589,-0.80214,-0.82121,-0.80265,-0.76719,-0.72746,-0.69544,-0.65548,-0.69863,-0.73947,-0.7979,-0.81618,-0.80328,-0.79176,-0.75137,-0.81876,-0.76919,-0.73336,-0.75005,-0.80308
Jun2011,-1.3912,-1.21495,-1.23741,-1.09521,-0.97397,-1.00198,-1.10175,-1.12456,-1.07748,-1.15042,-1.07637,-0.99615,-0.91454,-1.04192,-1.14107,-1.24298,-1.31862,-1.34452,-1.33341,-1.31292,-1.32586,-1.19226,-0.98145,-0.99915,-0.95995,-0.96423,-0.97643,-0.94159,-0.91602,-0.87817,-0.8717,-0.88816,-0.86914,-0.8316,-0.79231,-0.75829,-0.71879,-0.75895,-0.79674,-0.85091,-0.86749,-0.85427,-0.84237,-0.80246,-0.86708,-0.81771,-0.78362,-0.79835
Jul2011,-1.90927,-2.06126,-1.82531,-1.75336,-1.54653,-1.40489,-1.39423,-1.43562,-1.42042,-1.37375,-1.43994,-1.32285,-1.22493,-1.15039,-1.24959,-1.32418,-1.3975,-1.45727,-1.47584,-1.46196,-1.44,-1.45065,-1.32785,-1.13681,-1.14421,-1.10736,-1.10649,-1.11272,-1.07443,-1.04811,-1.01122,-1.00257,-1.01464,-0.99562,-0.95729,-0.91986,-0.88361,-0.84308,-0.87796,-0.91059,-0.95767,-0.97137,-0.95743,-0.94622,-0.90641,-0.96683,-0.91841,-0.88578
Aug2011,-1.40229,-1.79598,-2.05259,-1.93002,-1.88861,-1.70861,-1.59084,-1.57089,-1.59812,-1.5808,-1.54239,-1.58303,-1.47575,-1.38246,-1.31246,-1.40143,-1.46375,-1.51954,-1.57147,-1.58425,-1.56934,-1.5438,-1.55923,-1.4408,-1.26384,-1.26553,-1.22779,-1.22424,-1.2261,-1.18449,-1.15748,-1.12063,-1.1086,-1.11737,-1.10049,-1.0622,-1.02696,-0.98787,-0.9467,-0.97798,-1.00649,-1.04837,-1.05984,-1.04534,-1.03179,-0.99111,-1.04909,-1.00182
Sep2011,-2.1165,-1.94983,-2.16697,-2.31563,-2.25539,-2.22255,-2.00402,-1.87089,-1.83353,-1.8402,-1.80746,-1.7805,-1.80448,-1.68426,-1.57626,-1.50521,-1.58348,-1.6362,-1.67731,-1.72157,-1.72888,-1.7123,-1.68143,-1.69707,-1.57639,-1.4056,-1.39928,-1.35905,-1.35364,-1.35136,-1.30551,-1.27687,-1.23924,-1.22866,-1.23429,-1.21856,-1.18109,-1.15154,-1.1116,-1.06936,-1.09625,-1.11961,-1.15553,-1.1644,-1.14892,-1.134,-1.09264,-1.14886
Oct2011,-1.65923,-2.63458,-2.15169,-2.21474,-2.31344,-2.25277,-2.21629,-2.03238,-1.91429,-1.88354,-1.88693,-1.86093,-1.85124,-1.86913,-1.7572,-1.65162,-1.58469,-1.6573,-1.70346,-1.73701,-1.77882,-1.7835,-1.76312,-1.73097,-1.74619,-1.62997,-1.46871,-1.45953,-1.41706,-1.40937,-1.40464,-1.35798,-1.32919,-1.29201,-1.28105,-1.28497,-1.26901,-1.23293,-1.20526,-1.16568,-1.12375,-1.14801,-1.16924,-1.20199,-1.20983,-1.19441,-1.17999,-1.1392
Nov2011,-0.9426,-1.65672,-2.50708,-2.0864,-2.15581,-2.2392,-2.18407,-2.15222,-1.98716,-1.88131,-1.85337,-1.8563,-1.83241,-1.82072,-1.84091,-1.7436,-1.64378,-1.57927,-1.64762,-1.6907,-1.72394,-1.76403,-1.76895,-1.74857,-1.71811,-1.73265,-1.62082,-1.467,-1.45821,-1.41697,-1.40962,-1.40522,-1.35972,-1.33181,-1.29566,-1.2847,-1.28859,-1.27294,-1.2378,-1.21076,-1.17179,-1.13071,-1.15413,-1.17467,-1.20655,-1.21414,-1.19894,-1.18453
Dec2011,-0.39254,-0.72182,-1.38578,-2.24077,-1.95004,-2.06249,-2.14716,-2.08772,-2.05514,-1.9066,-1.81001,-1.78622,-1.79303,-1.77269,-1.76037,-1.78403,-1.70191,-1.60838,-1.54552,-1.61209,-1.655,-1.68866,-1.72819,-1.73422,-1.71459,-1.68606,-1.70014,-1.59338,-1.44436,-1.43627,-1.3961,-1.38914,-1.38515,-1.34112,-1.31401,-1.27876,-1.26803,-1.27227,-1.25693,-1.22246,-1.19513,-1.15677,-1.11659,-1.13991,-1.16043,-1.19246,-1.2,-1.18531
Jan2012,-0.6895,-0.57755,-0.77573,-1.36335,-2.07552,-1.88031,-2.0014,-2.09613,-2.06036,-2.03564,-1.9035,-1.81374,-1.78916,-1.79329,-1.7767,-1.77509,-1.78987,-1.72882,-1.63927,-1.57981,-1.64368,-1.68723,-1.71795,-1.75331,-1.75894,-1.73677,-1.70919,-1.72884,-1.63473,-1.49896,-1.49871,-1.46226,-1.4535,-1.44871,-1.40028,-1.37031,-1.33452,-1.32419,-1.32791,-1.31279,-1.28062,-1.25666,-1.2157,-1.1727,-1.19776,-1.21961,-1.25314,-1.2623
Feb2012,0.01183,-0.32225,-0.34485,-0.60918,-1.16303,-1.84761,-1.79434,-1.93096,-2.03157,-1.99778,-1.98448,-1.8606,-1.77339,-1.75031,-1.75743,-1.74132,-1.73829,-1.75589,-1.70193,-1.61352,-1.55272,-1.61634,-1.65929,-1.69119,-1.72735,-1.73335,-1.71194,-1.68529,-1.70333,-1.61072,-1.47598,-1.47623,-1.43956,-1.43094,-1.42672,-1.3796,-1.35016,-1.31509,-1.30513,-1.30963,-1.29478,-1.26294,-1.2392,-1.19847,-1.1566,-1.18178,-1.20381,-1.23769
Mar2012,-0.90477,-0.62821,-0.67553,-0.61938,-0.75312,-1.12677,-1.64604,-1.70966,-1.84392,-1.93131,-1.89879,-1.88644,-1.78725,-1.71582,-1.69812,-1.70408,-1.689,-1.68576,-1.70944,-1.66822,-1.58747,-1.52989,-1.58761,-1.62554,-1.65665,-1.69243,-1.69975,-1.68005,-1.65501,-1.66984,-1.58437,-1.4542,-1.45485,-1.41993,-1.41125,-1.40697,-1.36266,-1.33461,-1.30097,-1.29131,-1.2961,-1.28216,-1.25146,-1.22763,-1.18797,-1.1482,-1.17283,-1.19453
Apr2012,-1.07941,-1.01139,-0.83472,-0.84862,-0.78264,-0.87233,-1.16024,-1.57955,-1.67996,-1.80754,-1.88934,-1.85898,-1.84921,-1.76392,-1.69918,-1.68366,-1.68943,-1.67637,-1.67161,-1.70017,-1.66532,-1.58764,-1.5334,-1.58559,-1.62019,-1.65008,-1.68407,-1.69126,-1.67273,-1.64876,-1.66156,-1.57774,-1.45191,-1.45064,-1.41737,-1.40851,-1.40468,-1.36189,-1.33481,-1.30211,-1.29267,-1.2972,-1.28402,-1.25442,-1.23061,-1.19209,-1.15347,-1.17708
May2012,-0.15911,-0.68888,-0.79616,-0.69692,-0.72318,-0.67977,-0.76322,-1.03798,-1.41073,-1.55254,-1.69534,-1.775,-1.75089,-1.74812,-1.6793,-1.62273,-1.61207,-1.62147,-1.61226,-1.6084,-1.63701,-1.6115,-1.54119,-1.48812,-1.53862,-1.57449,-1.6061,-1.64066,-1.64829,-1.63039,-1.60843,-1.61898,-1.53824,-1.41499,-1.41497,-1.38315,-1.37464,-1.37184,-1.332,-1.30641,-1.27507,-1.26628,-1.27135,-1.25859,-1.23006,-1.20628,-1.16909,-1.13208
Jun2012,-0.95753,-0.79824,-0.95809,-0.96934,-0.8888,-0.90553,-0.85236,-0.90808,-1.11704,-1.44003,-1.55836,-1.68442,-1.76553,-1.74117,-1.73794,-1.67531,-1.62243,-1.61436,-1.62378,-1.61496,-1.60959,-1.63922,-1.61774,-1.55275,-1.50363,-1.55149,-1.58422,-1.61305,-1.646,-1.6532,-1.63682,-1.61563,-1.62582,-1.5457,-1.4284,-1.42972,-1.39776,-1.38853,-1.38564,-1.34646,-1.32106,-1.29031,-1.28126,-1.28623,-1.27409,-1.24644,-1.22417,-1.18752
Jul2012,-1.10106,-1.25751,-1.10811,-1.16771,-1.12865,-1.0384,-1.04263,-0.98866,-1.02095,-1.19586,-1.47672,-1.56851,-1.68812,-1.7613,-1.73682,-1.72898,-1.66928,-1.62085,-1.61285,-1.62219,-1.61476,-1.60898,-1.63224,-1.61773,-1.56113,-1.5154,-1.56059,-1.59139,-1.62,-1.65188,-1.65923,-1.64439,-1.62406,-1.63545,-1.56055,-1.45219,-1.45506,-1.42368,-1.41347,-1.40892,-1.36874,-1.34335,-1.31331,-1.30472,-1.30926,-1.29705,-1.27035,-1.2492
Aug2012,-1.38765,-1.39866,-1.54521,-1.43812,-1.46492,-1.39778,-1.31263,-1.29916,-1.25384,-1.26559,-1.39568,-1.60868,-1.68186,-1.78802,-1.85685,-1.84106,-1.83155,-1.76619,-1.71944,-1.70785,-1.71512,-1.70268,-1.70471,-1.72032,-1.71385,-1.66005,-1.61256,-1.65384,-1.67965,-1.70415,-1.73487,-1.74138,-1.7276,-1.70493,-1.71661,-1.64628,-1.54579,-1.54649,-1.51626,-1.50187,-1.49304,-1.44971,-1.42249,-1.39225,-1.38253,-1.38544,-1.3712,-1.34552
Sep2012,0.37627,-0.84118,-1.05035,-1.18728,-1.13914,-1.20748,-1.18496,-1.11485,-1.1097,-1.06943,-1.09151,-1.24302,-1.47011,-1.58228,-1.70632,-1.77489,-1.75856,-1.75407,-1.69451,-1.64778,-1.63765,-1.64939,-1.6389,-1.637,-1.6523,-1.64934,-1.59561,-1.54811,-1.59484,-1.62451,-1.6538,-1.68651,-1.69449,-1.67975,-1.65856,-1.67106,-1.60034,-1.49947,-1.50302,-1.47326,-1.45991,-1.45125,-1.40861,-1.38174,-1.35161,-1.34233,-1.34654,-1.33297
Oct2012,-1.15204,-0.28839,-1.06709,-1.19146,-1.29184,-1.23952,-1.28803,-1.26204,-1.1963,-1.18866,-1.15006,-1.16571,-1.30496,-1.51086,-1.61999,-1.74055,-1.80979,-1.7926,-1.78497,-1.72337,-1.67762,-1.6662,-1.67494,-1.66334,-1.66126,-1.6769,-1.67859,-1.62532,-1.5758,-1.6194,-1.64669,-1.67489,-1.70663,-1.71463,-1.69822,-1.6769,-1.68751,-1.62001,-1.52133,-1.52499,-1.49542,-1.48077,-1.47176,-1.42891,-1.40241,-1.37297,-1.36373,-1.36768
Nov2012,-1.74343,-1.61754,-0.69015,-1.22959,-1.29954,-1.37954,-1.32444,-1.36087,-1.32538,-1.26108,-1.25121,-1.21263,-1.22332,-1.3511,-1.54269,-1.64694,-1.75907,-1.82402,-1.80585,-1.79627,-1.73663,-1.69203,-1.68067,-1.68752,-1.67589,-1.67417,-1.68841,-1.69245,-1.64045,-1.59213,-1.63394,-1.66004,-1.68636,-1.71707,-1.72476,-1.7084,-1.68749,-1.69782,-1.63285,-1.53775,-1.5408,-1.51189,-1.49666,-1.48725,-1.44482,-1.41869,-1.38969,-1.3803
Dec2012,-0.33546,-1.1102,-1.34262,-0.63574,-1.16212,-1.24698,-1.32551,-1.27105,-1.30474,-1.27547,-1.21679,-1.20912,-1.17373,-1.18573,-1.30813,-1.49545,-1.6061,-1.71905,-1.7822,-1.76448,-1.75627,-1.69961,-1.65663,-1.64672,-1.6537,-1.64354,-1.64174,-1.65828,-1.66422,-1.61381,-1.56666,-1.60798,-1.63411,-1.66087,-1.6915,-1.69946,-1.68382,-1.66372,-1.67349,-1.60974,-1.51471,-1.51726,-1.48882,-1.47456,-1.4659,-1.42549,-1.39986,-1.37172
Jan2013,0.09147,-0.14647,-0.86137,-1.18846,-0.57357,-1.09864,-1.19658,-1.28329,-1.2431,-1.27982,-1.26034,-1.20739,-1.20006,-1.16487,-1.18031,-1.30618,-1.48489,-1.61198,-1.72905,-1.7949,-1.77561,-1.7695,-1.71199,-1.66656,-1.65694,-1.66185,-1.65276,-1.65638,-1.68442,-1.70519,-1.66418,-1.62158,-1.66226,-1.68863,-1.71169,-1.73948,-1.74749,-1.73299,-1.71193,-1.7225,-1.66207,-1.57071,-1.57101,-1.53904,-1.52692,-1.51988,-1.4802,-1.45604
Feb2013,-1.46846,-0.9638,-0.79229,-1.13853,-1.34589,-0.78359,-1.20557,-1.27135,-1.34954,-1.30699,-1.34033,-1.31418,-1.26002,-1.25049,-1.21333,-1.22532,-1.34774,-1.52208,-1.64854,-1.75977,-1.82166,-1.80102,-1.79227,-1.73314,-1.68773,-1.67734,-1.68095,-1.67124,-1.67425,-1.70194,-1.72402,-1.6825,-1.63905,-1.6778,-1.70282,-1.72427,-1.75092,-1.75862,-1.74405,-1.72337,-1.7341,-1.67464,-1.58641,-1.58562,-1.55474,-1.54224,-1.53462,-1.4948
Mar2013,-1.3506,-1.43709,-1.23723,-1.10123,-1.26693,-1.40167,-0.98969,-1.29319,-1.33046,-1.39324,-1.34975,-1.37419,-1.3482,-1.29998,-1.2906,-1.25272,-1.26116,-1.37217,-1.53557,-1.65809,-1.76209,-1.82015,-1.79604,-1.78311,-1.72653,-1.68447,-1.67542,-1.67824,-1.66843,-1.66943,-1.69808,-1.71769,-1.67815,-1.63644,-1.67187,-1.69433,-1.71454,-1.73944,-1.74625,-1.73223,-1.71291,-1.72366,-1.66653,-1.58188,-1.57949,-1.55065,-1.53959,-1.53298
Apr2013,-0.53538,-1.06355,-1.20941,-1.08526,-0.99129,-1.15525,-1.28407,-0.94138,-1.23613,-1.28018,-1.33992,-1.29984,-1.32476,-1.30636,-1.26319,-1.25578,-1.21998,-1.23005,-1.33615,-1.4991,-1.62389,-1.7288,-1.78815,-1.76074,-1.747,-1.69388,-1.65319,-1.64509,-1.64917,-1.64067,-1.63974,-1.66667,-1.68515,-1.64507,-1.60558,-1.64008,-1.66338,-1.68464,-1.70971,-1.71672,-1.70331,-1.68512,-1.6958,-1.64014,-1.55553,-1.55414,-1.52644,-1.51601
May2013,-1.57548,-1.19078,-1.28667,-1.35945,-1.26298,-1.17908,-1.28269,-1.38021,-1.1125,-1.33122,-1.35513,-1.40545,-1.36717,-1.38707,-1.36632,-1.32553,-1.31762,-1.282,-1.28906,-1.38812,-1.53858,-1.65817,-1.75455,-1.80795,-1.77917,-1.7659,-1.71366,-1.67466,-1.66603,-1.66759,-1.65875,-1.65675,-1.68141,-1.69841,-1.65979,-1.62123,-1.65228,-1.6737,-1.69322,-1.71681,-1.72302,-1.70931,-1.69176,-1.7022,-1.64901,-1.56869,-1.5667,-1.54039
Jun2013,-1.66461,-1.87124,-1.59377,-1.54764,-1.56903,-1.48003,-1.39864,-1.45774,-1.52757,-1.31309,-1.46055,-1.46079,-1.50711,-1.4686,-1.48169,-1.45623,-1.41609,-1.40734,-1.37062,-1.37354,-1.46306,-1.60237,-1.71334,-1.80145,-1.85298,-1.82436,-1.80889,-1.75552,-1.71752,-1.70831,-1.70946,-1.6999,-1.6985,-1.71946,-1.73977,-1.70447,-1.66505,-1.69289,-1.71273,-1.73028,-1.75223,-1.75788,-1.74356,-1.72628,-1.73753,-1.68732,-1.61096,-1.60905
Jul2013,-1.0088,-1.55059,-1.74589,-1.58505,-1.57051,-1.58996,-1.50667,-1.42333,-1.46926,-1.53243,-1.34918,-1.46893,-1.47353,-1.51594,-1.47861,-1.48656,-1.46055,-1.42328,-1.41487,-1.38137,-1.38424,-1.46524,-1.58975,-1.69752,-1.78584,-1.83321,-1.80895,-1.7957,-1.74828,-1.71329,-1.70529,-1.7076,-1.69864,-1.69906,-1.72185,-1.74785,-1.71682,-1.67854,-1.70496,-1.72262,-1.73788,-1.75901,-1.76503,-1.75043,-1.73379,-1.74425,-1.69577,-1.62171
Aug2013,-0.07146,-0.55663,-1.0079,-1.27807,-1.22969,-1.29998,-1.34984,-1.29251,-1.24429,-1.30987,-1.38155,-1.2109,-1.35389,-1.38036,-1.42396,-1.39704,-1.40987,-1.38952,-1.35675,-1.34978,-1.31958,-1.32375,-1.40611,-1.52746,-1.64263,-1.74066,-1.7867,-1.76489,-1.75303,-1.71042,-1.67807,-1.67188,-1.67777,-1.66943,-1.66882,-1.69638,-1.72471,-1.69401,-1.65874,-1.68437,-1.70119,-1.71844,-1.73971,-1.74684,-1.73574,-1.71955,-1.72557,-1.67643
Sep2013,0.00379,-0.12345,-0.47327,-0.86697,-1.11837,-1.09928,-1.18619,-1.24262,-1.18934,-1.14218,-1.21314,-1.2991,-1.13003,-1.29698,-1.33277,-1.37749,-1.35062,-1.36562,-1.34826,-1.31593,-1.30936,-1.2799,-1.28488,-1.36779,-1.49048,-1.60996,-1.70995,-1.75768,-1.73926,-1.72903,-1.68765,-1.65483,-1.64918,-1.65451,-1.64724,-1.64748,-1.67607,-1.70706,-1.67844,-1.64327,-1.66957,-1.68582,-1.7031,-1.72474,-1.73209,-1.72324,-1.70788,-1.71479
Oct2013,-0.54317,-0.28764,-0.28711,-0.57671,-0.90648,-1.1144,-1.09599,-1.1772,-1.22874,-1.18255,-1.14119,-1.20698,-1.29098,-1.13004,-1.29403,-1.33248,-1.37767,-1.35062,-1.36369,-1.34582,-1.31454,-1.30755,-1.27972,-1.28413,-1.36462,-1.48572,-1.60669,-1.70674,-1.75173,-1.73173,-1.72094,-1.68118,-1.64896,-1.64399,-1.64833,-1.64132,-1.63982,-1.66979,-1.69841,-1.67123,-1.63657,-1.66138,-1.67775,-1.69461,-1.7162,-1.72386,-1.71448,-1.70008
Nov2013,-0.76828,-0.78749,-0.4458,-0.38566,-0.63586,-0.93717,-1.12531,-1.10557,-1.17848,-1.22707,-1.18371,-1.14499,-1.2062,-1.28477,-1.13376,-1.29332,-1.33089,-1.37411,-1.34691,-1.35858,-1.34171,-1.31144,-1.30489,-1.27817,-1.28259,-1.36003,-1.47703,-1.59566,-1.69293,-1.73634,-1.71777,-1.70816,-1.66994,-1.63909,-1.63455,-1.63897,-1.63249,-1.63092,-1.66076,-1.6884,-1.66184,-1.62825,-1.65221,-1.66841,-1.68535,-1.70674,-1.71424,-1.7051
Dec2013,-0.94071,-0.91072,-0.87689,-0.54286,-0.45675,-0.67706,-0.95645,-1.12971,-1.10758,-1.17425,-1.21996,-1.17917,-1.1422,-1.20032,-1.27439,-1.13176,-1.2879,-1.32477,-1.36621,-1.33953,-1.35087,-1.33426,-1.30483,-1.29872,-1.27248,-1.27691,-1.35217,-1.46757,-1.58512,-1.68004,-1.72232,-1.70412,-1.69477,-1.65761,-1.62759,-1.62329,-1.6276,-1.62136,-1.61957,-1.64885,-1.67455,-1.64779,-1.6146,-1.63832,-1.65438,-1.672,-1.69262,-1.70026
Jan2014,-1.0788,-1.07316,-1.03375,-1.01277,-0.66651,-0.54673,-0.74242,-1.00716,-1.17604,-1.15414,-1.21811,-1.26289,-1.22161,-1.18305,-1.24028,-1.31741,-1.17313,-1.3345,-1.37195,-1.4149,-1.3867,-1.39822,-1.37919,-1.3477,-1.34112,-1.31382,-1.31806,-1.3964,-1.51897,-1.64964,-1.75459,-1.80326,-1.78228,-1.77158,-1.72833,-1.6943,-1.68958,-1.69462,-1.68715,-1.68607,-1.72011,-1.75386,-1.72343,-1.68593,-1.71225,-1.73016,-1.74943,-1.77298
Feb2014,0.27787,-0.40252,-0.64365,-0.76145,-0.81271,-0.53886,-0.47917,-0.67792,-0.93924,-1.10702,-1.09025,-1.16054,-1.20872,-1.16962,-1.13281,-1.19169,-1.2693,-1.12892,-1.29687,-1.3377,-1.38045,-1.35256,-1.36427,-1.34707,-1.31669,-1.31072,-1.28426,-1.2895,-1.36686,-1.48999,-1.62001,-1.72505,-1.77257,-1.7518,-1.74196,-1.70027,-1.66684,-1.66268,-1.66847,-1.66221,-1.66121,-1.69496,-1.72817,-1.6977,-1.66201,-1.68893,-1.7073,-1.72747
Mar2014,0.07285,0.17863,-0.18725,-0.37252,-0.52533,-0.62011,-0.41411,-0.39789,-0.59378,-0.83894,-0.99433,-0.98329,-1.05968,-1.11122,-1.07887,-1.04602,-1.10545,-1.17892,-1.05272,-1.2216,-1.26781,-1.31045,-1.28339,-1.29507,-1.28224,-1.25513,-1.25119,-1.22675,-1.23334,-1.30653,-1.42837,-1.55093,-1.65409,-1.70048,-1.68111,-1.67267,-1.63573,-1.60451,-1.60096,-1.60771,-1.60343,-1.60266,-1.63464,-1.66271,-1.63302,-1.60027,-1.62881,-1.64909
Apr2014,-0.6535,-0.30645,-0.1708,-0.36642,-0.46807,-0.58523,-0.66408,-0.47522,-0.4384,-0.6122,-0.83633,-0.97959,-0.96943,-1.04258,-1.09265,-1.06261,-1.0308,-1.08865,-1.15874,-1.04154,-1.20659,-1.25317,-1.29602,-1.26806,-1.27901,-1.26755,-1.2414,-1.23788,-1.21407,-1.22071,-1.29084,-1.40895,-1.52737,-1.62589,-1.67177,-1.65299,-1.64613,-1.61151,-1.58175,-1.57855,-1.5853,-1.58161,-1.58113,-1.61239,-1.63752,-1.60963,-1.57813,-1.60616
May2014,0.85483,0.13641,0.11814,0.15241,-0.04322,-0.16155,-0.29348,-0.42098,-0.29661,-0.30101,-0.48279,-0.70324,-0.84363,-0.84037,-0.92076,-0.97388,-0.9493,-0.92229,-0.98344,-1.0537,-0.94501,-1.11316,-1.16607,-1.20924,-1.18416,-1.19845,-1.19186,-1.16845,-1.16645,-1.1451,-1.15378,-1.22178,-1.33873,-1.45167,-1.55023,-1.59558,-1.57829,-1.57383,-1.54361,-1.51605,-1.51375,-1.52149,-1.51955,-1.5189,-1.54934,-1.5706,-1.5446,-1.51527
Jun2014,-1.31646,-0.59172,-0.64698,-0.48122,-0.417,-0.5268,-0.56931,-0.64007,-0.69105,-0.54428,-0.50703,-0.64813,-0.83718,-0.95934,-0.95208,-1.01813,-1.06318,-1.03852,-1.00856,-1.06151,-1.12471,-1.02279,-1.17874,-1.22474,-1.26497,-1.23984,-1.25035,-1.2408,-1.21729,-1.2145,-1.19222,-1.19933,-1.26372,-1.3727,-1.48321,-1.57983,-1.62222,-1.60386,-1.59911,-1.56896,-1.54148,-1.53896,-1.54582,-1.54386,-1.54395,-1.57488,-1.59716,-1.57196
Jul2014,-1.68137,-1.85278,-1.35466,-1.26929,-1.02559,-0.92,-0.96763,-0.96944,-0.98941,-1.00914,-0.8852,-0.7986,-0.8805,-1.03713,-1.13456,-1.12003,-1.16543,-1.19945,-1.17478,-1.14429,-1.18684,-1.24057,-1.14535,-1.28211,-1.31922,-1.3551,-1.32955,-1.33616,-1.32365,-1.30027,-1.29646,-1.27396,-1.27848,-1.33915,-1.44157,-1.55236,-1.6461,-1.6861,-1.66599,-1.65813,-1.6249,-1.59696,-1.59409,-1.59943,-1.59663,-1.59649,-1.62705,-1.65122
Aug2014,-0.25978,-1.04775,-1.32655,-1.06327,-1.05675,-0.91227,-0.83637,-0.88036,-0.90155,-0.9291,-0.95416,-0.86198,-0.78479,-0.86117,-1.00378,-1.09999,-1.08847,-1.13398,-1.16874,-1.1458,-1.117,-1.15844,-1.21226,-1.12205,-1.25709,-1.29696,-1.33211,-1.30838,-1.31552,-1.30496,-1.28298,-1.27993,-1.25681,-1.26168,-1.32341,-1.42871,-1.54231,-1.63813,-1.68272,-1.6601,-1.65038,-1.61734,-1.58838,-1.58611,-1.59373,-1.59142,-1.5876,-1.61953
Sep2014,-0.05927,-0.28833,-0.91079,-1.155,-0.94667,-0.95808,-0.83323,-0.76632,-0.80653,-0.82042,-0.84767,-0.87938,-0.79992,-0.74059,-0.82394,-0.96779,-1.06301,-1.05242,-1.09893,-1.13416,-1.1114,-1.08257,-1.12446,-1.17906,-1.09119,-1.22525,-1.2661,-1.30145,-1.27987,-1.28844,-1.2797,-1.25797,-1.25542,-1.23491,-1.24073,-1.30356,-1.4107,-1.52731,-1.6261,-1.67155,-1.64896,-1.63828,-1.60469,-1.57557,-1.57338,-1.58248,-1.58105,-1.57796
Oct2014,0.56022,0.26399,-0.06302,-0.67141,-0.90524,-0.7281,-0.75145,-0.66634,-0.61534,-0.65801,-0.67691,-0.70809,-0.74163,-0.6746,-0.63406,-0.72575,-0.8698,-0.96509,-0.95699,-1.00805,-1.04544,-1.02455,-0.99966,-1.04357,-1.09818,-1.01551,-1.15128,-1.19495,-1.23027,-1.20988,-1.22035,-1.21521,-1.19489,-1.19358,-1.17479,-1.18201,-1.24409,-1.35274,-1.46569,-1.56563,-1.61151,-1.58995,-1.58161,-1.55056,-1.52299,-1.52177,-1.53113,-1.53116
Nov2014,-1.15637,0.02625,-0.00819,-0.22794,-0.76375,-0.97164,-0.80209,-0.81773,-0.72998,-0.67836,-0.71637,-0.73313,-0.75933,-0.78921,-0.72255,-0.67921,-0.76456,-0.90203,-0.99184,-0.98261,-1.03019,-1.06557,-1.04514,-1.0213,-1.06306,-1.11516,-1.03475,-1.16634,-1.20809,-1.24201,-1.22193,-1.23181,-1.22624,-1.20636,-1.20499,-1.18625,-1.19318,-1.25352,-1.3595,-1.46976,-1.56693,-1.61175,-1.59019,-1.58193,-1.55161,-1.52467,-1.52335,-1.53232
Dec2014,-1.40629,-1.36341,-0.42127,-0.2687,-0.39012,-0.8588,-1.04398,-0.87979,-0.88763,-0.79778,-0.74613,-0.77932,-0.79225,-0.81441,-0.83999,-0.77303,-0.72608,-0.80486,-0.93582,-1.02128,-1.01125,-1.05517,-1.08854,-1.06829,-1.04455,-1.08408,-1.13417,-1.0563,-1.18442,-1.22395,-1.25646,-1.23634,-1.24518,-1.23892,-1.21925,-1.21771,-1.1989,-1.20535,-1.26421,-1.36739,-1.47457,-1.5683,-1.61134,-1.59021,-1.58195,-1.55269,-1.52591,-1.52473
Jan2015,-0.48779,-1.14475,-1.21061,-0.48905,-0.32247,-0.42658,-0.86759,-1.04952,-0.90028,-0.90811,-0.82372,-0.77545,-0.80688,-0.81793,-0.84153,-0.8689,-0.80013,-0.75868,-0.83882,-0.97058,-1.05413,-1.04481,-1.08727,-1.11887,-1.09872,-1.07488,-1.11411,-1.16734,-1.0968,-1.2327,-1.27897,-1.31569,-1.29386,-1.30233,-1.29291,-1.27081,-1.26914,-1.25062,-1.25676,-1.31661,-1.42423,-1.53869,-1.63201,-1.67257,-1.65346,-1.64675,-1.61835,-1.59317
Feb2015,0.38491,-0.01271,-0.67113,-0.89201,-0.33749,-0.21419,-0.35451,-0.79262,-0.97431,-0.82962,-0.84088,-0.76315,-0.71846,-0.75181,-0.76368,-0.78898,-0.81778,-0.75385,-0.71778,-0.80176,-0.93433,-1.0181,-1.00962,-1.0537,-1.08614,-1.06674,-1.04367,-1.08379,-1.13661,-1.06778,-1.20309,-1.24996,-1.28635,-1.265,-1.27417,-1.26601,-1.24451,-1.24335,-1.2253,-1.23234,-1.29203,-1.39913,-1.51262,-1.60521,-1.64706,-1.6288,-1.62271,-1.59543
Mar2015,-0.23676,0.00692,-0.12888,-0.5064,-0.70986,-0.32866,-0.20702,-0.32828,-0.73266,-0.90159,-0.76944,-0.78226,-0.71572,-0.67589,-0.70899,-0.72054,-0.7468,-0.77388,-0.71723,-0.68574,-0.76908,-0.89683,-0.97772,-0.97045,-1.01465,-1.04687,-1.02932,-1.0074,-1.04695,-1.09686,-1.0326,-1.16157,-1.20788,-1.24359,-1.22345,-1.23297,-1.22689,-1.20683,-1.20597,-1.18881,-1.19665,-1.25459,-1.35778,-1.46445,-1.55272,-1.59407,-1.57887,-1.57517
Apr2015,-0.99515,-0.64009,-0.43315,-0.46644,-0.67547,-0.81692,-0.51163,-0.36676,-0.42776,-0.78196,-0.93254,-0.80851,-0.81782,-0.75224,-0.71367,-0.74331,-0.75182,-0.77565,-0.80074,-0.74671,-0.71411,-0.79297,-0.91584,-0.9927,-0.985,-1.027,-1.05762,-1.0405,-1.01845,-1.05611,-1.10346,-1.04133,-1.16499,-1.20854,-1.24332,-1.22348,-1.23282,-1.22696,-1.20757,-1.20666,-1.19002,-1.19753,-1.25404,-1.35435,-1.45664,-1.54264,-1.5829,-1.56812
May2015,-1.22207,-1.18574,-0.89462,-0.7342,-0.7316,-0.85584,-0.94098,-0.69305,-0.5572,-0.56821,-0.86605,-0.99833,-0.88304,-0.88817,-0.82282,-0.78483,-0.81064,-0.81611,-0.83624,-0.85859,-0.80599,-0.77173,-0.84288,-0.95848,-1.02992,-1.02125,-1.05913,-1.08766,-1.07066,-1.04962,-1.08481,-1.12899,-1.069,-1.18617,-1.22675,-1.2594,-1.23934,-1.24767,-1.24149,-1.22263,-1.22145,-1.20522,-1.21215,-1.2662,-1.36208,-1.45981,-1.54153,-1.58037
Jun2015,-0.74447,-1.18393,-1.20248,-0.97435,-0.85376,-0.85409,-0.9387,-1.00506,-0.78471,-0.65015,-0.64818,-0.91103,-1.0312,-0.92499,-0.92844,-0.86644,-0.8302,-0.8526,-0.85352,-0.87096,-0.89098,-0.84116,-0.81006,-0.87522,-0.98475,-1.05248,-1.04255,-1.0775,-1.10425,-1.08776,-1.06596,-1.09954,-1.14164,-1.08155,-1.1953,-1.23524,-1.26649,-1.24636,-1.25447,-1.2483,-1.22959,-1.22834,-1.21213,-1.21906,-1.27234,-1.3671,-1.46403,-1.5453
Jul2015,-0.11512,-0.47287,-0.8354,-0.92175,-0.78728,-0.68928,-0.70343,-0.79186,-0.8638,-0.68539,-0.58819,-0.60565,-0.84701,-0.96335,-0.86586,-0.87117,-0.81693,-0.784,-0.80659,-0.80772,-0.82601,-0.84428,-0.80054,-0.7738,-0.83699,-0.9439,-1.00899,-1.00096,-1.03707,-1.06391,-1.04912,-1.0282,-1.06183,-1.10294,-1.04609,-1.15821,-1.19969,-1.23139,-1.21199,-1.22021,-1.21473,-1.19667,-1.196,-1.18126,-1.18892,-1.24122,-1.33541,-1.43047
Aug2015,0.77029,0.48842,0.2286,-0.07918,-0.24387,-0.24983,-0.20341,-0.23924,-0.35489,-0.45638,-0.32364,-0.29403,-0.34444,-0.59811,-0.7162,-0.63054,-0.6454,-0.6071,-0.58198,-0.60949,-0.61251,-0.63744,-0.65848,-0.62749,-0.60631,-0.67537,-0.78669,-0.85656,-0.85361,-0.8964,-0.9264,-0.91379,-0.89133,-0.92906,-0.97393,-0.91973,-1.03283,-1.07778,-1.11383,-1.09662,-1.1077,-1.10659,-1.08987,-1.09076,-1.07562,-1.08549,-1.13892,-1.23729
Sep2015,1.07006,1.0553,0.83572,0.58503,0.34797,0.19218,0.15098,0.17119,0.12879,0.02532,-0.08339,0.01691,0.00031,-0.08697,-0.36011,-0.4901,-0.41165,-0.43267,-0.40444,-0.38453,-0.4153,-0.41826,-0.44803,-0.47589,-0.45743,-0.43886,-0.51572,-0.62955,-0.70352,-0.70531,-0.75518,-0.78831,-0.77769,-0.76021,-0.80191,-0.84951,-0.79912,-0.91462,-0.96425,-1.00277,-0.98829,-1.002,-1.00467,-0.98943,-0.99142,-0.9753,-0.98735,-1.04342
Oct2015,0.99827,1.20356,1.15384,0.95614,0.72643,0.51614,0.37192,0.32361,0.33452,0.29401,0.20274,0.09997,0.18591,0.15284,0.05698,-0.21289,-0.34256,-0.26988,-0.29459,-0.27384,-0.25703,-0.28917,-0.29529,-0.3274,-0.35851,-0.34646,-0.33186,-0.40987,-0.52383,-0.59968,-0.60459,-0.65785,-0.69245,-0.68321,-0.66776,-0.71107,-0.75983,-0.71207,-0.82672,-0.87823,-0.91788,-0.90586,-0.92209,-0.92783,-0.91422,-0.91716,-0.90193,-0.91518
Nov2015,-0.90926,0.57021,1.00147,1.00283,0.8194,0.60239,0.40071,0.26603,0.22628,0.24158,0.20496,0.11831,0.02297,0.11033,0.08664,0.00198,-0.25748,-0.38212,-0.3101,-0.33303,-0.31088,-0.29395,-0.32468,-0.33115,-0.36169,-0.39065,-0.37761,-0.36157,-0.43694,-0.54811,-0.62127,-0.62535,-0.67669,-0.71013,-0.70086,-0.68532,-0.72751,-0.77493,-0.72764,-0.83972,-0.88975,-0.92841,-0.91638,-0.93196,-0.93726,-0.92372,-0.92648,-0.91122
Dec2015,-1.2487,-1.15901,0.13855,0.78399,0.84107,0.68023,0.47893,0.2844,0.15766,0.12507,0.14335,0.11065,0.02926,-0.05899,0.03095,0.01714,-0.05555,-0.3041,-0.42338,-0.35257,-0.37353,-0.35045,-0.33339,-0.3624,-0.36846,-0.39716,-0.42395,-0.40963,-0.39176,-0.46442,-0.57272,-0.64372,-0.6469,-0.69629,-0.72864,-0.71935,-0.70378,-0.74484,-0.79122,-0.74437,-0.85394,-0.90238,-0.93997,-0.92785,-0.94277,-0.94762,-0.93417,-0.93682
Jan2016,-2.29239,-1.80914,-1.63468,-0.53661,0.36791,0.54913,0.41857,0.23665,0.05461,-0.05771,-0.07542,-0.05154,-0.07848,-0.15519,-0.23586,-0.13729,-0.13638,-0.19419,-0.43378,-0.54946,-0.47666,-0.49444,-0.4674,-0.44893,-0.47581,-0.482,-0.50837,-0.53457,-0.51903,-0.49921,-0.57121,-0.68002,-0.74977,-0.75095,-0.79724,-0.82777,-0.81768,-0.80191,-0.84187,-0.88769,-0.84087,-0.95321,-0.99981,-1.03539,-1.02303,-1.03762,-1.04169,-1.0284
Feb2016,-1.15026,-1.79113,-1.70278,-1.5882,-0.72229,0.1822,0.41935,0.30905,0.14415,-0.027,-0.12832,-0.13905,-0.11352,-0.13793,-0.20975,-0.28566,-0.18749,-0.18174,-0.23345,-0.46745,-0.58101,-0.50867,-0.52525,-0.4973,-0.47852,-0.50437,-0.51009,-0.53539,-0.56087,-0.54471,-0.52445,-0.5945,-0.70118,-0.76918,-0.76974,-0.81455,-0.84422,-0.83418,-0.81832,-0.85749,-0.90243,-0.856,-0.96708,-1.01231,-1.04748,-1.03479,-1.0488,-1.05239
Mar2016,-0.71854,-0.91227,-1.33027,-1.36083,-1.34629,-0.75489,0.01983,0.29578,0.20727,0.05941,-0.09554,-0.18688,-0.19177,-0.16422,-0.18547,-0.25135,-0.32206,-0.22752,-0.21765,-0.26168,-0.48345,-0.59101,-0.52271,-0.5391,-0.51216,-0.49378,-0.51803,-0.52272,-0.54676,-0.57073,-0.55472,-0.53464,-0.60151,-0.70412,-0.76913,-0.76974,-0.81283,-0.84139,-0.83171,-0.81612,-0.854,-0.89727,-0.85269,-0.9586,-1.00162,-1.03558,-1.02382,-1.03778
Apr2016,-1.10142,-0.92561,-1.01781,-1.30778,-1.33291,-1.33163,-0.87378,-0.192,0.12756,0.06664,-0.06061,-0.19977,-0.27944,-0.27575,-0.24659,-0.2639,-0.32299,-0.38695,-0.29561,-0.28046,-0.3161,-0.52649,-0.62871,-0.56261,-0.57781,-0.55059,-0.53233,-0.55502,-0.55811,-0.58006,-0.60225,-0.58657,-0.56504,-0.62907,-0.72784,-0.79005,-0.78998,-0.83095,-0.85829,-0.84866,-0.83362,-0.86993,-0.91195,-0.86876,-0.97099,-1.01225,-1.04508,-1.03331
May2016,0.27816,-0.48206,-0.59087,-0.73447,-1.02547,-1.07856,-1.10698,-0.71325,-0.13866,0.14659,0.08868,-0.03308,-0.16394,-0.23993,-0.23795,-0.21091,-0.22821,-0.28422,-0.34692,-0.26093,-0.25001,-0.2853,-0.49062,-0.59121,-0.52887,-0.54459,-0.51975,-0.50275,-0.52548,-0.52994,-0.55228,-0.57435,-0.56043,-0.53984,-0.6028,-0.6998,-0.7607,-0.76141,-0.80249,-0.82959,-0.82065,-0.80637,-0.84242,-0.88349,-0.84197,-0.94121,-0.98146,-1.01377
Jun2016,-0.78028,-0.47271,-0.73864,-0.75626,-0.86457,-1.09499,-1.12889,-1.14982,-0.80919,-0.29097,-0.01159,-0.05192,-0.15286,-0.27092,-0.33769,-0.33106,-0.30376,-0.31655,-0.36353,-0.4194,-0.33685,-0.32156,-0.35276,-0.54359,-0.63776,-0.57731,-0.59014,-0.56457,-0.54715,-0.56836,-0.56994,-0.5905,-0.61037,-0.5943,-0.57273,-0.63109,-0.72491,-0.78344,-0.78353,-0.8225,-0.84835,-0.8393,-0.82484,-0.85966,-0.89956,-0.85832,-0.95631,-0.99536
Jul2016,0.36337,-0.1776,-0.08247,-0.3454,-0.42885,-0.54806,-0.79438,-0.84976,-0.8936,-0.60018,-0.17164,0.04941,0.01453,-0.0842,-0.19543,-0.2621,-0.26107,-0.237,-0.25137,-0.29454,-0.34921,-0.27335,-0.26565,-0.29694,-0.47882,-0.57277,-0.51567,-0.52953,-0.50711,-0.49119,-0.51257,-0.51298,-0.53419,-0.55361,-0.53935,-0.51765,-0.5754,-0.66812,-0.72661,-0.72798,-0.76802,-0.7942,-0.78583,-0.77278,-0.80809,-0.84777,-0.80774,-0.90385
Aug2016,0.19092,0.25212,0.00898,0.0515,-0.14933,-0.25339,-0.35733,-0.57045,-0.64482,-0.7028,-0.45748,-0.12284,0.08199,0.05455,-0.03186,-0.13326,-0.19651,-0.20065,-0.18069,-0.19631,-0.23423,-0.28875,-0.21642,-0.2166,-0.24358,-0.41684,-0.51046,-0.45706,-0.47241,-0.45165,-0.43628,-0.45738,-0.45386,-0.47588,-0.49848,-0.48507,-0.46295,-0.51979,-0.61162,-0.67146,-0.67429,-0.71547,-0.74237,-0.73465,-0.71893,-0.75473,-0.79556,-0.75708
Sep2016,1.61892,1.08547,1.00075,0.73202,0.74684,0.56005,0.41875,0.29476,0.07684,-0.00495,-0.09211,0.10641,0.3427,0.4684,0.41152,0.31233,0.20781,0.13852,0.12135,0.13312,0.11303,0.07729,0.01722,0.07303,0.05276,0.01731,-0.16298,-0.26022,-0.21289,-0.23466,-0.22288,-0.21167,-0.2355,-0.23565,-0.26209,-0.28949,-0.28424,-0.26682,-0.32913,-0.42395,-0.48835,-0.4956,-0.543,-0.57289,-0.56682,-0.54849,-0.58745,-0.63177
Oct2016,-2.38432,0.46857,0.32883,0.35178,0.15049,0.19247,0.04219,-0.04952,-0.14177,-0.31965,-0.3799,-0.43659,-0.22812,0.03029,0.19072,0.15689,0.07446,-0.01851,-0.07751,-0.08477,-0.06861,-0.08428,-0.11767,-0.17022,-0.10997,-0.11833,-0.14116,-0.30712,-0.39719,-0.3492,-0.36686,-0.35094,-0.33806,-0.35925,-0.36072,-0.38376,-0.40831,-0.3993,-0.3808,-0.43834,-0.52894,-0.58951,-0.59412,-0.63716,-0.66472,-0.65791,-0.64105,-0.67735
Nov2016,-1.87243,-2.46276,0.03312,0.04579,0.1155,-0.06054,-0.00878,-0.14172,-0.21352,-0.2923,-0.45479,-0.50855,-0.55555,-0.35363,-0.09302,0.0789,0.05302,-0.02403,-0.11216,-0.16705,-0.16997,-0.15266,-0.16657,-0.19941,-0.24873,-0.18706,-0.19146,-0.20966,-0.36967,-0.45657,-0.4079,-0.42342,-0.40597,-0.39236,-0.4124,-0.41355,-0.43525,-0.45824,-0.44773,-0.42856,-0.48379,-0.57193,-0.63048,-0.63391,-0.67481,-0.70115,-0.69411,-0.67734
Dec2016,-1.57617,-1.75167,-2.32951,-0.28976,-0.16846,-0.06168,-0.21409,-0.15861,-0.27785,-0.33548,-0.40463,-0.55375,-0.60071,-0.64111,-0.44599,-0.18715,-0.00785,-0.02747,-0.09967,-0.18374,-0.23497,-0.23519,-0.21726,-0.22951,-0.2612,-0.30755,-0.24532,-0.24645,-0.26069,-0.41545,-0.49949,-0.45098,-0.46488,-0.44641,-0.43243,-0.45158,-0.45247,-0.4732,-0.49527,-0.48377,-0.46457,-0.51794,-0.60394,-0.66044,-0.66309,-0.70212,-0.72757,-0.72046
Jan2017,-1.7298,-1.7269,-1.82209,-2.35529,-0.56846,-0.3579,-0.23001,-0.36727,-0.30909,-0.41577,-0.46213,-0.52557,-0.66487,-0.70604,-0.74327,-0.55334,-0.29261,-0.10664,-0.12258,-0.19311,-0.27484,-0.32384,-0.32163,-0.30313,-0.31423,-0.34632,-0.39108,-0.32936,-0.32904,-0.34069,-0.49645,-0.58138,-0.53091,-0.54372,-0.52315,-0.50808,-0.52694,-0.52796,-0.54835,-0.56987,-0.55779,-0.53787,-0.59074,-0.67673,-0.73393,-0.73628,-0.77545,-0.80157
Feb2017,-1.01623,-1.42038,-1.5947,-1.70145,-2.17736,-0.66634,-0.43688,-0.2981,-0.42217,-0.36272,-0.4604,-0.50022,-0.56004,-0.69411,-0.73209,-0.76682,-0.58137,-0.32486,-0.13906,-0.15409,-0.22367,-0.30323,-0.35081,-0.34757,-0.32887,-0.33939,-0.37062,-0.41414,-0.35337,-0.35209,-0.36258,-0.51545,-0.59887,-0.54871,-0.56084,-0.54003,-0.52492,-0.54341,-0.54409,-0.56401,-0.58491,-0.5726,-0.55269,-0.60434,-0.68902,-0.74511,-0.7471,-0.78548
Mar2017,-1.56767,-1.45122,-1.56105,-1.62775,-1.69315,-2.01716,-0.99473,-0.69895,-0.53338,-0.6289,-0.56553,-0.64299,-0.66357,-0.71,-0.82606,-0.85486,-0.88171,-0.7099,-0.46376,-0.27511,-0.28111,-0.34283,-0.41652,-0.45929,-0.45164,-0.43148,-0.43941,-0.4676,-0.50658,-0.44692,-0.44155,-0.44861,-0.59152,-0.66976,-0.62025,-0.63013,-0.60789,-0.59245,-0.60929,-0.60942,-0.62739,-0.64626,-0.63338,-0.61339,-0.66124,-0.74126,-0.79366,-0.7944
Apr2017,-1.73839,-1.67824,-1.59806,-1.66315,-1.70023,-1.74067,-1.98729,-1.21674,-0.90606,-0.72452,-0.79742,-0.73238,-0.79393,-0.80006,-0.83759,-0.93987,-0.96109,-0.98192,-0.82117,-0.58481,-0.39503,-0.39381,-0.44917,-0.51779,-0.5561,-0.5448,-0.52378,-0.52979,-0.55483,-0.58956,-0.53059,-0.52331,-0.52651,-0.6617,-0.73558,-0.68647,-0.69406,-0.67037,-0.65442,-0.66987,-0.67,-0.68617,-0.70373,-0.69045,-0.67057,-0.71505,-0.79167,-0.84124
May2017,2.58471,0.44167,-0.55431,-0.67455,-0.86313,-1.0053,-1.15279,-1.46048,-0.65644,-0.49274,-0.37735,-0.47048,-0.41939,-0.4941,-0.52146,-0.56834,-0.67936,-0.70895,-0.7403,-0.58443,-0.36571,-0.19482,-0.20575,-0.26673,-0.34034,-0.38387,-0.38066,-0.36347,-0.37236,-0.39958,-0.43821,-0.38311,-0.38192,-0.3889,-0.52691,-0.6032,-0.55787,-0.56876,-0.54999,-0.53624,-0.5531,-0.55365,-0.57195,-0.59089,-0.58022,-0.56162,-0.60775,-0.68473
Jun2017,1.22087,2.17684,1.04759,0.14238,-0.07689,-0.3337,-0.52246,-0.73186,-1.08759,-0.30836,-0.23353,-0.16322,-0.26193,-0.22308,-0.30381,-0.3428,-0.39402,-0.50544,-0.53516,-0.57196,-0.42505,-0.22357,-0.07132,-0.08769,-0.14971,-0.22488,-0.27049,-0.27251,-0.25766,-0.26821,-0.29279,-0.33312,-0.28129,-0.28307,-0.29172,-0.42853,-0.50625,-0.46417,-0.47714,-0.46139,-0.44912,-0.46662,-0.46647,-0.48595,-0.50582,-0.49612,-0.47933,-0.52661
Jul2017,1.1971,1.43437,2.01985,1.29481,0.63876,0.44288,0.19624,-0.01978,-0.26177,-0.67545,0.00025,0.00507,0.05233,-0.05322,-0.02476,-0.1101,-0.15829,-0.21111,-0.32187,-0.35211,-0.39332,-0.25799,-0.08046,0.05586,0.03682,-0.02806,-0.1014,-0.14819,-0.15382,-0.14118,-0.15294,-0.17492,-0.21643,-0.16811,-0.17319,-0.18244,-0.31763,-0.39556,-0.35658,-0.37203,-0.35998,-0.34938,-0.36735,-0.36738,-0.38797,-0.40912,-0.40135,-0.38554
Aug2017,1.22923,1.37132,1.50202,1.84107,1.47342,1.07086,0.9233,0.73553,0.5715,0.33603,-0.10904,0.40398,0.36546,0.38262,0.27502,0.29278,0.2043,0.14331,0.08568,-0.02645,-0.0559,-0.10523,0.01682,0.16351,0.28162,0.25769,0.18929,0.11482,0.06414,0.05323,0.06321,0.05,0.03258,-0.01141,0.02724,0.01693,0.00369,-0.13122,-0.20939,-0.17649,-0.1964,-0.1893,-0.18171,-0.20085,-0.19607,-0.21822,-0.2442,-0.24051
Sep2017,-2.09566,-0.04114,0.38266,0.67796,1.05725,0.73487,0.38648,0.27889,0.13038,0.00193,-0.16827,-0.49834,-0.00515,0.01543,0.05681,-0.03183,-0.00648,-0.07835,-0.12171,-0.16983,-0.26922,-0.29077,-0.33019,-0.20976,-0.05983,0.07242,0.05737,-0.00244,-0.06844,-0.11212,-0.11716,-0.10515,-0.11577,-0.13449,-0.17423,-0.13216,-0.13743,-0.1445,-0.27267,-0.34683,-0.31133,-0.32751,-0.31703,-0.30763,-0.32509,-0.31896,-0.33875,-0.36181
Oct2017,-1.67767,-2.62717,-0.53534,-0.08723,0.22888,0.6195,0.32599,0.02976,-0.0524,-0.17277,-0.27783,-0.41308,-0.68864,-0.21727,-0.17056,-0.11694,-0.19242,-0.16308,-0.22606,-0.26033,-0.30222,-0.3936,-0.4149,-0.44876,-0.33102,-0.17999,-0.04323,-0.05094,-0.10635,-0.16906,-0.20916,-0.21081,-0.1977,-0.20662,-0.22601,-0.26274,-0.22067,-0.22235,-0.22777,-0.35061,-0.4218,-0.38598,-0.40013,-0.38801,-0.37787,-0.3942,-0.38922,-0.40743
Nov2017,-1.77559,-1.98332,-2.74831,-0.75679,-0.29261,0.02629,0.42075,0.1419,-0.1293,-0.19929,-0.30863,-0.40519,-0.5262,-0.77968,-0.32509,-0.26735,-0.2088,-0.27908,-0.2479,-0.30656,-0.33586,-0.375,-0.46218,-0.48298,-0.51408,-0.39797,-0.24772,-0.10958,-0.1146,-0.16798,-0.22786,-0.26552,-0.26538,-0.25151,-0.2596,-0.2785,-0.31374,-0.27132,-0.27107,-0.27508,-0.39475,-0.46396,-0.428,-0.44088,-0.42775,-0.41711,-0.43282,-0.42782
Dec2017,-0.50035,-1.18922,-1.65682,-2.46329,-0.74394,-0.30744,-0.00062,0.37739,0.10893,-0.14982,-0.2162,-0.32028,-0.41142,-0.52713,-0.76895,-0.33235,-0.27394,-0.21684,-0.28504,-0.25475,-0.31181,-0.34049,-0.37878,-0.46358,-0.48384,-0.51411,-0.40042,-0.25327,-0.11635,-0.12126,-0.17382,-0.23264,-0.26944,-0.26924,-0.25554,-0.26347,-0.28182,-0.31664,-0.27521,-0.27465,-0.27877,-0.39661,-0.46488,-0.42952,-0.44224,-0.42915,-0.41888,-0.43435
Jan2018,-0.53899,-0.5623,-1.08607,-1.56824,-2.23588,-0.76126,-0.35148,-0.05883,0.31223,0.05256,-0.19773,-0.26286,-0.36354,-0.45114,-0.56499,-0.80163,-0.37145,-0.31297,-0.25714,-0.32597,-0.29528,-0.3519,-0.3802,-0.41841,-0.50232,-0.52313,-0.55323,-0.44208,-0.296,-0.15633,-0.16113,-0.21428,-0.27396,-0.31113,-0.31073,-0.29676,-0.30474,-0.3235,-0.35895,-0.31669,-0.31582,-0.31913,-0.4388,-0.50774,-0.47204,-0.48508,-0.47179,-0.46147
Feb2018,1.03007,0.30126,0.04852,-0.63937,-1.1895,-1.8603,-0.62438,-0.24722,0.0297,0.38084,0.13162,-0.11522,-0.18216,-0.28368,-0.37059,-0.48639,-0.72476,-0.30531,-0.25336,-0.20388,-0.27503,-0.24631,-0.30418,-0.3346,-0.37352,-0.45754,-0.47851,-0.50972,-0.40083,-0.25816,-0.12142,-0.12768,-0.18136,-0.24116,-0.2788,-0.27965,-0.26643,-0.27479,-0.29286,-0.32859,-0.2873,-0.28721,-0.29081,-0.41003,-0.47868,-0.44373,-0.45731,-0.4449
Mar2018,-1.52864,-0.94301,-0.90026,-0.8345,-1.07585,-1.37255,-1.86149,-0.84775,-0.47697,-0.21099,0.12765,-0.09582,-0.30711,-0.35952,-0.44708,-0.52199,-0.6224,-0.83307,-0.4387,-0.37702,-0.32244,-0.38589,-0.35701,-0.40987,-0.43431,-0.46876,-0.54627,-0.56459,-0.59205,-0.48729,-0.34753,-0.21278,-0.21553,-0.26587,-0.32187,-0.35651,-0.35496,-0.34127,-0.34857,-0.36573,-0.39895,-0.35772,-0.35612,-0.35801,-0.47144,-0.53631,-0.5011,-0.51275
Apr2018,-0.27815,-1.11195,-0.75287,-0.75308,-0.71389,-0.94526,-1.22032,-1.62815,-0.79937,-0.46269,-0.21446,0.10265,-0.10554,-0.30165,-0.35094,-0.43377,-0.50396,-0.6006,-0.80305,-0.4276,-0.36775,-0.31628,-0.37763,-0.35127,-0.40372,-0.42827,-0.46212,-0.53742,-0.55422,-0.58082,-0.47912,-0.34481,-0.21262,-0.21643,-0.2655,-0.32017,-0.35371,-0.35235,-0.33904,-0.34621,-0.36299,-0.39545,-0.35545,-0.35426,-0.35612,-0.46655,-0.53004,-0.4958
May2018,0.15785,-0.05621,-0.78402,-0.5436,-0.56549,-0.54967,-0.76779,-1.04498,-1.41196,-0.7168,-0.41636,-0.18907,0.10777,-0.08777,-0.27284,-0.31984,-0.39937,-0.46626,-0.56028,-0.75556,-0.39931,-0.34275,-0.29446,-0.35534,-0.33126,-0.38242,-0.40723,-0.44056,-0.51423,-0.53194,-0.55863,-0.4602,-0.3307,-0.20262,-0.20655,-0.25531,-0.30898,-0.34194,-0.34115,-0.32832,-0.33559,-0.35205,-0.38405,-0.34509,-0.34448,-0.34699,-0.4545,-0.51635
Jun2018,-0.65673,-0.44239,-0.40533,-0.85939,-0.6803,-0.70047,-0.67115,-0.84375,-1.06676,-1.39008,-0.76728,-0.49315,-0.27926,-0.0024,-0.18098,-0.34863,-0.39057,-0.46182,-0.51921,-0.60514,-0.78658,-0.45046,-0.39621,-0.34633,-0.40259,-0.37855,-0.42563,-0.44789,-0.4788,-0.54901,-0.56337,-0.58836,-0.49253,-0.36542,-0.23917,-0.23961,-0.28689,-0.33861,-0.36975,-0.36782,-0.35485,-0.36144,-0.37683,-0.40739,-0.36872,-0.36643,-0.36906,-0.47308
Jul2018,-1.12808,-1.12946,-0.91612,-0.81134,-1.05455,-0.8851,-0.88909,-0.85383,-0.97613,-1.15983,-1.44015,-0.89395,-0.6338,-0.4404,-0.18506,-0.34142,-0.48449,-0.51768,-0.57986,-0.62774,-0.70227,-0.8628,-0.55439,-0.49754,-0.44376,-0.49631,-0.46989,-0.51079,-0.52757,-0.55475,-0.61967,-0.63121,-0.65333,-0.56056,-0.43656,-0.31114,-0.30768,-0.35139,-0.39963,-0.42842,-0.42492,-0.41142,-0.41688,-0.43248,-0.461,-0.42269,-0.41894,-0.42003
Aug2018,-0.64897,-0.98047,-1.06035,-0.94855,-0.89261,-1.0807,-0.94748,-0.94668,-0.92858,-1.02905,-1.18608,-1.41927,-0.95431,-0.7167,-0.53529,-0.301,-0.43846,-0.56559,-0.59512,-0.65136,-0.692,-0.75985,-0.90795,-0.61987,-0.55948,-0.50249,-0.55227,-0.52584,-0.56333,-0.57607,-0.60041,-0.66162,-0.66847,-0.689,-0.60147,-0.47946,-0.35519,-0.34901,-0.3894,-0.43638,-0.46389,-0.45896,-0.44551,-0.45037,-0.46223,-0.48907,-0.45287,-0.44898
Sep2018,1.05192,0.12451,-0.32915,-0.45848,-0.39514,-0.38901,-0.63632,-0.53231,-0.5482,-0.53844,-0.66232,-0.85307,-1.12432,-0.69287,-0.48209,-0.31592,-0.09612,-0.23392,-0.36701,-0.40105,-0.46038,-0.50126,-0.57461,-0.73003,-0.45291,-0.39562,-0.34801,-0.39975,-0.37681,-0.41794,-0.43631,-0.46305,-0.526,-0.53769,-0.56136,-0.47618,-0.36011,-0.24026,-0.23769,-0.27937,-0.32822,-0.35787,-0.35635,-0.34447,-0.35021,-0.35905,-0.38705,-0.35296
Oct2018,-0.4361,0.60645,-0.04583,-0.42929,-0.53551,-0.47402,-0.46431,-0.67621,-0.58197,-0.59271,-0.58182,-0.68946,-0.86106,-1.11282,-0.70791,-0.50747,-0.34745,-0.13661,-0.2662,-0.39133,-0.42272,-0.47881,-0.52024,-0.58991,-0.7397,-0.47161,-0.41414,-0.36502,-0.41444,-0.39257,-0.4323,-0.44958,-0.47535,-0.53628,-0.54888,-0.57152,-0.48892,-0.37509,-0.25861,-0.25545,-0.29603,-0.34403,-0.37281,-0.37116,-0.35939,-0.36484,-0.37416,-0.40121
Nov2018,-1.23398,-0.88394,0.32111,-0.22245,-0.54843,-0.63809,-0.57364,-0.55753,-0.7452,-0.65289,-0.66068,-0.64931,-0.74686,-0.90624,-1.14162,-0.75403,-0.55817,-0.40202,-0.19539,-0.31977,-0.43844,-0.46798,-0.52156,-0.56205,-0.62849,-0.77211,-0.51091,-0.45305,-0.40363,-0.45145,-0.42881,-0.46655,-0.48232,-0.50691,-0.56611,-0.578,-0.59974,-0.5184,-0.40563,-0.29024,-0.28624,-0.32565,-0.37255,-0.4002,-0.39777,-0.38571,-0.39085,-0.39985
Dec2018,-1.39777,-1.38963,-1.13405,0.05536,-0.38325,-0.65715,-0.73112,-0.66529,-0.64384,-0.81102,-0.72138,-0.72626,-0.71283,-0.8019,-0.94946,-1.17004,-0.79731,-0.6054,-0.45279,-0.25112,-0.37025,-0.48326,-0.51107,-0.56201,-0.60075,-0.66393,-0.80198,-0.54724,-0.48873,-0.43897,-0.48508,-0.46222,-0.49812,-0.51246,-0.53602,-0.59359,-0.60487,-0.6258,-0.54609,-0.43465,-0.32097,-0.31646,-0.35501,-0.40042,-0.42701,-0.42368,-0.41169,-0.41652
Jan2019,-1.43957,-1.50095,-1.48276,-1.31546,-0.1791,-0.52014,-0.75685,-0.82589,-0.76474,-0.73951,-0.8939,-0.80699,-0.80882,-0.79269,-0.87767,-1.02125,-1.22708,-0.86897,-0.67922,-0.52881,-0.32721,-0.44412,-0.55399,-0.58058,-0.62995,-0.66823,-0.72963,-0.86745,-0.6177,-0.55944,-0.50964,-0.55643,-0.53221,-0.56762,-0.58052,-0.60337,-0.66111,-0.67255,-0.69322,-0.61239,-0.49944,-0.3831,-0.37754,-0.416,-0.46189,-0.48854,-0.48467,-0.47233
Feb2019,-1.60796,-1.6363,-1.65346,-1.61306,-1.48999,-0.45909,-0.68795,-0.87665,-0.93263,-0.86856,-0.83778,-0.97533,-0.88785,-0.88651,-0.86721,-0.94525,-1.08277,-1.28045,-0.92818,-0.73897,-0.591,-0.39203,-0.5046,-0.60903,-0.63367,-0.6808,-0.71738,-0.77604,-0.91005,-0.66466,-0.60648,-0.55581,-0.6009,-0.57601,-0.6096,-0.62075,-0.64247,-0.69875,-0.70954,-0.72923,-0.6493,-0.53732,-0.42191,-0.41521,-0.4523,-0.49669,-0.52219,-0.51739
Mar2019,-0.21078,-0.86981,-1.04918,-1.17876,-1.24461,-1.19482,-0.40352,-0.62339,-0.80637,-0.86082,-0.80233,-0.77691,-0.90978,-0.83164,-0.83299,-0.81556,-0.89154,-1.02087,-1.21336,-0.88474,-0.7074,-0.56629,-0.37758,-0.48706,-0.5882,-0.61221,-0.65775,-0.69257,-0.74971,-0.87822,-0.64349,-0.58743,-0.53935,-0.58357,-0.56001,-0.59307,-0.60458,-0.62597,-0.68045,-0.69055,-0.71013,-0.63312,-0.5254,-0.41354,-0.40755,-0.44338,-0.48618,-0.51097
Apr2019,-1.67904,-1.04678,-1.239,-1.31446,-1.36766,-1.39693,-1.35646,-0.71694,-0.82595,-0.95563,-0.99465,-0.93547,-0.90529,-1.01576,-0.94035,-0.93792,-0.91698,-0.98341,-1.10174,-1.28136,-0.96747,-0.79347,-0.65655,-0.47425,-0.57658,-0.66932,-0.69053,-0.73252,-0.76373,-0.81602,-0.93717,-0.71162,-0.6552,-0.60693,-0.64824,-0.62412,-0.6541,-0.66304,-0.68264,-0.73439,-0.74405,-0.76186,-0.68721,-0.5823,-0.47302,-0.46516,-0.49911,-0.53964
May2019,-1.44061,-1.65023,-1.2285,-1.34211,-1.39244,-1.42617,-1.44558,-1.41261,-0.89873,-0.95464,-1.05022,-1.08134,-1.02448,-0.99335,-1.08761,-1.01642,-1.01252,-0.99039,-1.04923,-1.15876,-1.32476,-1.02985,-0.86075,-0.72927,-0.55392,-0.64859,-0.73347,-0.75228,-0.79122,-0.82112,-0.8696,-0.98357,-0.7674,-0.71212,-0.66353,-0.70248,-0.67794,-0.70531,-0.71223,-0.73019,-0.77936,-0.78858,-0.80494,-0.73262,-0.63088,-0.52514,-0.5156,-0.54744
Jun2019,-1.94033,-1.95462,-1.99933,-1.58543,-1.62105,-1.6338,-1.64044,-1.63213,-1.60178,-1.19202,-1.1822,-1.23383,-1.25707,-1.20118,-1.16668,-1.2386,-1.17042,-1.16305,-1.13619,-1.18364,-1.28075,-1.43032,-1.15771,-0.99321,-0.86784,-0.69984,-0.78313,-0.85628,-0.87095,-0.90542,-0.92988,-0.97272,-1.07836,-0.86987,-0.81578,-0.76479,-0.80025,-0.77447,-0.79818,-0.80136,-0.81691,-0.86286,-0.87072,-0.88492,-0.81464,-0.71447,-0.61227,-0.60025
Jul2019,-1.19214,-1.80919,-1.88645,-1.96704,-1.65924,-1.68581,-1.69075,-1.68061,-1.66339,-1.63366,-1.2876,-1.26089,-1.29788,-1.31832,-1.26457,-1.22919,-1.28754,-1.22415,-1.21631,-1.19033,-1.23188,-1.31853,-1.4514,-1.20456,-1.05077,-0.93542,-0.7766,-0.85148,-0.91671,-0.92913,-0.9607,-0.98214,-1.02131,-1.12082,-0.92203,-0.87003,-0.81913,-0.85192,-0.82538,-0.84667,-0.84768,-0.86168,-0.90539,-0.91357,-0.92652,-0.85805,-0.76046,-0.6608
Aug2019,0.53954,-0.21735,-0.81652,-1.07946,-1.29337,-1.1509,-1.23444,-1.2771,-1.31257,-1.33777,-1.32658,-0.99667,-1.0259,-1.09308,-1.11764,-1.07511,-1.04899,-1.11981,-1.06313,-1.05947,-1.03718,-1.08384,-1.17302,-1.3103,-1.07137,-0.9252,-0.81402,-0.66081,-0.7385,-0.80761,-0.8219,-0.85519,-0.87487,-0.91709,-1.02054,-0.82294,-0.77019,-0.72091,-0.7555,-0.73162,-0.75534,-0.75926,-0.77478,-0.81974,-0.82596,-0.8403,-0.77255,-0.67672
Sep2019,0.58105,0.6186,0.05635,-0.48027,-0.72921,-0.96952,-0.87704,-0.97966,-1.0342,-1.08037,-1.12092,-1.12576,-0.80231,-0.86757,-0.9554,-0.98644,-0.94655,-0.92438,-1.00284,-0.94837,-0.94676,-0.9251,-0.97557,-1.06792,-1.21222,-0.97117,-0.82938,-0.71999,-0.57037,-0.64998,-0.72276,-0.73867,-0.77324,-0.79779,-0.84227,-0.94774,-0.75286,-0.70183,-0.65526,-0.69082,-0.66849,-0.69331,-0.69926,-0.7156,-0.76107,-0.76545,-0.78085,-0.71402
Oct2019,0.02652,0.42864,0.50486,0.01467,-0.45147,-0.66525,-0.87855,-0.81065,-0.90787,-0.961,-1.0079,-1.04965,-1.05753,-0.7537,-0.82359,-0.91439,-0.94615,-0.90732,-0.88605,-0.96403,-0.91166,-0.91049,-0.89237,-0.94228,-1.033,-1.17671,-0.94199,-0.80264,-0.69514,-0.55005,-0.62843,-0.70048,-0.71647,-0.75061,-0.77612,-0.8201,-0.92407,-0.73347,-0.68399,-0.63891,-0.67412,-0.65296,-0.6779,-0.68443,-0.70082,-0.74568,-0.75066,-0.76598
Nov2019,-2.46341,-1.05493,-0.16955,0.12731,-0.28762,-0.6982,-0.87901,-1.05795,-0.97431,-1.05348,-1.09618,-1.13357,-1.16497,-1.16945,-0.8808,-0.93403,-1.0115,-1.03893,-0.99882,-0.97493,-1.04384,-0.99199,-0.98916,-0.97112,-1.01629,-1.10158,-1.23574,-1.01097,-0.87387,-0.76854,-0.62583,-0.69967,-0.7669,-0.78121,-0.81342,-0.83727,-0.87868,-0.97859,-0.79248,-0.74397,-0.69836,-0.73175,-0.70974,-0.73258,-0.73714,-0.75223,-0.79551,-0.80005
Dec2019,-1.79266,-2.09789,-1.4665,-0.57935,-0.14508,-0.48854,-0.85388,-1.01127,-1.16474,-1.0739,-1.14111,-1.17678,-1.20707,-1.23257,-1.23511,-0.96117,-1.00431,-1.07265,-1.09687,-1.05682,-1.03178,-1.09418,-1.04312,-1.03921,-1.02068,-1.06241,-1.14385,-1.27228,-1.05534,-0.92013,-0.81669,-0.67668,-0.74694,-0.81052,-0.82367,-0.85445,-0.87698,-0.91649,-1.01338,-0.8314,-0.78401,-0.73843,-0.77049,-0.74798,-0.76931,-0.7725,-0.78675,-0.82869
Jan2020,-2.0209,-1.97266,-2.14694,-1.74402,-0.90915,-0.38111,-0.66709,-0.99946,-1.14583,-1.28266,-1.18914,-1.24943,-1.27826,-1.30071,-1.32365,-1.3316,-1.06112,-1.10379,-1.16716,-1.1915,-1.14966,-1.12372,-1.17996,-1.12729,-1.12205,-1.1024,-1.14159,-1.22451,-1.35618,-1.14998,-1.01746,-0.91423,-0.7709,-0.84018,-0.90093,-0.91218,-0.9424,-0.96483,-1.00336,-1.10023,-0.91842,-0.87219,-0.82395,-0.85456,-0.83162,-0.85279,-0.85532,-0.87
Feb2020,-2.71733,-2.65537,-2.48734,-2.46452,-2.28139,-1.64424,-0.88192,-1.04559,-1.32064,-1.43848,-1.54864,-1.43175,-1.47393,-1.49045,-1.49966,-1.51072,-1.51941,-1.25801,-1.28509,-1.33044,-1.3491,-1.30473,-1.27382,-1.31746,-1.26328,-1.25487,-1.23255,-1.26568,-1.34449,-1.46745,-1.27209,-1.13968,-1.03715,-0.89539,-0.95865,-1.01226,-1.02083,-1.04854,-1.06874,-1.10362,-1.19629,-1.01942,-0.97589,-0.92579,-0.95394,-0.92889,-0.94695,-0.94628
Mar2020,-1.80389,-2.22008,-2.24649,-2.2372,-2.25319,-2.16609,-1.8364,-1.16362,-1.2493,-1.47093,-1.56146,-1.64607,-1.53461,-1.56965,-1.58118,-1.58123,-1.58533,-1.5945,-1.36062,-1.38188,-1.41614,-1.43115,-1.38555,-1.35173,-1.38633,-1.33442,-1.32531,-1.30203,-1.33025,-1.40234,-1.5174,-1.3348,-1.20803,-1.11019,-0.97442,-1.03151,-1.07891,-1.08558,-1.11055,-1.12841,-1.16004,-1.24723,-1.07955,-1.03852,-0.98878,-1.01444,-0.98925,-1.00505
Apr2020,-2.32995,-2.07588,-2.29899,-2.31258,-2.30465,-2.29564,-2.23194,-2.05954,-1.46196,-1.48046,-1.66035,-1.73061,-1.79586,-1.68442,-1.71061,-1.71585,-1.70738,-1.70573,-1.71518,-1.50355,-1.51796,-1.53899,-1.55198,-1.50238,-1.46449,-1.48932,-1.43743,-1.42655,-1.4016,-1.42477,-1.49166,-1.59715,-1.42711,-1.30247,-1.2084,-1.07716,-1.12825,-1.16911,-1.17369,-1.19604,-1.21176,-1.23973,-1.32248,-1.16265,-1.12438,-1.07455,-1.09776,-1.07156
May2020,-2.14992,-2.33444,-2.14194,-2.29346,-2.30951,-2.30037,-2.30996,-2.24288,-2.12177,-1.62216,-1.61166,-1.76257,-1.82073,-1.87523,-1.77072,-1.79223,-1.79519,-1.78285,-1.77807,-1.79063,-1.5969,-1.6104,-1.62258,-1.63146,-1.58094,-1.54273,-1.56045,-1.51006,-1.49794,-1.47176,-1.49116,-1.55279,-1.64982,-1.49132,-1.37167,-1.2815,-1.15534,-1.20117,-1.23672,-1.2397,-1.25976,-1.27345,-1.29847,-1.37647,-1.22488,-1.18976,-1.14034,-1.1614
Jun2020,-0.80959,-1.77199,-2.17078,-2.07859,-2.21475,-2.21008,-2.21708,-2.21994,-2.16584,-2.05795,-1.60256,-1.59338,-1.73996,-1.79184,-1.84213,-1.7478,-1.76774,-1.77365,-1.76498,-1.76116,-1.77042,-1.59067,-1.60637,-1.62044,-1.63069,-1.5827,-1.54506,-1.56119,-1.51285,-1.50119,-1.47619,-1.495,-1.5545,-1.64655,-1.49471,-1.37994,-1.29133,-1.16796,-1.21235,-1.24668,-1.24924,-1.2687,-1.28172,-1.30638,-1.38327,-1.23492,-1.20133,-1.15272
Jul2020,1.26314,0.42149,-0.59998,-1.28973,-1.51237,-1.79652,-1.83885,-1.8611,-1.90197,-1.81838,-1.62932,-1.27425,-1.31936,-1.47365,-1.5319,-1.58873,-1.51281,-1.54036,-1.55219,-1.55358,-1.55911,-1.56398,-1.38693,-1.41393,-1.44436,-1.45788,-1.41716,-1.38668,-1.41389,-1.37013,-1.36212,-1.34098,-1.36409,-1.42414,-1.52114,-1.36829,-1.25821,-1.17172,-1.05038,-1.0977,-1.13622,-1.14068,-1.16189,-1.17751,-1.20488,-1.28221,-1.1335,-1.09773
Aug2020,0.04873,0.54766,0.26053,-0.36343,-0.93128,-1.20559,-1.5059,-1.57404,-1.62525,-1.6985,-1.62744,-1.42645,-1.14926,-1.2118,-1.36259,-1.42901,-1.49108,-1.42293,-1.45415,-1.46736,-1.47266,-1.47981,-1.48806,-1.31444,-1.34728,-1.38437,-1.39821,-1.36018,-1.33177,-1.36276,-1.32099,-1.31441,-1.29335,-1.31796,-1.37942,-1.48115,-1.32641,-1.21565,-1.1304,-1.00891,-1.05696,-1.09708,-1.10199,-1.12403,-1.13913,-1.16758,-1.24485,-1.09578
Sep2020,2.31068,1.6412,1.70197,1.39697,0.96997,0.44974,0.02074,-0.41438,-0.56358,-0.69644,-0.86697,-0.81732,-0.62218,-0.43684,-0.58202,-0.77475,-0.86503,-0.95843,-0.91925,-0.97043,-0.99888,-1.01637,-1.04186,-1.04935,-0.87576,-0.92101,-0.98287,-1.0073,-0.97769,-0.96055,-1.01314,-0.97483,-0.97388,-0.95893,-0.99519,-1.06391,-1.18034,-1.0091,-0.90169,-0.81795,-0.70013,-0.75847,-0.81151,-0.82186,-0.84819,-0.86407,-0.89946,-0.98465
Oct2020,-0.38525,1.74803,1.3001,1.41386,1.1552,0.75477,0.28499,-0.08733,-0.46927,-0.59873,-0.71675,-0.86939,-0.82133,-0.63707,-0.46073,-0.59745,-0.78101,-0.8667,-0.95575,-0.91718,-0.96658,-0.9938,-1.013,-1.03742,-1.04485,-0.87703,-0.92154,-0.98069,-1.00339,-0.97437,-0.95752,-1.00931,-0.97186,-0.971,-0.95739,-0.99277,-1.05991,-1.17494,-1.00696,-0.90211,-0.82016,-0.70502,-0.76216,-0.81407,-0.82427,-0.85012,-0.8663,-0.90096
Nov2020,-1.93241,-1.13978,1.46515,1.04349,1.18692,0.94112,0.54032,0.08605,-0.25492,-0.60404,-0.71976,-0.82596,-0.96162,-0.91416,-0.7348,-0.55621,-0.68058,-0.85379,-0.93294,-1.01515,-0.97476,-1.02051,-1.04541,-1.06324,-1.08512,-1.09154,-0.92858,-0.97069,-1.02582,-1.04679,-1.01752,-0.99989,-1.04828,-1.01132,-1.00995,-0.99596,-1.02955,-1.09432,-1.20549,-1.04255,-0.93937,-0.85873,-0.74522,-0.8,-0.84947,-0.8588,-0.88369,-0.89915
Dec2020,-2.03062,-2.07746,-1.67979,1.07664,0.7173,0.90959,0.68293,0.28657,-0.1463,-0.45128,-0.76581,-0.86631,-0.95779,-1.07632,-1.0291,-0.85425,-0.67209,-0.78212,-0.944,-1.01698,-1.09225,-1.04888,-1.09051,-1.11261,-1.12785,-1.1466,-1.15235,-0.9943,-1.03401,-1.08428,-1.10307,-1.07328,-1.05422,-1.09864,-1.06191,-1.05985,-1.04532,-1.07676,-1.13921,-1.24612,-1.08851,-0.98692,-0.90774,-0.79589,-0.84792,-0.89444,-0.90278,-0.92659
Jan2021,-2.56652,-2.32538,-2.29503,-2.08844,0.6232,0.36707,0.60833,0.40101,0.01563,-0.39163,-0.66343,-0.95123,-1.03802,-1.11529,-1.22147,-1.18024,-1.00318,-0.82208,-0.92183,-1.07788,-1.14492,-1.21516,-1.16647,-1.20283,-1.22198,-1.23385,-1.24972,-1.25942,-1.10999,-1.15545,-1.20793,-1.22827,-1.1955,-1.17378,-1.21275,-1.17304,-1.16996,-1.15496,-1.1845,-1.24662,-1.35549,-1.20196,-1.09643,-1.01391,-0.90054,-0.95218,-0.99794,-1.00648
Feb2021,-1.92717,-2.32456,-2.35741,-2.28428,-2.18835,0.23003,0.0943,0.37137,0.18971,-0.17484,-0.55271,-0.79632,-1.06392,-1.14204,-1.21043,-1.30687,-1.26722,-1.09268,-0.91107,-1.00196,-1.15151,-1.21428,-1.27929,-1.22749,-1.26096,-1.27794,-1.28767,-1.30136,-1.31064,-1.16435,-1.20939,-1.25842,-1.27661,-1.24294,-1.22007,-1.25578,-1.21595,-1.2124,-1.19695,-1.22501,-1.28562,-1.39173,-1.2431,-1.138,-1.05648,-0.94371,-0.99328,-1.03685
Mar2021,-1.27578,-1.57513,-1.85155,-1.97732,-1.98484,-1.93616,-0.11623,-0.1339,0.15488,-0.00051,-0.32794,-0.66245,-0.87246,-1.11153,-1.18146,-1.23996,-1.32581,-1.28929,-1.13027,-0.9596,-1.04197,-1.18153,-1.23834,-1.29663,-1.24622,-1.27732,-1.29328,-1.30144,-1.31357,-1.32106,-1.18361,-1.2254,-1.27108,-1.28789,-1.25487,-1.23218,-1.26541,-1.22714,-1.22329,-1.20806,-1.23466,-1.29258,-1.39326,-1.25113,-1.14982,-1.07194,-0.9638,-1.01096
Apr2021,-1.9896,-1.65242,-1.77043,-1.93919,-2.02444,-2.01806,-1.98106,-0.58374,-0.47441,-0.16102,-0.28157,-0.56856,-0.85825,-1.03156,-1.24216,-1.30119,-1.34801,-1.42235,-1.38853,-1.24132,-1.07553,-1.14507,-1.27537,-1.32418,-1.37464,-1.32209,-1.34898,-1.36241,-1.36785,-1.37715,-1.38336,-1.2513,-1.29102,-1.33072,-1.3458,-1.3124,-1.28911,-1.31825,-1.28066,-1.2761,-1.26066,-1.28473,-1.34031,-1.43647,-1.30099,-1.20255,-1.12686,-1.02135
May2021,-1.46032,-1.84073,-1.65055,-1.74149,-1.88519,-1.96129,-1.97475,-1.93354,-0.79249,-0.65059,-0.34297,-0.44297,-0.69668,-0.95326,-1.10417,-1.29462,-1.34804,-1.389,-1.45635,-1.42664,-1.28915,-1.13335,-1.19493,-1.31624,-1.36001,-1.40655,-1.35441,-1.37922,-1.39108,-1.39504,-1.40302,-1.4079,-1.2818,-1.31894,-1.35545,-1.36893,-1.33573,-1.31271,-1.33948,-1.30317,-1.29838,-1.28311,-1.30562,-1.35863,-1.45017,-1.32116,-1.22607,-1.15322
Jun2021,-2.11188,-2.05436,-2.18956,-1.9339,-1.95178,-2.03217,-2.08543,-2.0734,-2.05097,-1.14276,-0.9556,-0.65416,-0.72553,-0.93911,-1.15418,-1.27348,-1.4354,-1.47969,-1.51045,-1.56606,-1.53896,-1.41412,-1.26907,-1.31734,-1.428,-1.46512,-1.50333,-1.44822,-1.46881,-1.47796,-1.47917,-1.48432,-1.48909,-1.36659,-1.40426,-1.43781,-1.44827,-1.4138,-1.38973,-1.41223,-1.37582,-1.37019,-1.35404,-1.37438,-1.42584,-1.51482,-1.39266,-1.29936
Jul2021,-1.43376,-2.05026,-2.06468,-2.20339,-2.03127,-2.04986,-2.11398,-2.13838,-2.11385,-2.07883,-1.30482,-1.11648,-0.83393,-0.892,-1.0722,-1.2545,-1.35129,-1.49194,-1.52953,-1.55575,-1.60477,-1.57988,-1.46344,-1.33347,-1.37581,-1.47725,-1.51068,-1.54482,-1.49246,-1.51124,-1.51947,-1.52006,-1.52384,-1.52984,-1.41451,-1.45521,-1.48841,-1.49776,-1.46248,-1.43668,-1.45531,-1.41898,-1.41316,-1.39715,-1.4161,-1.46553,-1.55228,-1.43525
Aug2021,0.59276,-0.31713,-0.96913,-1.21418,-1.49884,-1.49812,-1.58912,-1.70458,-1.77244,-1.79705,-1.76996,-0.99675,-0.87481,-0.63078,-0.68985,-0.87391,-1.06353,-1.17397,-1.32261,-1.36474,-1.39759,-1.45231,-1.42933,-1.31448,-1.19234,-1.24503,-1.35025,-1.38878,-1.42787,-1.38223,-1.40518,-1.41649,-1.4198,-1.4266,-1.43256,-1.31787,-1.35841,-1.39486,-1.40881,-1.37364,-1.34861,-1.37183,-1.33564,-1.33117,-1.31629,-1.33784,-1.38674,-1.47729
Sep2021,0.55659,0.64295,-0.03515,-0.6192,-0.86267,-1.17974,-1.23572,-1.35112,-1.48789,-1.58264,-1.62802,-1.61507,-0.80785,-0.72049,-0.49842,-0.56504,-0.74973,-0.94279,-1.06137,-1.2162,-1.26177,-1.29844,-1.35844,-1.33321,-1.21928,-1.09634,-1.15404,-1.26246,-1.30572,-1.34921,-1.30705,-1.33207,-1.34513,-1.35127,-1.36055,-1.36746,-1.25314,-1.29511,-1.33506,-1.35031,-1.31632,-1.2918,-1.31716,-1.28144,-1.27749,-1.26272,-1.28609,-1.33688
Oct2021,-0.17326,0.31854,0.46954,-0.11429,-0.61658,-0.8229,-1.1003,-1.16522,-1.27527,-1.40675,-1.50133,-1.55312,-1.55072,-0.78442,-0.70571,-0.49627,-0.5593,-0.73599,-0.92219,-1.03793,-1.18999,-1.23487,-1.27247,-1.33182,-1.30683,-1.19735,-1.07884,-1.1355,-1.2413,-1.28379,-1.32692,-1.28677,-1.31194,-1.32546,-1.33207,-1.34165,-1.34754,-1.23624,-1.27666,-1.31682,-1.33201,-1.29854,-1.2752,-1.30065,-1.26599,-1.26248,-1.24827,-1.27173
Nov2021,-3.21753,-1.60147,-0.5294,-0.04415,-0.5191,-0.94456,-1.10981,-1.33617,-1.36276,-1.44898,-1.5586,-1.63359,-1.67231,-1.66971,-0.9651,-0.87282,-0.6622,-0.71692,-0.87948,-1.04965,-1.15104,-1.29088,-1.33057,-1.36342,-1.41598,-1.39264,-1.28592,-1.17342,-1.22334,-1.32209,-1.3606,-1.39938,-1.3575,-1.38034,-1.39226,-1.39682,-1.40441,-1.40996,-1.30261,-1.34321,-1.38043,-1.39416,-1.35957,-1.33497,-1.35707,-1.32245,-1.31832,-1.30385
Dec2021,-2.34838,-2.68946,-2.22779,-1.27223,-0.50841,-0.85776,-1.21425,-1.34468,-1.52708,-1.5232,-1.58974,-1.68122,-1.74053,-1.76945,-1.76839,-1.1199,-1.01886,-0.80857,-0.8558,-1.00599,-1.16221,-1.25074,-1.37974,-1.41499,-1.44296,-1.48971,-1.46838,-1.36543,-1.25874,-1.30243,-1.39505,-1.42997,-1.46453,-1.42092,-1.44159,-1.45203,-1.4546,-1.46023,-1.46555,-1.36163,-1.40197,-1.43599,-1.44797,-1.41275,-1.38716,-1.40656,-1.37181,-1.36733
Jan2022,-2.96898,-2.66234,-2.81699,-2.6459,-1.85165,-0.91458,-1.15297,-1.45822,-1.57363,-1.72636,-1.70338,-1.75642,-1.8312,-1.87349,-1.89635,-1.90961,-1.29344,-1.19353,-0.98258,-1.02621,-1.16621,-1.31258,-1.38864,-1.50661,-1.53744,-1.55902,-1.60059,-1.58664,-1.49465,-1.4021,-1.44856,-1.54321,-1.57421,-1.60523,-1.55375,-1.56976,-1.57869,-1.58014,-1.583,-1.58901,-1.48893,-1.5371,-1.56743,-1.57523,-1.53978,-1.51334,-1.53144,-1.49715
Feb2022,-1.89941,-2.50998,-2.61324,-2.66681,-2.60568,-2.06428,-1.11642,-1.29321,-1.57224,-1.67566,-1.82008,-1.78635,-1.83274,-1.90098,-1.93767,-1.95532,-1.97002,-1.37064,-1.27012,-1.05856,-1.09898,-1.23274,-1.37183,-1.44131,-1.55436,-1.5828,-1.60177,-1.64063,-1.62695,-1.53702,-1.44851,-1.49186,-1.58246,-1.61101,-1.63974,-1.58722,-1.6018,-1.61004,-1.6106,-1.61285,-1.61907,-1.52104,-1.57057,-1.59885,-1.60687,-1.57098,-1.54379,-1.5603
Mar2022,-1.20554,-1.52339,-1.93141,-2.13651,-2.24728,-2.19706,-1.89001,-1.18104,-1.32184,-1.56398,-1.65092,-1.776,-1.75229,-1.80123,-1.8665,-1.89808,-1.91273,-1.92642,-1.3792,-1.28829,-1.08791,-1.12499,-1.24906,-1.37717,-1.44125,-1.54806,-1.57563,-1.59323,-1.62971,-1.61485,-1.53192,-1.44681,-1.48764,-1.57322,-1.59935,-1.62572,-1.57607,-1.58972,-1.5972,-1.59758,-1.60012,-1.6065,-1.51258,-1.55859,-1.58402,-1.59225,-1.55924,-1.53421
Apr2022,-1.82277,-1.53255,-1.6746,-1.94591,-2.1069,-2.19197,-2.1417,-1.93992,-1.34355,-1.43729,-1.64676,-1.72007,-1.8291,-1.80542,-1.84997,-1.90922,-1.93527,-1.9478,-1.95998,-1.45282,-1.3653,-1.16969,-1.20377,-1.31735,-1.43485,-1.49168,-1.59099,-1.61607,-1.63146,-1.665,-1.64987,-1.56906,-1.48889,-1.52424,-1.60552,-1.62886,-1.65341,-1.60434,-1.61686,-1.62345,-1.62271,-1.62432,-1.63098,-1.54089,-1.58525,-1.6094,-1.6169,-1.58412
May2022,-0.68639,-1.41595,-1.35968,-1.51013,-1.76831,-1.93275,-2.04837,-1.98367,-1.78473,-1.3053,-1.39804,-1.59172,-1.66104,-1.76572,-1.75186,-1.79765,-1.85708,-1.88487,-1.89934,-1.91194,-1.43152,-1.35283,-1.16649,-1.19859,-1.30671,-1.42006,-1.4753,-1.5716,-1.59588,-1.6101,-1.64293,-1.62678,-1.54912,-1.47082,-1.50522,-1.58282,-1.60464,-1.62871,-1.58269,-1.59517,-1.60159,-1.60088,-1.60297,-1.6094,-1.52257,-1.56404,-1.5873,-1.59516
Jun2022,-0.54098,-0.77623,-1.29317,-1.29753,-1.44544,-1.67778,-1.83871,-1.94728,-1.89357,-1.7099,-1.28079,-1.36998,-1.55564,-1.61947,-1.71773,-1.7089,-1.75255,-1.81241,-1.84361,-1.85929,-1.86754,-1.41443,-1.34352,-1.16784,-1.19931,-1.30332,-1.41138,-1.46454,-1.55774,-1.58153,-1.59663,-1.62925,-1.61331,-1.53598,-1.46116,-1.49726,-1.57264,-1.59353,-1.61789,-1.57366,-1.586,-1.59261,-1.59212,-1.59502,-1.60197,-1.51737,-1.55858,-1.58254
Jul2022,-0.64392,-0.72093,-0.83637,-1.20885,-1.24102,-1.38011,-1.60791,-1.7582,-1.86811,-1.80711,-1.62158,-1.25378,-1.34145,-1.51379,-1.57164,-1.65987,-1.65289,-1.69474,-1.75107,-1.78389,-1.80169,-1.80745,-1.38296,-1.32162,-1.15995,-1.19113,-1.28941,-1.39246,-1.4456,-1.53594,-1.55985,-1.57579,-1.6081,-1.59391,-1.52133,-1.45225,-1.49024,-1.56494,-1.58525,-1.60825,-1.56385,-1.57596,-1.58303,-1.5829,-1.58637,-1.5926,-1.50988,-1.55042
Aug2022,0.06925,-0.2806,-0.3853,-0.51286,-0.85639,-0.96166,-1.11261,-1.3452,-1.52074,-1.66059,-1.61207,-1.41498,-1.12596,-1.22906,-1.39793,-1.46454,-1.55811,-1.55801,-1.60373,-1.66099,-1.69913,-1.71815,-1.72817,-1.30787,-1.25357,-1.099,-1.13118,-1.23082,-1.33523,-1.39238,-1.48566,-1.51166,-1.53017,-1.56448,-1.5495,-1.47945,-1.40964,-1.44931,-1.52932,-1.54951,-1.57253,-1.52914,-1.54158,-1.54981,-1.55221,-1.5569,-1.55971,-1.47586
Sep2022,1.26202,0.74014,0.38386,0.21745,0.09749,-0.24907,-0.4243,-0.61407,-0.88566,-1.10757,-1.30048,-1.26662,-1.06149,-0.81715,-0.96076,-1.14803,-1.22394,-1.33341,-1.35087,-1.40617,-1.47333,-1.52157,-1.54945,-1.55419,-1.11643,-1.06309,-0.91311,-0.94981,-1.05808,-1.17275,-1.24108,-1.3419,-1.37205,-1.39508,-1.43538,-1.42008,-1.34995,-1.27637,-1.32181,-1.40638,-1.43101,-1.45773,-1.41768,-1.4327,-1.44256,-1.44736,-1.45511,-1.45908
Oct2022,1.1886,1.40708,0.98738,0.65275,0.48214,0.36762,0.05473,-0.12987,-0.31935,-0.58606,-0.81454,-1.02276,-0.99841,-0.81117,-0.60458,-0.76721,-0.96124,-1.04156,-1.15778,-1.18643,-1.24789,-1.32046,-1.37379,-1.40758,-1.41069,-0.97576,-0.92634,-0.78147,-0.8203,-0.93166,-1.05047,-1.12511,-1.22929,-1.26199,-1.28791,-1.33163,-1.31505,-1.24688,-1.16984,-1.21801,-1.30411,-1.33127,-1.36153,-1.32554,-1.34265,-1.35389,-1.35959,-1.3694
Nov2022,-1.20014,0.69015,1.17913,0.80097,0.48891,0.33413,0.22935,-0.06476,-0.2303,-0.40375,-0.65202,-0.86493,-1.05714,-1.03315,-0.8546,-0.65317,-0.80643,-0.99173,-1.06705,-1.17697,-1.20329,-1.26177,-1.33131,-1.38219,-1.41443,-1.41727,-0.99779,-0.94994,-0.80845,-0.84583,-0.9532,-1.06803,-1.13982,-1.24092,-1.27261,-1.29741,-1.33987,-1.32364,-1.25727,-1.18223,-1.22883,-1.31278,-1.33877,-1.36801,-1.33258,-1.34919,-1.36003,-1.36534
Dec2022,-1.8444,-1.69106,-0.08157,0.81342,0.51431,0.24472,0.11531,0.02143,-0.25119,-0.3932,-0.54837,-0.77412,-0.96603,-1.13906,-1.11449,-0.94252,-0.74203,-0.88184,-1.05648,-1.12658,-1.22935,-1.25074,-1.30514,-1.37064,-1.41764,-1.4472,-1.45031,-1.04651,-0.99975,-0.86011,-0.89517,-0.99814,-1.10791,-1.17568,-1.27306,-1.3033,-1.32639,-1.36679,-1.35098,-1.28613,-1.21346,-1.25757,-1.33836,-1.3627,-1.39021,-1.35506,-1.37046,-1.38085
Jan2023,-2.15465,-2.05573,-1.9109,-0.67141,0.43492,0.23829,0.00753,-0.10276,-0.18476,-0.43659,-0.55918,-0.70194,-0.91036,-1.08496,-1.24536,-1.22628,-1.05291,-0.85753,-0.98944,-1.15975,-1.22503,-1.32354,-1.33891,-1.38796,-1.4498,-1.49192,-1.51909,-1.5277,-1.14028,-1.10045,-0.96294,-0.99924,-1.10085,-1.20939,-1.2726,-1.36699,-1.39642,-1.41925,-1.45799,-1.44265,-1.38044,-1.31234,-1.35417,-1.4326,-1.45796,-1.48607,-1.45022,-1.46711
Feb2023,-1.89338,-2.1182,-2.14889,-2.00309,-1.10073,0.04739,-0.0243,-0.20539,-0.29207,-0.36113,-0.59002,-0.6922,-0.82212,-1.01622,-1.17766,-1.32626,-1.30796,-1.13725,-0.94223,-1.0647,-1.22825,-1.28945,-1.38204,-1.39256,-1.43855,-1.49715,-1.53616,-1.56099,-1.56927,-1.19168,-1.15354,-1.01699,-1.05098,-1.1486,-1.25294,-1.31242,-1.40353,-1.43176,-1.45321,-1.49044,-1.47564,-1.41458,-1.34974,-1.38929,-1.4664,-1.49025,-1.51671,-1.48016
Mar2023,-1.67297,-1.80299,-1.92506,-1.9847,-1.91741,-1.38396,-0.4638,-0.37404,-0.48362,-0.54314,-0.59265,-0.78412,-0.85813,-0.96655,-1.13489,-1.27185,-1.39944,-1.38313,-1.22829,-1.04405,-1.15055,-1.3003,-1.35335,-1.43445,-1.43984,-1.4814,-1.5354,-1.56986,-1.59128,-1.59776,-1.24533,-1.20894,-1.07803,-1.10884,-1.19886,-1.29504,-1.34895,-1.43375,-1.45944,-1.47864,-1.51317,-1.49968,-1.44144,-1.38042,-1.41576,-1.48849,-1.51113,-1.53621
Apr2023,-2.06072,-1.88159,-1.93674,-2.01119,-2.04852,-1.98368,-1.60295,-0.9025,-0.70852,-0.75355,-0.78884,-0.82209,-0.98141,-1.03151,-1.12296,-1.26994,-1.38719,-1.49909,-1.48414,-1.34194,-1.16431,-1.25582,-1.39576,-1.44028,-1.51161,-1.51132,-1.54783,-1.59712,-1.62758,-1.64593,-1.65138,-1.31588,-1.28164,-1.15343,-1.18145,-1.26486,-1.35449,-1.40312,-1.48292,-1.50655,-1.52353,-1.55517,-1.54282,-1.48716,-1.42962,-1.46248,-1.53147,-1.55175
May2023,-2.53896,-2.37497,-2.12128,-2.11654,-2.16056,-2.17269,-2.12114,-1.83314,-1.34038,-1.08866,-1.07055,-1.08595,-1.10309,-1.22819,-1.25341,-1.32589,-1.44905,-1.54395,-1.63647,-1.62686,-1.49675,-1.33066,-1.40221,-1.5266,-1.56162,-1.62258,-1.61459,-1.6455,-1.68843,-1.71169,-1.72564,-1.73041,-1.41821,-1.38717,-1.26352,-1.28727,-1.36165,-1.44224,-1.48366,-1.55653,-1.57723,-1.59087,-1.61864,-1.6076,-1.55513,-1.50353,-1.53239,-1.59658
Jun2023,-1.53419,-2.3413,-2.41146,-2.1924,-2.15561,-2.16824,-2.18435,-2.12477,-1.88557,-1.48177,-1.2307,-1.19552,-1.20738,-1.21838,-1.32538,-1.34144,-1.40345,-1.51393,-1.59807,-1.68109,-1.67117,-1.5529,-1.39923,-1.46258,-1.57955,-1.61092,-1.66543,-1.65419,-1.68237,-1.72219,-1.74445,-1.75693,-1.76199,-1.4609,-1.43357,-1.31441,-1.33574,-1.40564,-1.48242,-1.52103,-1.59076,-1.61045,-1.62281,-1.64962,-1.63977,-1.58989,-1.54129,-1.56956
Jul2023,-0.15446,-0.94592,-1.75844,-1.99224,-1.97286,-1.99522,-2.02591,-2.03532,-1.98285,-1.72716,-1.33238,-1.13467,-1.1161,-1.13185,-1.1429,-1.24377,-1.26282,-1.32275,-1.42855,-1.51174,-1.59473,-1.58314,-1.46952,-1.3317,-1.39894,-1.51205,-1.54523,-1.60062,-1.59578,-1.62553,-1.66621,-1.69085,-1.70496,-1.71096,-1.41888,-1.39455,-1.28014,-1.30212,-1.37169,-1.44769,-1.48637,-1.55598,-1.57646,-1.58972,-1.61759,-1.60698,-1.55802,-1.50888
Aug2023,-0.68588,-0.56536,-0.96935,-1.57064,-1.81436,-1.84332,-1.88936,-1.93177,-1.94746,-1.91876,-1.69265,-1.33835,-1.17304,-1.15703,-1.16857,-1.182,-1.27537,-1.29073,-1.34748,-1.44588,-1.52531,-1.60243,-1.59656,-1.48493,-1.35772,-1.42439,-1.53293,-1.56561,-1.61886,-1.61489,-1.6455,-1.68644,-1.71323,-1.72655,-1.73206,-1.44413,-1.42263,-1.30746,-1.33071,-1.39843,-1.47233,-1.51014,-1.57892,-1.59972,-1.61457,-1.64275,-1.6282,-1.57965
Sep2023,-0.65656,-0.87422,-0.72963,-1.05468,-1.57589,-1.82677,-1.86344,-1.90745,-1.95071,-1.9754,-1.94846,-1.72709,-1.36298,-1.2083,-1.19277,-1.20423,-1.21579,-1.30563,-1.31824,-1.37298,-1.46924,-1.54906,-1.62526,-1.61784,-1.50388,-1.37827,-1.44257,-1.5501,-1.58479,-1.63847,-1.63424,-1.66454,-1.70579,-1.73055,-1.74378,-1.75061,-1.46398,-1.44651,-1.33291,-1.35576,-1.42231,-1.49405,-1.53002,-1.59799,-1.61843,-1.63438,-1.66298,-1.64911
Oct2023,-0.59656,-0.82202,-0.93979,-0.8062,-1.07674,-1.51622,-1.73338,-1.78666,-1.83377,-1.88295,-1.91211,-1.89869,-1.70237,-1.35508,-1.21408,-1.20178,-1.2138,-1.22383,-1.30934,-1.32033,-1.37396,-1.46762,-1.5452,-1.61945,-1.61153,-1.5019,-1.38212,-1.44519,-1.54916,-1.58197,-1.63416,-1.63085,-1.66096,-1.70236,-1.72556,-1.73879,-1.74347,-1.46328,-1.44527,-1.33453,-1.3568,-1.42123,-1.49174,-1.52675,-1.59367,-1.61407,-1.62922,-1.65783
Nov2023,-2.54992,-1.58536,-1.43028,-1.24313,-1.04992,-1.27185,-1.65036,-1.8327,-1.86271,-1.90132,-1.94204,-1.96162,-1.9455,-1.76524,-1.44494,-1.30652,-1.28726,-1.29639,-1.30272,-1.37964,-1.38544,-1.43415,-1.52128,-1.59247,-1.66088,-1.65402,-1.54822,-1.43584,-1.49371,-1.59175,-1.62228,-1.67117,-1.66587,-1.69431,-1.73366,-1.75478,-1.76668,-1.77142,-1.50156,-1.48564,-1.37741,-1.39839,-1.45918,-1.52615,-1.55855,-1.62283,-1.64213,-1.65625
Dec2023,-1.95973,-2.23034,-1.93471,-1.82438,-1.44366,-1.22513,-1.41356,-1.74476,-1.89702,-1.90891,-1.93953,-1.97416,-1.98898,-1.97161,-1.80586,-1.50894,-1.3753,-1.35091,-1.35763,-1.36172,-1.43258,-1.4338,-1.47851,-1.5606,-1.62644,-1.69046,-1.68482,-1.5838,-1.4777,-1.53115,-1.62464,-1.65296,-1.69874,-1.69175,-1.71869,-1.75633,-1.77561,-1.78619,-1.7907,-1.5291,-1.51411,-1.40782,-1.42728,-1.48518,-1.54907,-1.57982,-1.64124,-1.65986
Jan2024,-2.91363,-2.43064,-2.5067,-2.40948,-2.29851,-1.71458,-1.46379,-1.6256,-1.9248,-2.05436,-2.04983,-2.07165,-2.0949,-2.09656,-2.07773,-1.93967,-1.65126,-1.52838,-1.49675,-1.50334,-1.50294,-1.56799,-1.56012,-1.59722,-1.67295,-1.72996,-1.7882,-1.7904,-1.70266,-1.61453,-1.67276,-1.76981,-1.79406,-1.83642,-1.82035,-1.84186,-1.87781,-1.89595,-1.90338,-1.90935,-1.65335,-1.64744,-1.5364,-1.55185,-1.61009,-1.67401,-1.7039,-1.76732
Feb2024,-2.55863,-2.85154,-2.67675,-2.62504,-2.66322,-2.76562,-2.0113,-1.71004,-1.84776,-2.11454,-2.23214,-2.2038,-2.21433,-2.2281,-2.22006,-2.19404,-2.0676,-1.7912,-1.66719,-1.62337,-1.62552,-1.6213,-1.67789,-1.6617,-1.69378,-1.76337,-1.81374,-1.86628,-1.86936,-1.78435,-1.70356,-1.75612,-1.847,-1.86745,-1.90536,-1.88524,-1.90402,-1.93769,-1.95317,-1.95886,-1.9657,-1.7178,-1.71672,-1.60629,-1.62098,-1.67565,-1.73571,-1.76214
Mar2024,-1.68981,-2.08677,-2.301,-2.31619,-2.32664,-2.36273,-2.54322,-2.0634,-1.78347,-1.89411,-2.11709,-2.21197,-2.19115,-2.20848,-2.22231,-2.20926,-2.18103,-2.06928,-1.82601,-1.71662,-1.67159,-1.67237,-1.66342,-1.71012,-1.69119,-1.72041,-1.78522,-1.83067,-1.87829,-1.8795,-1.80265,-1.72668,-1.77471,-1.85882,-1.87604,-1.90945,-1.88947,-1.90627,-1.93709,-1.95098,-1.95629,-1.96364,-1.72902,-1.72815,-1.62182,-1.63581,-1.68796,-1.74527
Apr2024,-2.47389,-2.09341,-2.26398,-2.3928,-2.40031,-2.38273,-2.40894,-2.62793,-2.25026,-1.96819,-2.05745,-2.24444,-2.32121,-2.29565,-2.30872,-2.31772,-2.29794,-2.26791,-2.16809,-1.95278,-1.85055,-1.79663,-1.79708,-1.78014,-1.81589,-1.78992,-1.81314,-1.87112,-1.91045,-1.95237,-1.9536,-1.87876,-1.81172,-1.8506,-1.92866,-1.94181,-1.97147,-1.94888,-1.96339,-1.99138,-2.00156,-2.00477,-2.01297,-1.79088,-1.79253,-1.69051,-1.70272,-1.75016
May2024,-2.54701,-2.58728,-2.26174,-2.34805,-2.44496,-2.44244,-2.44148,-2.44902,-2.63994,-2.34685,-2.08907,-2.16159,-2.32047,-2.38583,-2.35964,-2.37108,-2.37807,-2.35483,-2.32444,-2.24171,-2.04797,-1.95865,-1.89962,-1.89604,-1.87445,-1.90376,-1.87269,-1.89178,-1.94299,-1.97329,-2.00938,-2.0104,-1.93975,-1.87981,-1.91329,-1.98328,-1.99221,-2.01765,-1.99355,-2.00595,-2.03082,-2.03741,-2.03903,-2.04783,-1.84001,-1.84411,-1.74714,-1.75823
Jun2024,-2.39086,-2.70832,-2.82612,-2.47389,-2.47948,-2.5168,-2.51904,-2.49164,-2.52022,-2.7494,-2.43623,-2.18116,-2.25555,-2.38807,-2.44016,-2.40971,-2.41579,-2.42489,-2.40729,-2.37657,-2.30059,-2.12921,-2.04699,-1.98842,-1.98638,-1.963,-1.98533,-1.94916,-1.96476,-2.01061,-2.03881,-2.07075,-2.07364,-2.00441,-1.95468,-1.98906,-2.05279,-2.05781,-2.08065,-2.05492,-2.06532,-2.08864,-2.09292,-2.09384,-2.10452,-1.90597,-1.91388,-1.81971
Jul2024,0.45797,-1.11414,-1.86399,-2.23737,-2.16089,-2.26711,-2.33767,-2.32945,-2.31598,-2.30412,-2.40854,-2.1714,-1.99147,-2.06322,-2.19443,-2.24429,-2.22726,-2.24031,-2.2524,-2.24716,-2.22534,-2.14408,-1.96978,-1.90268,-1.86322,-1.86136,-1.84533,-1.87288,-1.84805,-1.8676,-1.91612,-1.94974,-1.98487,-1.98827,-1.92358,-1.87714,-1.91845,-1.98527,-1.99208,-2.01552,-1.99133,-2.00315,-2.02861,-2.03419,-2.03761,-2.04636,-1.84706,-1.85206
Aug2024,-0.65009,-0.28275,-1.05153,-1.6374,-2.01123,-1.99952,-2.13221,-2.22083,-2.21392,-2.22662,-2.21938,-2.22886,-2.09835,-1.96001,-2.03568,-2.17519,-2.22855,-2.20992,-2.22392,-2.23343,-2.23418,-2.20924,-2.13861,-1.96008,-1.90783,-1.8771,-1.87206,-1.85704,-1.8835,-1.86128,-1.88301,-1.93279,-1.97186,-2.00673,-2.00798,-1.94801,-1.90624,-1.94898,-2.02227,-2.02471,-2.04477,-2.01957,-2.02989,-2.05647,-2.06781,-2.07172,-2.07366,-1.87033
Sep2024,1.53378,0.52217,0.56723,-0.15215,-0.78129,-1.28975,-1.43526,-1.64868,-1.79867,-1.85249,-1.91215,-1.92016,-1.90205,-1.82395,-1.69949,-1.78113,-1.93871,-2.01176,-2.01674,-2.03944,-2.05753,-2.07062,-2.05187,-1.95835,-1.76345,-1.71148,-1.68701,-1.68612,-1.67862,-1.7152,-1.70249,-1.72935,-1.78645,-1.82857,-1.87127,-1.87095,-1.80755,-1.7575,-1.80722,-1.88626,-1.89392,-1.91879,-1.89842,-1.91213,-1.94168,-1.9607,-1.96893,-1.97113
Oct2024,1.54121,1.72377,0.9889,0.94538,0.32022,-0.24241,-0.74374,-0.9635,-1.21221,-1.39258,-1.47797,-1.57123,-1.59095,-1.58052,-1.55386,-1.45829,-1.55153,-1.72117,-1.80433,-1.82604,-1.8579,-1.88259,-1.89745,-1.8856,-1.7823,-1.58947,-1.53939,-1.52404,-1.52477,-1.51984,-1.56241,-1.55836,-1.58929,-1.65125,-1.69767,-1.74587,-1.74163,-1.67942,-1.61959,-1.67312,-1.75463,-1.76555,-1.79571,-1.78105,-1.79788,-1.82975,-1.8499,-1.86149
Nov2024,-2.23667,0.77649,1.39476,0.66958,0.66466,0.06108,-0.46339,-0.9121,-1.09274,-1.31236,-1.47302,-1.5461,-1.62735,-1.64448,-1.63482,-1.60848,-1.5133,-1.59998,-1.75797,-1.83352,-1.85191,-1.88073,-1.90338,-1.91483,-1.90265,-1.80529,-1.6206,-1.57498,-1.55855,-1.55816,-1.55276,-1.5928,-1.58718,-1.6166,-1.67598,-1.71982,-1.76573,-1.7618,-1.70224,-1.6457,-1.6969,-1.77569,-1.7848,-1.81318,-1.79804,-1.81407,-1.84465,-1.86384
Dec2024,-1.63771,-1.92521,0.14019,1.11287,0.43051,0.46309,-0.10852,-0.5988,-1.00664,-1.16196,-1.3608,-1.50729,-1.57272,-1.64669,-1.66267,-1.65542,-1.6333,-1.53963,-1.62152,-1.77168,-1.84316,-1.85849,-1.8852,-1.90705,-1.91655,-1.90463,-1.81162,-1.63476,-1.59296,-1.57554,-1.57438,-1.56839,-1.60634,-1.59981,-1.6281,-1.68564,-1.72761,-1.7718,-1.76776,-1.70985,-1.65449,-1.70305,-1.77876,-1.7873,-1.81447,-1.80011,-1.81494,-1.84484
Jan2025,-1.83717,-1.80691,-1.97476,-0.35405,0.82746,0.20564,0.26543,-0.27855,-0.74006,-1.11733,-1.25687,-1.44294,-1.57725,-1.63325,-1.7035,-1.72915,-1.71318,-1.70539,-1.61263,-1.69448,-1.83822,-1.90811,-1.91746,-1.93815,-1.95819,-1.96223,-1.94994,-1.8669,-1.70542,-1.67953,-1.66992,-1.67333,-1.66449,-1.70104,-1.68817,-1.71257,-1.7696,-1.81199,-1.8545,-1.85151,-1.79813,-1.75068,-1.79663,-1.86921,-1.87986,-1.90878,-1.89488,-1.91248
Feb2025,-1.23509,-1.5917,-1.72886,-1.87091,-0.59726,0.61886,0.07166,0.15013,-0.36186,-0.79946,-1.15961,-1.29019,-1.4704,-1.60063,-1.65431,-1.72142,-1.74691,-1.73225,-1.72782,-1.63269,-1.71116,-1.85172,-1.91825,-1.92566,-1.9457,-1.9648,-1.96789,-1.95535,-1.87234,-1.71382,-1.68965,-1.67933,-1.68122,-1.67159,-1.70697,-1.69358,-1.71714,-1.77322,-1.81488,-1.85707,-1.85445,-1.8018,-1.75648,-1.80086,-1.87377,-1.88418,-1.91236,-1.8984
Mar2025,-1.33435,-1.34467,-1.50314,-1.59858,-1.71862,-0.89734,0.22495,-0.17158,-0.06507,-0.51754,-0.89939,-1.21202,-1.32424,-1.48779,-1.60653,-1.65176,-1.71079,-1.73475,-1.72762,-1.73059,-1.641,-1.71451,-1.84222,-1.89954,-1.90572,-1.9257,-1.94512,-1.94821,-1.93603,-1.85509,-1.70819,-1.68406,-1.67401,-1.67521,-1.66491,-1.69722,-1.68448,-1.70647,-1.75918,-1.79857,-1.83912,-1.83721,-1.78641,-1.74215,-1.78237,-1.85224,-1.86393,-1.89232
Apr2025,-2.20045,-1.79186,-1.73287,-1.79353,-1.82378,-1.87717,-1.31857,-0.37266,-0.57511,-0.42001,-0.80048,-1.12471,-1.38859,-1.47383,-1.61562,-1.71853,-1.75239,-1.80217,-1.82505,-1.82348,-1.8263,-1.73342,-1.80302,-1.91572,-1.96312,-1.96307,-1.97885,-1.9956,-1.99685,-1.98368,-1.90645,-1.76511,-1.74516,-1.73043,-1.73076,-1.7186,-1.74779,-1.73291,-1.75278,-1.80206,-1.83756,-1.87485,-1.87392,-1.82567,-1.78476,-1.8228,-1.88896,-1.8986
May2025,-1.70057,-2.06981,-1.81727,-1.7657,-1.81423,-1.83578,-1.88784,-1.43251,-0.67383,-0.7836,-0.61578,-0.94499,-1.22728,-1.45887,-1.53127,-1.65922,-1.75305,-1.78207,-1.8268,-1.85111,-1.8497,-1.85771,-1.76769,-1.83042,-1.93302,-1.97755,-1.97562,-1.99037,-2.00527,-2.00257,-1.98943,-1.91513,-1.78089,-1.76179,-1.7471,-1.74603,-1.73275,-1.75959,-1.74466,-1.7632,-1.80941,-1.84188,-1.87699,-1.87652,-1.83048,-1.79173,-1.82743,-1.89074
